id,data_inversa,dia_semana,horario,uf,br,km,municipio,causa_acidente,tipo_acidente,classificacao_acidente,fase_dia,sentido_via,condicao_metereologica,tipo_pista,tracado_via,uso_solo,pessoas,mortos,feridos_leves,feridos_graves,ilesos,ignorados,feridos,veiculos,latitude,longitude,regional,delegacia,uop
533198,2023-07-02,domingo,10:00:00,PA,163,483,ITAITUBA,Transitar na contramão,Colisão lateral sentido oposto,Com Vítimas Feridas,Pleno dia,Crescente,Sol,Simples,Reta;Declive,Não,6,0,3,0,2,3,3,5,"-5,64390419","-55,79045435",SPRF-PA,DEL05-PA,UOP02-DEL05-PA
534057,2023-07-06,quinta-feira,06:30:00,PA,163,671,ITAITUBA,Demais falhas mecânicas ou elétricas,Incêndio,Sem Vítimas,Amanhecer,Crescente,Céu Claro,Simples,Aclive;Reta,Não,2,0,0,0,1,1,0,2,"-4,37670802","-55,78596133",SPRF-PA,DEL05-PA,UOP02-DEL05-PA
534439,2023-07-08,sábado,08:15:00,PA,10,221,IPIXUNA DO PARA,Ausência de reação do condutor,Colisão frontal,Sem Vítimas,Pleno dia,Crescente,Céu Claro,Simples,Curva,Não,3,0,0,0,2,1,0,3,"-2,49604797","-47,50976192",SPRF-PA,DEL02-PA,UOP01-DEL02-PA
534580,2023-07-08,sábado,16:29:00,PA,230,1121,ITAITUBA,Transitar na contramão,Colisão frontal,Com Vítimas Fatais,Pleno dia,Decrescente,Céu Claro,Simples,Curva;Declive,Não,3,1,0,0,0,4,0,5,"-4,3739758","-55,84671907",SPRF-PA,DEL05-PA,UOP02-DEL05-PA
534696,2023-07-09,domingo,06:40:00,PA,316,253,CACHOEIRA DO PIRIA,Reação tardia ou ineficiente do condutor,Colisão lateral sentido oposto,Com Vítimas Feridas,Amanhecer,Crescente,Céu Claro,Simples,Reta,Não,3,0,1,0,1,1,1,3,"-1,79090343","-46,49073217",SPRF-PA,DEL01-PA,UOP04-DEL01-PA
534739,2023-07-09,domingo,11:20:00,PA,163,645,TRAIRAO,Ausência de reação do condutor,Tombamento,Com Vítimas Fatais,Pleno dia,Crescente,Sol,Simples,Reta,Não,3,1,0,0,1,2,0,4,"-4,54943296","-55,91568806",SPRF-PA,DEL05-PA,UOP02-DEL05-PA
534775,2023-07-08,sábado,05:19:00,PA,163,503,TRAIRAO,Ausência de reação do condutor,Incêndio,Com Vítimas Feridas,Amanhecer,Decrescente,Céu Claro,Simples,Curva,Não,1,0,1,0,0,0,1,1,"-5,48173796","-55,8445319",SPRF-PA,DEL05-PA,UOP02-DEL05-PA
535216,2023-07-11,terça-feira,15:00:00,PA,163,406,ITAITUBA,Demais falhas mecânicas ou elétricas,Incêndio,Sem Vítimas,Pleno dia,Decrescente,Nublado,Simples,Reta,Não,2,0,0,0,1,2,0,3,"-6,25402826","-55,61310615",SPRF-PA,DEL05-PA,UOP02-DEL05-PA
535446,2023-07-12,quarta-feira,18:30:00,PA,163,989,SANTAREM,Ausência de reação do condutor,Colisão lateral sentido oposto,Com Vítimas Fatais,Anoitecer,Decrescente,Céu Claro,Simples,Reta,Não,4,1,0,0,1,2,0,4,"-2,565797","-54,721375",SPRF-PA,DEL05-PA,UOP01-DEL05-PA
535508,2023-07-13,quinta-feira,09:30:00,PA,230,120,MARABA,Reação tardia ou ineficiente do condutor,Engavetamento,Com Vítimas Feridas,Pleno dia,Decrescente,Céu Claro,Dupla,Reta,Sim,5,0,1,0,4,0,1,4,"-5,35038318","-49,11434",SPRF-PA,DEL03-PA,UOP01-DEL03-PA
535555,2023-07-12,quarta-feira,17:00:00,PA,163,680,ITAITUBA,Demais falhas na via,Tombamento,Com Vítimas Feridas,Pleno dia,Decrescente,Céu Claro,Simples,Reta,Não,2,0,1,0,0,3,1,4,"-4,32146019","-55,74220292",SPRF-PA,DEL05-PA,UOP02-DEL05-PA
535599,2023-07-13,quinta-feira,17:15:00,PA,155,344,MARABA,Entrada inopinada do pedestre,Atropelamento de Pedestre,Com Vítimas Fatais,Pleno dia,Crescente,Céu Claro,Simples,Reta,Sim,2,1,0,0,0,1,0,2,"-5,36957395","-49,07796968",SPRF-PA,DEL03-PA,UOP01-DEL03-PA
536296,2023-07-16,domingo,10:30:00,PA,155,225,ELDORADO DO CARAJAS,Afundamento ou ondulação no pavimento,Saída de leito carroçável,Com Vítimas Feridas,Pleno dia,Crescente,Céu Claro,Simples,Reta,Não,8,0,5,0,2,1,5,4,"-6,31621","-49,368168",SPRF-PA,DEL03-PA,UOP01-DEL03-PA
536648,2023-06-20,terça-feira,15:13:00,PA,163,418,ITAITUBA,Pista Escorregadia,Colisão frontal,Com Vítimas Fatais,Pleno dia,Crescente,Céu Claro,Simples,Declive;Curva,Não,3,1,0,0,1,3,0,5,"-6,15318995","-55,63266175",SPRF-PA,DEL05-PA,UOP02-DEL05-PA
537025,2023-07-13,quinta-feira,17:08:00,PA,155,321,MARABA,Transitar na contramão,Colisão frontal,Sem Vítimas,Pleno dia,Decrescente,Céu Claro,Simples,Curva,Não,2,0,0,0,1,1,0,2,"-5,56653113","-49,0769657",SPRF-PA,DEL03-PA,UOP01-DEL03-PA
537150,2023-05-28,domingo,05:50:00,PA,10,265,AURORA DO PARA,Manobra de mudança de faixa,Colisão lateral sentido oposto,Com Vítimas Fatais,Amanhecer,Crescente,Céu Claro,Simples,Declive,Não,4,2,0,0,1,1,0,3,"-2,114226","-47,560364",SPRF-PA,DEL02-PA,UOP01-DEL02-PA
537314,2023-07-21,sexta-feira,22:05:00,PA,10,264,AURORA DO PARA,Iluminação deficiente,Colisão traseira,Com Vítimas Feridas,Plena Noite,Decrescente,Ignorado,Simples,Reta,Sim,3,0,0,1,1,1,1,3,"-2,12325701","-47,56058366",SPRF-PA,DEL02-PA,UOP01-DEL02-PA
537429,2023-07-22,sábado,04:00:00,PA,163,889,BELTERRA,Pedestre andava na pista,Atropelamento de Pedestre,Com Vítimas Fatais,Plena Noite,Decrescente,Céu Claro,Simples,Reta,Não,2,1,0,0,0,1,0,2,"-3,33323793","-54,92965769",SPRF-PA,DEL05-PA,UOP01-DEL05-PA
538125,2023-07-25,terça-feira,17:40:00,PA,155,343,MARABA,Acessar a via sem observar a presença dos outros veículos,Colisão transversal,Com Vítimas Feridas,Anoitecer,Decrescente,Céu Claro,Simples,Declive;Interseção de Vias;Reta,Sim,2,0,1,0,1,0,1,2,"-5,36957395","-49,07796968",SPRF-PA,DEL03-PA,UOP01-DEL03-PA
538345,2023-07-26,quarta-feira,17:20:00,PA,10,70,ULIANOPOLIS,Condutor deixou de manter distância do veículo da frente,Colisão traseira,Com Vítimas Feridas,Pleno dia,Decrescente,Céu Claro,Simples,Reta;Aclive,Não,9,0,7,0,1,1,7,4,"-3,833287","-47,515775",SPRF-PA,DEL02-PA,UOP02-DEL02-PA
538394,2023-07-26,quarta-feira,16:30:00,PA,155,340,MARABA,Demais falhas mecânicas ou elétricas,Incêndio,Sem Vítimas,Pleno dia,Crescente,Céu Claro,Simples,Reta,Não,3,0,0,0,2,2,0,3,"-5,396032","-49,077478",SPRF-PA,DEL03-PA,UOP01-DEL03-PA
538552,2023-06-13,terça-feira,17:45:00,PA,230,1110,ITAITUBA,Ultrapassagem Indevida,Colisão lateral sentido oposto,Com Vítimas Feridas,Pleno dia,Crescente,Céu Claro,Simples,Curva,Não,3,0,0,1,1,5,1,7,"-4,394221","-55,894403",SPRF-PA,DEL05-PA,UOP02-DEL05-PA
538589,2023-07-28,sexta-feira,00:10:00,PA,316,"54,7",CASTANHAL,Ausência de reação do condutor,Colisão transversal,Com Vítimas Fatais,Plena Noite,Crescente,Céu Claro,Dupla,Retorno Regulamentado;Reta,Não,20,2,4,0,13,1,4,3,"-1,30608532","-48,00803597",SPRF-PA,DEL01-PA,UOP01-DEL01-PA
538592,2023-07-28,sexta-feira,00:30:00,PA,316,64,CASTANHAL,Pedestre cruzava a pista fora da faixa,Atropelamento de Pedestre,Com Vítimas Fatais,Plena Noite,Crescente,Céu Claro,Dupla,Reta,Sim,2,1,0,0,1,0,0,2,"-1,29629557","-47,91983997",SPRF-PA,DEL01-PA,UOP01-DEL01-PA
538837,2023-05-01,segunda-feira,22:50:00,PA,10,20,DOM ELISEU,Condutor deixou de manter distância do veículo da frente,Colisão traseira,Com Vítimas Feridas,Plena Noite,Decrescente,Chuva,Simples,Aclive;Reta,Não,31,0,28,2,1,0,30,2,"-4,27528701","-47,5594881",SPRF-PA,DEL02-PA,UOP02-DEL02-PA
539117,2023-07-29,sábado,21:00:00,PA,10,46,ULIANOPOLIS,Ausência de reação do condutor,Colisão lateral sentido oposto,Com Vítimas Fatais,Plena Noite,Crescente,Céu Claro,Simples,Reta,Não,4,1,0,0,1,2,0,4,"-4,046299","-47,54474",SPRF-PA,DEL02-PA,UOP02-DEL02-PA
539121,2023-07-30,domingo,02:00:00,PA,10,309,IRITUIA,Pedestre andava na pista,Atropelamento de Pedestre,Com Vítimas Feridas,Plena Noite,Crescente,Céu Claro,Simples,Reta,Não,2,0,0,1,0,1,1,2,"-1,72948399","-47,50308232",SPRF-PA,DEL01-PA,UOP02-DEL01-PA
539125,2023-07-30,domingo,07:23:00,PA,230,111,MARABA,Manobra de mudança de faixa,Colisão frontal,Com Vítimas Fatais,Pleno dia,Decrescente,Céu Claro,Simples,Reta,Não,3,1,0,0,1,1,0,3,"-5,37139594","-49,04004698",SPRF-PA,DEL03-PA,UOP01-DEL03-PA
539154,2023-07-29,sábado,23:46:00,PA,10,47,ULIANOPOLIS,Ingestão de álcool pelo condutor,Colisão frontal,Com Vítimas Feridas,Pleno dia,Crescente,Céu Claro,Simples,Reta,Não,4,0,1,0,1,2,1,4,"-4,037293","-47,54463",SPRF-PA,DEL02-PA,UOP02-DEL02-PA
539276,2023-07-30,domingo,07:20:00,PA,230,1113,ITAITUBA,Reação tardia ou ineficiente do condutor,Tombamento,Com Vítimas Feridas,Pleno dia,Crescente,Céu Claro,Simples,Reta,Não,2,0,1,0,0,2,1,3,"-4,34481903","-55,78267997",SPRF-PA,DEL05-PA,UOP02-DEL05-PA
539818,2023-08-02,quarta-feira,12:55:00,PA,10,176,PARAGOMINAS,Ausência de reação do condutor,Tombamento,Sem Vítimas,Pleno dia,Crescente,Céu Claro,Simples,Rotatória,Não,1,0,0,0,0,1,0,1,"-2,89433295","-47,4335408",SPRF-PA,DEL02-PA,UOP01-DEL02-PA
540118,2023-08-04,sexta-feira,07:30:00,PA,316,"35,7",SANTA IZABEL DO PARA,Acessar a via sem observar a presença dos outros veículos,Colisão transversal,Sem Vítimas,Pleno dia,Decrescente,Céu Claro,Dupla,Retorno Regulamentado;Reta,Sim,2,0,0,0,1,1,0,2,"-1,29146197","-48,164561",SPRF-PA,DEL01-PA,UOP01-DEL01-PA
540165,2023-07-27,quinta-feira,11:18:00,PA,163,205,NOVO PROGRESSO,Ultrapassagem Indevida,Colisão frontal,Sem Vítimas,Pleno dia,Crescente,Céu Claro,Simples,Declive,Não,4,0,0,0,1,5,0,5,"-7,91160412","-55,16976133",SPRF-PA,DEL05-PA,UOP02-DEL05-PA
540734,2023-08-06,domingo,21:00:00,PA,316,93,SAO FRANCISCO DO PARA,Reação tardia ou ineficiente do condutor,Colisão lateral mesmo sentido,Com Vítimas Feridas,Plena Noite,Decrescente,Céu Claro,Simples,Declive,Não,5,0,2,0,2,1,2,3,"-1,32412974","-47,66551295",SPRF-PA,DEL01-PA,UOP02-DEL01-PA
541019,2023-07-06,quinta-feira,09:52:00,PA,163,306,NOVO PROGRESSO,Transitar na contramão,Colisão frontal,Com Vítimas Fatais,Pleno dia,Decrescente,Céu Claro,Simples,Aclive;Reta,Não,4,1,0,0,2,6,0,9,"-7,080094","-55,406313",SPRF-PA,DEL05-PA,UOP02-DEL05-PA
541084,2023-08-08,terça-feira,18:00:00,PA,163,985,SANTAREM,Ingestão de álcool pelo condutor,Derramamento de carga,Sem Vítimas,Anoitecer,Decrescente,Céu Claro,Simples,Reta,Não,2,0,0,0,1,1,0,2,"-2,60170904","-54,7193154",SPRF-PA,DEL05-PA,UOP01-DEL05-PA
541209,2023-08-09,quarta-feira,00:00:00,PA,316,129,NOVA TIMBOTEUA,Ausência de reação do condutor,Colisão traseira,Com Vítimas Fatais,Plena Noite,Decrescente,Céu Claro,Simples,Aclive,Não,3,1,1,0,0,3,1,5,"-1,28952438","-47,36018382",SPRF-PA,DEL01-PA,UOP03-DEL01-PA
541423,2023-07-25,terça-feira,18:10:00,PA,163,"617,7",TRAIRAO,Demais falhas mecânicas ou elétricas,Eventos atípicos,Com Vítimas Feridas,Pleno dia,Decrescente,Céu Claro,Simples,Curva;Aclive,Não,3,0,1,0,1,5,1,7,"-4,73795095","-56,05091106",SPRF-PA,DEL05-PA,UOP02-DEL05-PA
541825,2023-08-12,sábado,08:00:00,PA,316,"31,2",SANTA IZABEL DO PARA,Ingestão de álcool pelo condutor,Colisão lateral mesmo sentido,Com Vítimas Feridas,Pleno dia,Crescente,Céu Claro,Dupla,Curva,Não,2,0,1,0,1,0,1,2,"-1,3025866","-48,1965672",SPRF-PA,DEL01-PA,UOP01-DEL01-PA
541832,2023-08-12,sábado,09:05:00,PA,230,1116,ITAITUBA,Reação tardia ou ineficiente do condutor,Colisão lateral sentido oposto,Com Vítimas Fatais,Pleno dia,Crescente,Sol,Simples,Aclive;Reta,Não,3,1,0,1,0,2,1,4,"-4,35698041","-55,80607483",SPRF-PA,DEL05-PA,UOP02-DEL05-PA
542208,2023-08-13,domingo,13:30:00,PA,163,669,ITAITUBA,Velocidade Incompatível,Colisão lateral sentido oposto,Com Vítimas Feridas,Pleno dia,Crescente,Céu Claro,Simples,Aclive;Reta,Não,4,0,0,1,2,6,1,9,"-4,39405178","-55,79024037",SPRF-PA,DEL05-PA,UOP02-DEL05-PA
542245,2023-08-14,segunda-feira,02:00:00,PA,316,"60,8",CASTANHAL,Transitar na contramão,Colisão lateral sentido oposto,Com Vítimas Feridas,Pleno dia,Crescente,Céu Claro,Dupla,Curva,Sim,3,0,0,1,2,0,1,2,"-1,29772957","-47,95528793",SPRF-PA,DEL01-PA,UOP01-DEL01-PA
542342,2023-08-14,segunda-feira,09:30:00,PA,230,"125,8",MARABA,Reação tardia ou ineficiente do condutor,Colisão traseira,Sem Vítimas,Pleno dia,Decrescente,Céu Claro,Simples,Reta,Não,3,0,0,0,3,0,0,2,"-5,373326","-49,167191",SPRF-PA,DEL03-PA,UOP01-DEL03-PA
542622,2023-08-16,quarta-feira,04:30:00,PA,10,"0,2",DOM ELISEU,Manobra de mudança de faixa,Colisão frontal,Com Vítimas Feridas,Plena Noite,Decrescente,Céu Claro,Simples,Declive;Reta,Não,3,0,0,1,1,1,1,2,"-4,443492","-47,532508",SPRF-PA,DEL02-PA,UOP02-DEL02-PA
542860,2023-02-04,sábado,21:00:00,PA,163,54,NOVO PROGRESSO,Transitar na contramão,Colisão frontal,Com Vítimas Fatais,Plena Noite,Decrescente,Nublado,Simples,Reta,Não,2,1,0,0,0,1,0,2,"-9,12540379","-54,91160756",SPRF-PA,DEL05-PA,UOP02-DEL05-PA
542973,2023-08-17,quinta-feira,19:00:00,PA,163,571,TRAIRAO,Ingestão de álcool pelo condutor,Colisão frontal,Com Vítimas Fatais,Plena Noite,Crescente,Céu Claro,Simples,Aclive;Reta,Não,5,1,0,0,3,2,0,4,"-5,04900585","-56,17760981",SPRF-PA,DEL05-PA,UOP02-DEL05-PA
543225,2023-08-18,sexta-feira,19:16:00,PA,163,591,TRAIRAO,Manobra de mudança de faixa,Colisão transversal,Com Vítimas Feridas,Plena Noite,Crescente,Céu Claro,Simples,Curva,Não,4,0,3,0,0,1,3,2,"-4,90250197","-56,18616339",SPRF-PA,DEL05-PA,UOP02-DEL05-PA
544318,2023-08-24,quinta-feira,15:10:00,PA,163,469,ITAITUBA,Ultrapassagem Indevida,Colisão lateral sentido oposto,Com Vítimas Feridas,Pleno dia,Decrescente,Sol,Simples,Reta,Não,4,0,0,1,2,3,1,5,"-5,75265194","-55,73624966",SPRF-PA,DEL05-PA,UOP02-DEL05-PA
544665,2023-08-26,sábado,10:30:00,PA,155,301,MARABA,Ausência de reação do condutor,Saída de leito carroçável,Com Vítimas Feridas,Pleno dia,Decrescente,Céu Claro,Simples,Reta,Não,1,0,0,1,0,0,1,1,"-5,72355612","-49,14191765",SPRF-PA,DEL03-PA,UOP01-DEL03-PA
544768,2023-07-31,segunda-feira,17:15:00,PA,10,30,DOM ELISEU,Ultrapassagem Indevida,Colisão traseira,Com Vítimas Feridas,Pleno dia,Decrescente,Céu Claro,Simples,Aclive,Não,3,0,1,0,2,0,1,3,"-4,189719","-47,545036",SPRF-PA,DEL02-PA,UOP02-DEL02-PA
545022,2023-08-27,domingo,21:30:00,PA,163,960,BELTERRA,Reação tardia ou ineficiente do condutor,Tombamento,Com Vítimas Feridas,Plena Noite,Crescente,Céu Claro,Simples,Reta,Não,3,0,2,0,0,3,2,4,"-2,71293896","-54,9001872",SPRF-PA,DEL05-PA,UOP01-DEL05-PA
545191,2023-08-28,segunda-feira,16:55:00,PA,316,64,CASTANHAL,Conversão proibida,Colisão traseira,Com Vítimas Feridas,Pleno dia,Crescente,Sol,Dupla,Reta,Sim,5,0,1,0,4,0,1,5,"-1,295733","-47,911443",SPRF-PA,DEL01-PA,UOP01-DEL01-PA
545365,2023-08-29,terça-feira,19:00:00,PA,10,320,SAO MIGUEL DO GUAMA,Acessar a via sem observar a presença dos outros veículos,Colisão lateral mesmo sentido,Com Vítimas Fatais,Plena Noite,Crescente,Céu Claro,Simples,Reta,Sim,3,1,0,0,1,1,0,3,"-1,63357298","-47,48708408",SPRF-PA,DEL01-PA,UOP02-DEL01-PA
545379,2023-08-28,segunda-feira,18:30:00,PA,230,538,ANAPU,Reação tardia ou ineficiente do condutor,Saída de leito carroçável,Com Vítimas Feridas,Anoitecer,Decrescente,Céu Claro,Simples,Declive;Reta,Não,3,0,1,0,2,0,1,3,"-3,248226","-51,479527",SPRF-PA,DEL04-PA,UOP01-DEL04-PA
545566,2023-08-30,quarta-feira,18:04:00,PA,230,1110,ITAITUBA,Reação tardia ou ineficiente do condutor,Tombamento,Com Vítimas Feridas,Anoitecer,Crescente,Nublado,Simples,Aclive;Curva,Não,2,0,1,0,0,2,1,3,"-4,33008189","-55,76001907",SPRF-PA,DEL05-PA,UOP02-DEL05-PA
545697,2023-08-23,quarta-feira,15:30:00,PA,230,"572,5",VITORIA DO XINGU,Velocidade Incompatível,Tombamento,Com Vítimas Feridas,Pleno dia,Decrescente,Sol,Simples,Aclive;Curva,Não,2,0,0,1,0,1,1,2,"-3,13528828","-51,71238899",SPRF-PA,DEL04-PA,UOP01-DEL04-PA
545820,2023-09-01,sexta-feira,09:00:00,PA,155,20,REDENCAO,Reação tardia ou ineficiente do condutor,Saída de leito carroçável,Sem Vítimas,Pleno dia,Crescente,Céu Claro,Simples,Ponte;Reta,Não,2,0,0,0,0,3,0,3,"-7,866214","-50,04450299",SPRF-PA,DEL03-PA,UOP01-DEL03-PA
545832,2023-09-01,sexta-feira,11:15:00,PA,10,100,ULIANOPOLIS,Acostamento em desnível,Colisão lateral sentido oposto,Com Vítimas Fatais,Pleno dia,Crescente,Sol,Simples,Reta,Não,3,1,0,0,1,3,0,5,"-3,56699498","-47,49129661",SPRF-PA,DEL02-PA,UOP02-DEL02-PA
545882,2023-09-01,sexta-feira,15:20:00,PA,316,106,SANTA MARIA DO PARA,Acessar a via sem observar a presença dos outros veículos,Colisão transversal,Com Vítimas Feridas,Pleno dia,Crescente,Céu Claro,Simples,Reta,Sim,3,0,1,0,1,2,1,4,"-1,335919","-47,538636",SPRF-PA,DEL01-PA,UOP02-DEL01-PA
545883,2023-08-31,quinta-feira,15:00:00,PA,163,617,TRAIRAO,Velocidade Incompatível,Tombamento,Com Vítimas Feridas,Pleno dia,Decrescente,Céu Claro,Simples,Curva;Declive,Não,2,0,1,0,0,1,1,2,"-4,73795095","-56,05091106",SPRF-PA,DEL05-PA,UOP02-DEL05-PA
546198,2023-09-02,sábado,21:00:00,PA,316,65,CASTANHAL,Transitar na contramão,Colisão frontal,Com Vítimas Feridas,Plena Noite,Crescente,Céu Claro,Dupla,Reta,Sim,3,0,0,1,1,2,1,4,"-1,29580361","-47,91084002",SPRF-PA,DEL01-PA,UOP01-DEL01-PA
546567,2023-08-26,sábado,06:30:00,PA,10,340,SANTA MARIA DO PARA,Transitar na contramão,Colisão lateral sentido oposto,Com Vítimas Feridas,Pleno dia,Crescente,Sol,Simples,Reta,Não,2,0,0,1,0,1,1,2,"-1,46695196","-47,53338287",SPRF-PA,DEL01-PA,UOP02-DEL01-PA
546773,2023-09-05,terça-feira,04:00:00,PA,163,574,TRAIRAO,Condutor Dormindo,Colisão traseira,Com Vítimas Feridas,Plena Noite,Decrescente,Céu Claro,Simples,Reta,Sim,3,0,0,1,0,5,1,6,"-5,025812","-56,187492",SPRF-PA,DEL05-PA,UOP02-DEL05-PA
546788,2023-09-05,terça-feira,17:30:00,PA,10,"168,1",PARAGOMINAS,Reação tardia ou ineficiente do condutor,Colisão frontal,Com Vítimas Fatais,Pleno dia,Decrescente,Céu Claro,Simples,Aclive;Reta,Não,7,4,0,2,0,1,2,3,"-2,964355","-47,450269",SPRF-PA,DEL02-PA,UOP01-DEL02-PA
546942,2023-09-06,quarta-feira,14:30:00,PA,316,85,SAO FRANCISCO DO PARA,Desvio temporário,Tombamento,Com Vítimas Fatais,Pleno dia,Crescente,Céu Claro,Simples,Reta,Não,6,1,1,4,0,0,5,2,"-1,311744","-47,735767",SPRF-PA,DEL01-PA,UOP02-DEL01-PA
547280,2023-09-07,quinta-feira,19:30:00,PA,163,626,TRAIRAO,Ausência de reação do condutor,Colisão traseira,Com Vítimas Fatais,Plena Noite,Decrescente,Céu Claro,Dupla,Reta,Sim,4,1,1,0,0,2,1,3,"-4,69594486","-55,99082066",SPRF-PA,DEL05-PA,UOP02-DEL05-PA
547399,2023-09-08,sexta-feira,15:00:00,PA,316,65,CASTANHAL,Acessar a via sem observar a presença dos outros veículos,Colisão transversal,Com Vítimas Feridas,Pleno dia,Decrescente,Céu Claro,Simples,Reta,Sim,2,0,1,0,1,0,1,2,"-1,2948794","-47,89280703",SPRF-PA,DEL01-PA,UOP01-DEL01-PA
547495,2023-09-08,sexta-feira,23:00:00,PA,316,58,CASTANHAL,Condutor deixou de manter distância do veículo da frente,Engavetamento,Com Vítimas Feridas,Plena Noite,Crescente,Céu Claro,Dupla,Reta,Sim,6,0,3,1,1,1,4,4,"-1,299877","-47,964233",SPRF-PA,DEL01-PA,UOP01-DEL01-PA
547523,2023-09-08,sexta-feira,23:30:00,PA,153,"72,8",SAO DOMINGOS DO ARAGUAIA,Manobra de mudança de faixa,Tombamento,Com Vítimas Fatais,Plena Noite,Decrescente,Céu Claro,Simples,Reta,Não,3,1,0,0,1,1,0,2,"-5,738679","-48,680725",SPRF-PA,DEL03-PA,UOP01-DEL03-PA
547651,2023-09-07,quinta-feira,10:01:00,PA,163,618,TRAIRAO,Curva acentuada,Tombamento,Com Vítimas Feridas,Pleno dia,Crescente,Céu Claro,Simples,Reta,Não,2,0,0,1,0,2,1,3,"-4,73343252","-56,04523015",SPRF-PA,DEL05-PA,UOP02-DEL05-PA
547956,2023-09-10,domingo,19:45:00,PA,230,87,SAO JOAO DO ARAGUAIA,Ultrapassagem Indevida,Colisão frontal,Com Vítimas Feridas,Plena Noite,Decrescente,Céu Claro,Simples,Reta,Não,7,0,4,0,2,1,4,3,"-5,4776494","-48,8577382",SPRF-PA,DEL03-PA,UOP01-DEL03-PA
548086,2023-09-01,sexta-feira,18:30:00,PA,230,816,URUARA,Demais falhas mecânicas ou elétricas,Colisão frontal,Com Vítimas Feridas,Anoitecer,Decrescente,Céu Claro,Simples,Reta,Não,4,0,2,0,1,1,2,3,"-3,64455999","-53,469914",SPRF-PA,DEL04-PA,UOP01-DEL04-PA
548158,2023-09-11,segunda-feira,21:00:00,PA,163,433,ITAITUBA,Ingestão de substâncias psicoativas pelo condutor,Tombamento,Sem Vítimas,Anoitecer,Crescente,Céu Claro,Simples,Declive;Curva,Não,2,0,0,0,1,2,0,3,"-6,05507383","-55,67099188",SPRF-PA,DEL05-PA,UOP02-DEL05-PA
548390,2023-09-13,quarta-feira,11:10:00,PA,163,985,SANTAREM,Acessar a via sem observar a presença dos outros veículos,Colisão lateral mesmo sentido,Sem Vítimas,Pleno dia,Crescente,Sol,Simples,Reta,Sim,4,0,0,0,3,2,0,4,"-2,59578885","-54,7198019",SPRF-PA,DEL05-PA,UOP01-DEL05-PA
549127,2023-09-15,sexta-feira,15:50:00,PA,163,618,TRAIRAO,Reação tardia ou ineficiente do condutor,Tombamento,Com Vítimas Feridas,Pleno dia,Crescente,Céu Claro,Simples,Curva,Não,2,0,1,0,0,2,1,3,"-4,73343252","-56,04523015",SPRF-PA,DEL05-PA,UOP02-DEL05-PA
549136,2023-09-16,sábado,18:10:00,PA,163,"925,7",BELTERRA,Reação tardia ou ineficiente do condutor,Tombamento,Sem Vítimas,Anoitecer,Crescente,Céu Claro,Simples,Reta;Declive,Não,3,0,0,0,2,6,0,8,"-3,009095","-54,930395",SPRF-PA,DEL05-PA,UOP01-DEL05-PA
549138,2023-09-16,sábado,17:30:00,PA,163,943,BELTERRA,Manobra de mudança de faixa,Colisão lateral sentido oposto,Sem Vítimas,Pleno dia,Crescente,Céu Claro,Simples,Reta,Não,4,0,0,0,2,3,0,4,"-2,86440082","-54,90329019",SPRF-PA,DEL05-PA,UOP01-DEL05-PA
550089,2023-09-21,quinta-feira,09:00:00,PA,158,594,REDENCAO,Reação tardia ou ineficiente do condutor,Colisão traseira,Com Vítimas Feridas,Pleno dia,Crescente,Ignorado,Simples,Reta,Não,4,0,3,0,0,1,3,4,"-8,03445281","-50,07672397",SPRF-PA,DEL03-PA,UOP01-DEL03-PA
550519,2023-09-23,sábado,18:00:00,PA,10,"165,9",PARAGOMINAS,Entrada inopinada do pedestre,Atropelamento de Pedestre,Com Vítimas Fatais,Anoitecer,Decrescente,Nublado,Simples,Reta,Sim,3,1,0,0,1,2,0,4,"-2,99184245","-47,45688018",SPRF-PA,DEL02-PA,UOP01-DEL02-PA
550686,2023-09-20,quarta-feira,22:00:00,PA,0,0,VITORIA DO XINGU,Problema com o freio,Colisão transversal,Sem Vítimas,Plena Noite,Não Informado,Céu Claro,Simples,Declive;Reta,Não,2,0,0,0,1,1,0,2,"-3,065758","-52,000226",SPRF-PA,DEL04-PA,
550872,2023-05-04,quinta-feira,14:20:00,PA,163,145,ALTAMIRA,Transitar na contramão,Colisão frontal,Com Vítimas Feridas,Pleno dia,Decrescente,Ignorado,Simples,Reta,Não,2,0,0,1,1,0,1,2,"-8,43104683","-55,11138822",SPRF-PA,DEL05-PA,UOP02-DEL05-PA
550921,2023-09-25,segunda-feira,15:08:00,PA,163,569,TRAIRAO,Demais falhas mecânicas ou elétricas,Incêndio,Sem Vítimas,Pleno dia,Decrescente,Céu Claro,Simples,Reta,Não,3,0,0,0,2,1,0,2,"-5,06093967","-56,16435663",SPRF-PA,DEL05-PA,UOP02-DEL05-PA