id,data_inversa,dia_semana,horario,uf,br,km,municipio,causa_acidente,tipo_acidente,classificacao_acidente,fase_dia,sentido_via,condicao_metereologica,tipo_pista,tracado_via,uso_solo,pessoas,mortos,feridos_leves,feridos_graves,ilesos,ignorados,feridos,veiculos,latitude,longitude,regional,delegacia,uop
551438,2023-09-28,quinta-feira,04:10:00,PA,10,"307,1",IRITUIA,Reação tardia ou ineficiente do condutor,Colisão traseira,Com Vítimas Fatais,Amanhecer,Decrescente,Céu Claro,Simples,Reta,Sim,3,1,0,0,1,3,0,5,"-1,75691395","-47,5039093",SPRF-PA,DEL02-PA,UOP01-DEL02-PA
551479,2023-09-28,quinta-feira,14:25:00,PA,10,225,IPIXUNA DO PARA,Ausência de sinalização,Colisão lateral mesmo sentido,Sem Vítimas,Amanhecer,Decrescente,Céu Claro,Simples,Declive;Em Obras;Reta,Não,3,0,0,0,1,3,0,4,"-2,46277","-47,509827",SPRF-PA,DEL02-PA,UOP01-DEL02-PA
551516,2023-09-28,quinta-feira,14:00:00,PA,163,760,RUROPOLIS,Reação tardia ou ineficiente do condutor,Colisão lateral sentido oposto,Com Vítimas Fatais,Pleno dia,Decrescente,Chuva,Simples,Reta,Não,3,1,0,0,1,5,0,7,"-4,12057678","-55,1226049",SPRF-PA,DEL05-PA,UOP02-DEL05-PA
551553,2023-09-27,quarta-feira,17:45:00,PA,230,451,PACAJA,Velocidade Incompatível,Tombamento,Com Vítimas Fatais,Pleno dia,Decrescente,Céu Claro,Simples,Curva;Declive,Não,2,1,0,0,0,1,0,2,"-3,70882777","-50,90566585",SPRF-PA,DEL04-PA,UOP01-DEL04-PA
551636,2023-01-27,sexta-feira,14:30:00,PA,163,403,ITAITUBA,Transitar na contramão,Colisão frontal,Com Vítimas Feridas,Anoitecer,Decrescente,Garoa/Chuvisco,Simples,Curva,Não,3,0,1,1,0,6,2,8,"-6,27225736","-55,59573438",SPRF-PA,DEL05-PA,UOP02-DEL05-PA
551814,2023-09-30,sábado,00:24:00,PA,316,37,SANTA IZABEL DO PARA,Ausência de reação do condutor,Colisão traseira,Com Vítimas Feridas,Plena Noite,Crescente,Céu Claro,Dupla,Reta,Não,2,0,0,1,0,1,1,2,"-1,28522594","-48,14868959",SPRF-PA,DEL01-PA,UOP01-DEL01-PA
551875,2023-09-29,sexta-feira,06:00:00,PA,316,"33,4",SANTA IZABEL DO PARA,Reação tardia ou ineficiente do condutor,Colisão traseira,Com Vítimas Feridas,Pleno dia,Crescente,Céu Claro,Dupla,Reta;Retorno Regulamentado,Sim,6,0,1,0,4,1,1,4,"-1,29877612","-48,18005497",SPRF-PA,DEL01-PA,UOP01-DEL01-PA
551938,2023-08-24,quinta-feira,12:20:00,PA,230,1112,ITAITUBA,Curva acentuada,Saída de leito carroçável,Com Vítimas Feridas,Pleno dia,Crescente,Céu Claro,Simples,Curva,Não,2,0,0,1,0,3,1,4,"-4,399095","-55,919023",SPRF-PA,DEL05-PA,UOP02-DEL05-PA
552133,2023-10-01,domingo,08:00:00,PA,10,"85,3",ULIANOPOLIS,Ausência de reação do condutor,Saída de leito carroçável,Com Vítimas Fatais,Pleno dia,Decrescente,Céu Claro,Simples,Reta,Não,2,1,0,0,0,2,0,3,"-3,703507","-47,48722993",SPRF-PA,DEL02-PA,UOP02-DEL02-PA
552519,2023-10-02,segunda-feira,23:00:00,PA,316,73,CASTANHAL,Ultrapassagem Indevida,Colisão lateral sentido oposto,Com Vítimas Fatais,Plena Noite,Crescente,Céu Claro,Simples,Curva,Não,4,1,0,0,2,1,0,3,"-1,29446511","-47,82243505",SPRF-PA,DEL01-PA,UOP01-DEL01-PA
552605,2023-10-02,segunda-feira,13:50:00,PA,230,686,BRASIL NOVO,Transitar na contramão,Colisão frontal,Com Vítimas Fatais,Pleno dia,Decrescente,Céu Claro,Simples,Curva,Não,3,1,0,0,1,2,0,4,"-3,28593263","-52,46867207",SPRF-PA,DEL04-PA,UOP01-DEL04-PA
552685,2023-10-03,terça-feira,15:30:00,PA,163,760,RUROPOLIS,Ausência de reação do condutor,Colisão traseira,Sem Vítimas,Pleno dia,Decrescente,Céu Claro,Simples,Reta,Não,4,0,0,0,1,3,0,2,"-4,12492114","-55,10529103",SPRF-PA,DEL05-PA,UOP02-DEL05-PA
552947,2023-10-05,quinta-feira,05:46:00,PA,163,659,ITAITUBA,Demais falhas mecânicas ou elétricas,Incêndio,Sem Vítimas,Amanhecer,Crescente,Céu Claro,Simples,Reta,Não,2,0,0,0,1,3,0,4,"-4,45985712","-55,84675684",SPRF-PA,DEL05-PA,UOP02-DEL05-PA
554061,2023-09-12,terça-feira,19:10:00,PA,163,241,NOVO PROGRESSO,Transitar na contramão,Colisão frontal,Com Vítimas Fatais,Plena Noite,Crescente,Ignorado,Simples,Reta,Não,3,1,0,0,0,4,0,5,"-7,59972595","-55,24093893",SPRF-PA,DEL05-PA,UOP02-DEL05-PA
555338,2023-10-16,segunda-feira,12:20:00,PA,10,"195,5",IPIXUNA DO PARA,Ausência de reação do condutor,Colisão frontal,Com Vítimas Feridas,Pleno dia,Crescente,Sol,Simples,Reta,Não,3,0,1,0,1,1,1,3,"-2,72545994","-47,46393672",SPRF-PA,DEL02-PA,UOP01-DEL02-PA
555438,2023-10-16,segunda-feira,18:00:00,PA,222,202,BOM JESUS DO TOCANTINS,Manobra de mudança de faixa,Tombamento,Com Vítimas Feridas,Plena Noite,Crescente,Céu Claro,Simples,Declive,Não,2,0,1,0,0,1,1,2,"-5,137957","-48,845108",SPRF-PA,DEL03-PA,UOP01-DEL03-PA
555439,2023-09-23,sábado,18:35:00,PA,163,105,ALTAMIRA,Curva acentuada,Colisão lateral mesmo sentido,Com Vítimas Feridas,Anoitecer,Crescente,Céu Claro,Simples,Declive;Curva,Não,3,0,0,1,1,4,1,6,"-8,72779637","-54,9729681",SPRF-PA,DEL05-PA,UOP02-DEL05-PA
555842,2023-07-31,segunda-feira,11:30:00,PA,158,870,SANTANA DO ARAGUAIA,Manobra de mudança de faixa,Colisão lateral sentido oposto,Com Vítimas Feridas,Pleno dia,Decrescente,Céu Claro,Simples,Curva,Não,3,0,1,0,0,5,1,6,"-9,65631996","-50,88414503",SPRF-PA,DEL03-PA,UOP01-DEL03-PA
555900,2023-10-17,terça-feira,22:45:00,PA,316,27,BENEVIDES,Reação tardia ou ineficiente do condutor,Colisão com objeto,Com Vítimas Feridas,Plena Noite,Decrescente,Garoa/Chuvisco,Dupla,Reta,Não,2,0,0,1,0,1,1,2,"-1,31824794","-48,22663008",SPRF-PA,DEL01-PA,UOP01-DEL01-PA
556041,2023-10-20,sexta-feira,01:15:00,PA,316,231,VISEU,Ausência de reação do condutor,Colisão lateral sentido oposto,Com Vítimas Fatais,Plena Noite,Decrescente,Nevoeiro/Neblina,Simples,Reta,Não,7,2,0,3,1,1,3,3,"-1,70333094","-46,66652697",SPRF-PA,DEL01-PA,UOP04-DEL01-PA
556184,2023-10-04,quarta-feira,19:32:00,PA,163,936,BELTERRA,Reação tardia ou ineficiente do condutor,Tombamento,Com Vítimas Feridas,Plena Noite,Crescente,Céu Claro,Simples,Curva,Não,2,0,1,0,0,1,1,2,"-2,91759693","-54,92465973",SPRF-PA,DEL05-PA,UOP01-DEL05-PA
556194,2023-10-20,sexta-feira,17:00:00,PA,230,1113,ITAITUBA,Velocidade Incompatível,Tombamento,Com Vítimas Feridas,Anoitecer,Decrescente,Céu Claro,Simples,Declive;Curva,Não,2,0,1,0,0,3,1,4,"-4,39912907","-55,91972351",SPRF-PA,DEL05-PA,UOP02-DEL05-PA
556204,2023-10-20,sexta-feira,07:40:00,PA,155,270,ELDORADO DO CARAJAS,Reação tardia ou ineficiente do condutor,Colisão traseira,Sem Vítimas,Pleno dia,Crescente,Céu Claro,Simples,Reta,Não,3,0,0,0,2,4,0,6,"-5,9805958","-49,23350923",SPRF-PA,DEL03-PA,UOP01-DEL03-PA
556245,2023-10-09,segunda-feira,00:24:00,PA,10,"288,4",MAE DO RIO,Carga excessiva e/ou mal acondicionada,Tombamento,Sem Vítimas,Plena Noite,Crescente,Céu Claro,Simples,Reta;Aclive,Não,1,0,0,0,1,0,0,1,"-1,91433503","-47,52113775",SPRF-PA,DEL02-PA,UOP01-DEL02-PA
556372,2023-10-21,sábado,16:30:00,PA,155,251,ELDORADO DO CARAJAS,Ausência de reação do condutor,Colisão lateral mesmo sentido,Sem Vítimas,Pleno dia,Crescente,Sol,Simples,Reta,Sim,2,0,0,0,2,0,0,2,"-6,100473","-49,34816333",SPRF-PA,DEL03-PA,UOP01-DEL03-PA
557110,2023-10-25,quarta-feira,10:40:00,PA,155,270,ELDORADO DO CARAJAS,Reação tardia ou ineficiente do condutor,Engavetamento,Com Vítimas Fatais,Pleno dia,Crescente,Céu Claro,Simples,Reta,Não,3,1,0,0,0,2,0,3,"-5,9805958","-49,23350923",SPRF-PA,DEL03-PA,UOP01-DEL03-PA
557207,2023-10-25,quarta-feira,18:15:00,PA,222,"82,8",RONDON DO PARA,Curva acentuada,Tombamento,Com Vítimas Feridas,Amanhecer,Crescente,Céu Claro,Simples,Curva,Não,4,0,3,0,0,1,3,2,"-4,65342211","-47,92098999",SPRF-PA,DEL02-PA,UOP02-DEL02-PA
557257,2023-10-26,quinta-feira,03:30:00,PA,10,349,SANTA MARIA DO PARA,Condutor Dormindo,Tombamento,Com Vítimas Feridas,Plena Noite,Decrescente,Céu Claro,Simples,Reta,Não,2,0,1,0,0,1,1,2,"-1,3906222","-47,56213743",SPRF-PA,DEL01-PA,UOP02-DEL01-PA
557479,2023-10-27,sexta-feira,11:30:00,PA,163,986,SANTAREM,Condutor deixou de manter distância do veículo da frente,Colisão traseira,Sem Vítimas,Pleno dia,Decrescente,Céu Claro,Simples,Reta,Sim,4,0,0,0,2,2,0,2,"-2,59271401","-54,71976013",SPRF-PA,DEL05-PA,UOP01-DEL05-PA
557858,2023-10-29,domingo,03:00:00,PA,316,"91,5",SAO FRANCISCO DO PARA,Transitar na contramão,Colisão frontal,Com Vítimas Fatais,Plena Noite,Crescente,Céu Claro,Simples,Reta,Não,3,2,0,0,0,1,0,2,"-1,32102467","-47,68312794",SPRF-PA,DEL01-PA,UOP02-DEL01-PA
558325,2023-10-09,segunda-feira,14:00:00,PA,163,92,ALTAMIRA,Manobra de mudança de faixa,Colisão lateral mesmo sentido,Com Vítimas Feridas,Pleno dia,Decrescente,Céu Claro,Simples,Reta;Declive,Não,3,0,0,1,0,7,1,8,"-8,82576506","-54,96800916",SPRF-PA,DEL05-PA,UOP02-DEL05-PA
558420,2023-11-01,quarta-feira,00:20:00,PA,10,291,MAE DO RIO,Ausência de sinalização,Tombamento,Com Vítimas Feridas,Plena Noite,Crescente,Céu Claro,Simples,Reta,Não,2,0,1,0,0,1,1,2,"-1,88753098","-47,52195782",SPRF-PA,DEL02-PA,UOP01-DEL02-PA
558855,2023-11-03,sexta-feira,12:00:00,PA,10,263,MAE DO RIO,Transitar na contramão,Colisão lateral sentido oposto,Com Vítimas Fatais,Pleno dia,Decrescente,Céu Claro,Simples,Reta,Sim,3,1,0,0,1,2,0,4,"-2,132287","-47,560707",SPRF-PA,DEL02-PA,UOP01-DEL02-PA
559288,2023-11-05,domingo,11:30:00,PA,230,598,VITORIA DO XINGU,Velocidade Incompatível,Tombamento,Com Vítimas Feridas,Pleno dia,Decrescente,Céu Claro,Simples,Curva,Não,3,0,2,0,0,1,2,2,"-3,086002","-51,896967",SPRF-PA,DEL04-PA,UOP01-DEL04-PA
559309,2023-11-05,domingo,14:30:00,PA,163,"882,8",BELTERRA,Ausência de reação do condutor,Tombamento,Sem Vítimas,Pleno dia,Decrescente,Céu Claro,Simples,Curva;Declive,Não,2,0,0,0,1,2,0,3,"-3,37763","-54,908359",SPRF-PA,DEL05-PA,UOP01-DEL05-PA
559451,2023-11-06,segunda-feira,04:40:00,PA,316,"36,2",SANTA IZABEL DO PARA,Ausência de reação do condutor,Colisão transversal,Com Vítimas Feridas,Amanhecer,Crescente,Céu Claro,Dupla,Retorno Regulamentado,Sim,3,0,1,0,1,2,1,4,"-1,289295","-48,15421",SPRF-PA,DEL01-PA,UOP01-DEL01-PA
559543,2023-11-06,segunda-feira,15:00:00,PA,230,118,MARABA,Reação tardia ou ineficiente do condutor,Colisão com objeto,Com Vítimas Fatais,Pleno dia,Crescente,Céu Claro,Dupla,Reta,Sim,2,1,0,0,1,0,0,2,"-5,35193706","-49,09794103",SPRF-PA,DEL03-PA,UOP01-DEL03-PA
559921,2023-11-08,quarta-feira,13:00:00,PA,155,337,MARABA,Reação tardia ou ineficiente do condutor,Engavetamento,Sem Vítimas,Pleno dia,Crescente,Céu Claro,Simples,Reta,Não,3,0,0,0,3,0,0,3,"-5,42303401","-49,07624026",SPRF-PA,DEL03-PA,UOP01-DEL03-PA
559958,2023-11-08,quarta-feira,17:10:00,PA,316,63,CASTANHAL,Ausência de reação do condutor,Engavetamento,Com Vítimas Feridas,Pleno dia,Crescente,Céu Claro,Dupla,Reta,Sim,5,0,1,0,3,1,1,4,"-1,29679363","-47,92878096",SPRF-PA,DEL01-PA,UOP01-DEL01-PA
560233,2023-11-09,quinta-feira,22:30:00,PA,230,42,SAO JOAO DO ARAGUAIA,Manobra de mudança de faixa,Colisão frontal,Com Vítimas Fatais,Plena Noite,Decrescente,Céu Claro,Simples,Reta,Não,2,1,0,0,1,0,0,2,"-5,58916012","-48,48958706",SPRF-PA,DEL03-PA,UOP01-DEL03-PA
560263,2023-11-10,sexta-feira,09:40:00,PA,230,109,MARABA,Reação tardia ou ineficiente do condutor,Colisão traseira,Com Vítimas Feridas,Pleno dia,Decrescente,Céu Claro,Simples,Reta,Sim,4,0,2,0,1,1,2,3,"-5,37536896","-49,02246799",SPRF-PA,DEL03-PA,UOP01-DEL03-PA
560964,2023-11-12,domingo,16:00:00,PA,230,236,NOVO REPARTIMENTO,Ausência de reação do condutor,Colisão com objeto,Com Vítimas Fatais,Anoitecer,Crescente,Céu Claro,Simples,Curva;Declive,Não,2,1,0,0,0,3,0,4,"-4,68122458","-49,69463825",SPRF-PA,DEL03-PA,UOP01-DEL03-PA
560993,2023-11-13,segunda-feira,04:00:00,PA,155,343,MARABA,Ausência de reação do condutor,Colisão lateral mesmo sentido,Com Vítimas Fatais,Plena Noite,Crescente,Céu Claro,Simples,Reta,Sim,3,1,0,1,0,1,1,2,"-5,36957395","-49,07796968",SPRF-PA,DEL03-PA,UOP01-DEL03-PA
561427,2023-11-14,terça-feira,16:00:00,PA,163,898,BELTERRA,Ausência de reação do condutor,Tombamento,Com Vítimas Feridas,Pleno dia,Decrescente,Céu Claro,Simples,Reta,Não,2,0,1,0,0,1,1,2,"-3,2570943","-54,93513107",SPRF-PA,DEL05-PA,UOP01-DEL05-PA
562315,2023-11-19,domingo,12:48:00,PA,10,"321,3",SAO MIGUEL DO GUAMA,Acessar a via sem observar a presença dos outros veículos,Colisão transversal,Com Vítimas Fatais,Pleno dia,Crescente,Nublado,Simples,Reta,Sim,3,1,0,0,2,0,0,2,"-1,62709801","-47,48121697",SPRF-PA,DEL01-PA,UOP02-DEL01-PA
562588,2023-11-20,segunda-feira,19:35:00,PA,308,156,CAPANEMA,Transitar na contramão,Colisão frontal,Com Vítimas Fatais,Plena Noite,Crescente,Céu Claro,Simples,Reta,Não,2,1,0,0,1,0,0,2,"-1,21143823","-47,1411",SPRF-PA,DEL01-PA,UOP03-DEL01-PA
562684,2023-11-21,terça-feira,11:20:00,PA,316,68,CASTANHAL,Transitar na contramão,Colisão lateral sentido oposto,Com Vítimas Feridas,Pleno dia,Decrescente,Céu Claro,Simples,Reta,Sim,5,0,0,1,3,2,1,6,"-1,29440507","-47,88382304",SPRF-PA,DEL01-PA,UOP01-DEL01-PA
562885,2023-11-22,quarta-feira,07:15:00,PA,163,"917,5",BELTERRA,Ultrapassagem Indevida,Colisão com objeto,Com Vítimas Fatais,Pleno dia,Decrescente,Nevoeiro/Neblina,Simples,Reta;Declive,Não,4,1,0,0,1,3,0,5,"-3,08982197","-54,9259931",SPRF-PA,DEL05-PA,UOP01-DEL05-PA
563051,2023-11-23,quinta-feira,09:50:00,PA,230,626,VITORIA DO XINGU,Ultrapassagem Indevida,Colisão lateral mesmo sentido,Com Vítimas Feridas,Pleno dia,Decrescente,Céu Claro,Simples,Reta,Não,3,0,1,0,1,2,1,4,"-3,1711469","-52,10529328",SPRF-PA,DEL04-PA,UOP01-DEL04-PA
563119,2023-11-23,quinta-feira,17:30:00,PA,230,320,NOVO REPARTIMENTO,Transitar na contramão,Colisão lateral sentido oposto,Com Vítimas Fatais,Anoitecer,Crescente,Nublado,Simples,Curva;Declive,Não,3,1,0,0,0,2,0,3,"-4,192882","-50,023277",SPRF-PA,DEL03-PA,UOP01-DEL03-PA
563484,2023-11-16,quinta-feira,09:30:00,PA,316,23,BENEVIDES,Acessar a via sem observar a presença dos outros veículos,Colisão transversal,Com Vítimas Feridas,Pleno dia,Decrescente,Céu Claro,Dupla,Reta,Sim,3,0,0,1,1,1,1,3,"-1,34599732","-48,25152822",SPRF-PA,DEL01-PA,UOP01-DEL01-PA
563493,2023-11-25,sábado,08:45:00,PA,316,260,CACHOEIRA DO PIRIA,Ingestão de álcool pelo condutor,Colisão lateral sentido oposto,Com Vítimas Feridas,Amanhecer,Decrescente,Nublado,Simples,Reta,Não,2,0,1,0,1,0,1,2,"-1,81175878","-46,43153493",SPRF-PA,DEL01-PA,UOP04-DEL01-PA
563509,2023-11-25,sábado,12:30:00,PA,316,101,SANTA MARIA DO PARA,Transitar na contramão,Colisão lateral sentido oposto,Com Vítimas Feridas,Pleno dia,Decrescente,Céu Claro,Simples,Reta,Não,2,0,0,1,0,1,1,2,"-1,33653173","-47,59531812",SPRF-PA,DEL01-PA,UOP02-DEL01-PA
563921,2023-11-27,segunda-feira,11:00:00,PA,316,62,CASTANHAL,Acessar a via sem observar a presença dos outros veículos,Colisão transversal,Com Vítimas Feridas,Pleno dia,Decrescente,Céu Claro,Dupla,Reta,Sim,2,0,1,0,1,0,1,2,"-1,29786885","-47,93764104",SPRF-PA,DEL01-PA,UOP01-DEL01-PA
563927,2023-11-27,segunda-feira,09:15:00,PA,10,120,PARAGOMINAS,Ultrapassagem Indevida,Derramamento de carga,Sem Vítimas,Pleno dia,Crescente,Céu Claro,Simples,Reta,Não,4,0,0,0,3,3,0,6,"-3,392432","-47,444252",SPRF-PA,DEL02-PA,UOP01-DEL02-PA
564153,2023-11-28,terça-feira,09:40:00,PA,230,"1110,9",ITAITUBA,Reação tardia ou ineficiente do condutor,Colisão com objeto,Com Vítimas Feridas,Pleno dia,Crescente,Nublado,Simples,Curva;Aclive,Não,2,0,0,1,0,1,1,2,"-4,392165","-55,901465",SPRF-PA,DEL05-PA,UOP02-DEL05-PA
564186,2023-11-28,terça-feira,01:30:00,PA,10,314,IRITUIA,Reação tardia ou ineficiente do condutor,Saída de leito carroçável,Sem Vítimas,Plena Noite,Crescente,Ignorado,Simples,Reta,Não,2,0,0,0,0,2,0,2,"-1,6814","-47,501836",SPRF-PA,DEL01-PA,UOP02-DEL01-PA
564475,2023-11-30,quinta-feira,09:40:00,PA,316,28,BENEVIDES,Acessar a via sem observar a presença dos outros veículos,Colisão transversal,Sem Vítimas,Pleno dia,Crescente,Céu Claro,Simples,Reta,Não,3,0,0,0,3,0,0,2,"-1,31121896","-48,22115206",SPRF-PA,DEL01-PA,UOP01-DEL01-PA
564526,2023-11-30,quinta-feira,16:20:00,PA,155,332,MARABA,Ultrapassagem Indevida,Colisão traseira,Sem Vítimas,Pleno dia,Decrescente,Céu Claro,Simples,Reta,Não,7,0,0,0,6,3,0,6,"-5,468274","-49,075905",SPRF-PA,DEL03-PA,UOP01-DEL03-PA
564624,2023-11-18,sábado,12:45:00,PA,163,878,BELTERRA,Reação tardia ou ineficiente do condutor,Tombamento,Com Vítimas Feridas,Pleno dia,Crescente,Nevoeiro/Neblina,Simples,Declive;Curva,Não,2,0,1,0,0,1,1,2,"-3,419191","-54,910145",SPRF-PA,DEL05-PA,UOP01-DEL05-PA
564627,2023-12-01,sexta-feira,05:55:00,PA,163,"980,5",SANTAREM,Objeto estático sobre o leito carroçável,Tombamento,Com Vítimas Feridas,Pleno dia,Crescente,Céu Claro,Simples,Reta;Declive,Não,3,0,0,1,1,3,1,5,"-2,63235897","-54,74384308",SPRF-PA,DEL05-PA,UOP01-DEL05-PA
564795,2023-12-01,sexta-feira,17:00:00,PA,230,"122,1",MARABA,Ausência de reação do condutor,Colisão traseira,Com Vítimas Feridas,Pleno dia,Decrescente,Céu Claro,Dupla,Reta;Interseção de Vias,Sim,5,0,1,0,4,0,1,3,"-5,36137537","-49,12376139",SPRF-PA,DEL03-PA,UOP01-DEL03-PA
565050,2023-12-02,sábado,19:15:00,PA,10,214,IPIXUNA DO PARA,Chuva,Saída de leito carroçável,Com Vítimas Feridas,Plena Noite,Decrescente,Chuva,Simples,Declive,Não,2,0,1,0,0,1,1,2,"-2,55659601","-47,4943411",SPRF-PA,DEL02-PA,UOP01-DEL02-PA
565160,2023-12-01,sexta-feira,10:40:00,PA,163,532,TRAIRAO,Acessar a via sem observar a presença dos outros veículos,Colisão traseira,Com Vítimas Feridas,Pleno dia,Decrescente,Céu Claro,Simples,Declive,Não,5,0,1,0,4,0,1,2,"-5,29508642","-55,98441315",SPRF-PA,DEL05-PA,UOP02-DEL05-PA
565251,2023-12-03,domingo,17:38:00,PA,163,"986,9",SANTAREM,Acostamento em desnível,Tombamento,Sem Vítimas,Pleno dia,Crescente,Céu Claro,Simples,Reta,Sim,2,0,0,0,1,3,0,4,"-2,59271401","-54,71976013",SPRF-PA,DEL05-PA,UOP01-DEL05-PA
565443,2023-12-04,segunda-feira,10:55:00,PA,230,40,SAO DOMINGOS DO ARAGUAIA,Ausência de reação do condutor,Colisão traseira,Com Vítimas Feridas,Pleno dia,Crescente,Céu Claro,Simples,Reta,Não,2,0,1,0,1,0,1,2,"-5,59522818","-48,47265506",SPRF-PA,DEL03-PA,UOP01-DEL03-PA
565560,2023-12-05,terça-feira,04:20:00,PA,316,"102,6",SANTA MARIA DO PARA,Velocidade Incompatível,Tombamento,Com Vítimas Feridas,Amanhecer,Decrescente,Céu Claro,Simples,Curva,Sim,3,0,2,0,0,2,2,3,"-1,33808348","-47,58656009",SPRF-PA,DEL01-PA,UOP02-DEL01-PA
565672,2023-12-05,terça-feira,15:00:00,PA,316,99,SANTA MARIA DO PARA,Transitar na contramão,Colisão lateral sentido oposto,Com Vítimas Feridas,Pleno dia,Crescente,Chuva,Simples,Aclive,Não,3,0,1,0,1,2,1,4,"-1,33342734","-47,61283806",SPRF-PA,DEL01-PA,UOP02-DEL01-PA
565751,2023-12-05,terça-feira,18:40:00,PA,222,23,DOM ELISEU,Manobra de mudança de faixa,Colisão lateral sentido oposto,Com Vítimas Fatais,Plena Noite,Decrescente,Céu Claro,Simples,Reta;Declive,Sim,3,1,0,0,1,1,0,3,"-4,306424","-47,600319",SPRF-PA,DEL02-PA,UOP02-DEL02-PA
566036,2023-01-02,segunda-feira,12:30:00,PA,316,72,CASTANHAL,Transitar na contramão,Colisão frontal,Com Vítimas Fatais,Pleno dia,Decrescente,Nublado,Simples,Reta,Não,7,2,1,2,1,1,3,4,"-1,289131","-47,846035",SPRF-PA,DEL01-PA,UOP01-DEL01-PA
566319,2023-12-08,sexta-feira,09:50:00,PA,316,151,CAPANEMA,Acessar a via sem observar a presença dos outros veículos,Colisão transversal,Com Vítimas Feridas,Pleno dia,Decrescente,Céu Claro,Simples,Reta,Não,4,0,0,2,1,1,2,3,"-1,21245345","-47,1845026",SPRF-PA,DEL01-PA,UOP03-DEL01-PA
566348,2023-12-07,quinta-feira,23:00:00,PA,222,"77,8",RONDON DO PARA,Demais falhas mecânicas ou elétricas,Saída de leito carroçável,Com Vítimas Feridas,Plena Noite,Decrescente,Nublado,Simples,Aclive,Não,3,0,1,0,1,1,1,2,"-4,618178","-47,885532",SPRF-PA,DEL02-PA,UOP02-DEL02-PA
566679,2023-12-09,sábado,19:30:00,PA,316,"245,8",CACHOEIRA DO PIRIA,Acessar a via sem observar a presença dos outros veículos,Colisão lateral mesmo sentido,Com Vítimas Fatais,Plena Noite,Decrescente,Céu Claro,Simples,Reta,Não,5,1,1,0,2,1,1,3,"-1,75465174","-46,5520828",SPRF-PA,DEL01-PA,UOP04-DEL01-PA
567698,2023-12-14,quinta-feira,14:00:00,PA,316,35,SANTA IZABEL DO PARA,Reação tardia ou ineficiente do condutor,Colisão lateral mesmo sentido,Sem Vítimas,Pleno dia,Crescente,Sol,Dupla,Desvio Temporário,Sim,2,0,0,0,2,0,0,2,"-1,29146197","-48,164561",SPRF-PA,DEL01-PA,UOP01-DEL01-PA
567788,2023-12-14,quinta-feira,18:50:00,PA,10,120,PARAGOMINAS,Ausência de reação do condutor,Colisão frontal,Com Vítimas Feridas,Plena Noite,Crescente,Nublado,Simples,Reta;Declive,Não,6,0,0,4,1,2,4,4,"-3,392432","-47,444252",SPRF-PA,DEL02-PA,UOP01-DEL02-PA
568208,2023-12-16,sábado,11:50:00,PA,230,1138,ITAITUBA,Acessar a via sem observar a presença dos outros veículos,Colisão lateral sentido oposto,Sem Vítimas,Pleno dia,Decrescente,Céu Claro,Dupla,Rotatória;Reta,Sim,2,0,0,0,2,0,0,2,"-4,24736291","-56,02276325",SPRF-PA,DEL05-PA,UOP02-DEL05-PA
568628,2023-12-17,domingo,15:40:00,PA,230,1162,ITAITUBA,Reação tardia ou ineficiente do condutor,Colisão frontal,Com Vítimas Feridas,Pleno dia,Crescente,Céu Claro,Simples,Curva;Declive,Não,3,0,1,0,2,0,1,2,"-4,349005","-56,192321",SPRF-PA,DEL05-PA,UOP02-DEL05-PA
568699,2023-12-18,segunda-feira,06:00:00,PA,316,102,SANTA MARIA DO PARA,Velocidade Incompatível,Tombamento,Com Vítimas Feridas,Pleno dia,Decrescente,Sol,Simples,Rotatória,Sim,2,0,1,0,0,1,1,2,"-1,33808348","-47,58656009",SPRF-PA,DEL01-PA,UOP02-DEL01-PA
568732,2023-12-18,segunda-feira,13:30:00,PA,316,"50,9",SANTA IZABEL DO PARA,Manobra de mudança de faixa,Colisão lateral mesmo sentido,Com Vítimas Feridas,Pleno dia,Crescente,Céu Claro,Dupla,Reta,Não,3,0,1,0,1,1,1,3,"-1,304277","-48,04272",SPRF-PA,DEL01-PA,UOP01-DEL01-PA
568980,2023-12-19,terça-feira,14:00:00,PA,316,76,SAO FRANCISCO DO PARA,Ultrapassagem Indevida,Colisão lateral mesmo sentido,Com Vítimas Feridas,Pleno dia,Crescente,Céu Claro,Simples,Reta,Não,3,0,0,2,0,1,2,2,"-1,29862919","-47,81449908",SPRF-PA,DEL01-PA,UOP01-DEL01-PA
569577,2023-12-21,quinta-feira,16:20:00,PA,163,557,TRAIRAO,Reação tardia ou ineficiente do condutor,Capotamento,Com Vítimas Feridas,Pleno dia,Crescente,Chuva,Simples,Curva,Não,3,0,0,1,2,0,1,1,"-5,14202558","-56,09856553",SPRF-PA,DEL05-PA,UOP02-DEL05-PA