id,data_inversa,dia_semana,horario,uf,br,km,municipio,causa_acidente,tipo_acidente,classificacao_acidente,fase_dia,sentido_via,condicao_metereologica,tipo_pista,tracado_via,uso_solo,pessoas,mortos,feridos_leves,feridos_graves,ilesos,ignorados,feridos,veiculos,latitude,longitude,regional,delegacia,uop
569818,2023-12-22,sexta-feira,20:00:00,PA,316,75,SAO FRANCISCO DO PARA,Acessar a via sem observar a presença dos outros veículos,Saída de leito carroçável,Com Vítimas Fatais,Plena Noite,Crescente,Chuva,Simples,Reta,Não,2,1,0,0,1,0,0,2,"-1,2948","-47,82153",SPRF-PA,DEL01-PA,UOP01-DEL01-PA
570095,2023-12-23,sábado,13:10:00,PA,10,166,PARAGOMINAS,Demais falhas mecânicas ou elétricas,Incêndio,Sem Vítimas,Pleno dia,Decrescente,Céu Claro,Simples,Reta,Sim,2,0,0,0,1,1,0,2,"-2,98299179","-47,45475084",SPRF-PA,DEL02-PA,UOP01-DEL02-PA
570232,2023-12-24,domingo,02:35:00,PA,316,"128,5",NOVA TIMBOTEUA,Transitar na contramão,Colisão frontal,Com Vítimas Fatais,Plena Noite,Crescente,Céu Claro,Simples,Reta,Não,9,2,1,3,2,1,4,3,"-1,294187","-47,36789",SPRF-PA,DEL01-PA,UOP03-DEL01-PA
570395,2023-12-24,domingo,21:00:00,PA,163,308,NOVO PROGRESSO,Transitar na contramão,Colisão frontal,Com Vítimas Feridas,Plena Noite,Crescente,Nublado,Simples,Reta;Declive,Não,6,0,0,2,3,1,2,2,"-7,07445201","-55,40737611",SPRF-PA,DEL05-PA,UOP02-DEL05-PA
571100,2023-12-28,quinta-feira,09:55:00,PA,10,"176,5",PARAGOMINAS,Velocidade Incompatível,Tombamento,Com Vítimas Feridas,Pleno dia,Decrescente,Sol,Simples,Rotatória,Não,4,0,1,0,2,1,1,2,"-2,89433295","-47,4335408",SPRF-PA,DEL02-PA,UOP01-DEL02-PA
571441,2023-12-29,sexta-feira,18:00:00,PA,230,1125,ITAITUBA,Manobra de mudança de faixa,Colisão frontal,Com Vítimas Fatais,Anoitecer,Crescente,Chuva,Simples,Reta,Não,4,1,0,0,2,3,0,6,"-4,38681871","-55,87952914",SPRF-PA,DEL05-PA,UOP02-DEL05-PA
571457,2023-12-30,sábado,06:31:00,PA,316,98,SAO FRANCISCO DO PARA,Condutor deixou de manter distância do veículo da frente,Colisão traseira,Com Vítimas Feridas,Amanhecer,Crescente,Céu Claro,Simples,Reta,Não,15,0,8,0,7,0,8,4,"-1,33188337","-47,62160007",SPRF-PA,DEL01-PA,UOP02-DEL01-PA
571510,2023-12-30,sábado,07:40:00,PA,10,"12,5",DOM ELISEU,Transitar na contramão,Colisão frontal,Com Vítimas Fatais,Pleno dia,Decrescente,Nublado,Simples,Declive;Curva,Não,4,1,2,0,0,1,2,3,"-4,339672","-47,53645995",SPRF-PA,DEL02-PA,UOP02-DEL02-PA
571551,2023-12-30,sábado,15:30:00,PA,230,124,MARABA,Reação tardia ou ineficiente do condutor,Colisão traseira,Sem Vítimas,Pleno dia,Decrescente,Nublado,Dupla,Interseção de Vias;Reta,Sim,2,0,0,0,2,0,0,2,"-5,37407079","-49,13575802",SPRF-PA,DEL03-PA,UOP01-DEL03-PA
572105,2023-12-13,quarta-feira,22:35:00,PA,316,70,CASTANHAL,Transitar na contramão,Colisão frontal,Com Vítimas Fatais,Plena Noite,Crescente,Céu Claro,Simples,Reta,Não,3,1,0,0,1,2,0,4,"-1,29157829","-47,86624498",SPRF-PA,DEL01-PA,UOP01-DEL01-PA
572152,2023-12-31,domingo,01:00:00,PA,230,741,MEDICILANDIA,Transitar na contramão,Colisão frontal,Com Vítimas Fatais,Plena Noite,Decrescente,Ignorado,Simples,Reta,Não,2,1,0,0,0,1,0,2,"-3,4417728","-52,85696137",SPRF-PA,DEL04-PA,UOP01-DEL04-PA
575911,2023-11-17,sexta-feira,14:17:00,PA,163,426,ITAITUBA,Transitar na contramão,Saída de leito carroçável,Sem Vítimas,Pleno dia,Decrescente,Céu Claro,Simples,Reta,Não,2,0,0,0,1,2,0,3,"-6,09629642","-55,63056488",SPRF-PA,DEL05-PA,UOP02-DEL05-PA
576814,2023-12-02,sábado,03:00:00,PA,222,"78,9",RONDON DO PARA,Transitar na contramão,Colisão frontal,Com Vítimas Fatais,Plena Noite,Decrescente,Céu Claro,Simples,Declive,Não,3,1,0,0,1,3,0,5,"-4,622892","-47,890078",SPRF-PA,DEL02-PA,UOP02-DEL02-PA
591563,2023-01-28,sábado,00:37:00,PA,163,158,ALTAMIRA,Ausência de reação do condutor,Tombamento,Com Vítimas Fatais,Plena Noite,Crescente,Ignorado,Simples,Reta,Sim,2,1,0,0,0,1,0,2,"-8,319565","-55,0993",SPRF-PA,DEL05-PA,UOP02-DEL05-PA
591880,2023-09-02,sábado,14:29:00,PA,163,310,NOVO PROGRESSO,Reação tardia ou ineficiente do condutor,Colisão frontal,Com Vítimas Fatais,Pleno dia,Crescente,Ignorado,Dupla,Curva,Sim,2,1,0,0,0,1,0,2,"-7,055771","-55,408294",SPRF-PA,DEL05-PA,UOP02-DEL05-PA
608109,2023-11-06,segunda-feira,19:20:00,PA,158,754,SANTANA DO ARAGUAIA,Manobra de mudança de faixa,Colisão com objeto,Com Vítimas Feridas,Plena Noite,Crescente,Céu Claro,Simples,Reta,Não,2,0,0,1,0,1,1,2,"-9,16839776","-50,35371859",SPRF-PA,DEL03-PA,UOP01-DEL03-PA
609954,2023-12-20,quarta-feira,12:36:00,PA,163,312,NOVO PROGRESSO,Ultrapassagem Indevida,Colisão frontal,Com Vítimas Feridas,Pleno dia,Decrescente,Céu Claro,Simples,Reta,Sim,3,0,0,1,1,2,1,4,"-7,04006395","-55,4149349",SPRF-PA,DEL05-PA,UOP02-DEL05-PA
527765,2023-06-06,terça-feira,16:30:00,PA,230,77,SAO JOAO DO ARAGUAIA,Reação tardia ou ineficiente do condutor,Engavetamento,Sem Vítimas,Anoitecer,Decrescente,Sol,Simples,Reta;Declive,Não,4,0,0,0,3,2,0,5,"-5,47963079","-48,76879396",SPRF-PA,DEL03-PA,UOP01-DEL03-PA
546219,2023-09-02,sábado,19:30:00,PA,230,108,MARABA,Ingestão de álcool pelo condutor,Colisão frontal,Com Vítimas Feridas,Plena Noite,Crescente,Céu Claro,Simples,Reta,Não,8,0,3,1,3,1,4,4,"-5,37733431","-49,01367307",SPRF-PA,DEL03-PA,UOP01-DEL03-PA
568290,2023-12-16,sábado,15:20:00,PA,316,65,CASTANHAL,Trafegar com motocicleta (ou similar) entre as faixas,Queda de ocupante de veículo,Com Vítimas Feridas,Pleno dia,Crescente,Sol,Dupla,Reta,Sim,2,0,1,0,0,1,1,2,"-1,29580361","-47,91084002",SPRF-PA,DEL01-PA,UOP01-DEL01-PA
496538,2023-01-01,domingo,03:00:00,PA,316,"119,8",SANTA MARIA DO PARA,Ausência de reação do condutor,Colisão transversal,Com Vítimas Fatais,Plena Noite,Crescente,Céu Claro,Simples,Reta,Não,2,1,0,1,0,0,1,2,"-1,31062901","-47,443276",SPRF-PA,DEL01-PA,UOP02-DEL01-PA
496549,2023-01-01,domingo,05:00:00,PA,163,982,SANTAREM,Acessar a via sem observar a presença dos outros veículos,Colisão traseira,Com Vítimas Feridas,Amanhecer,Crescente,Ignorado,Simples,Reta,Sim,2,0,0,1,0,1,1,2,"-2,6226074","-54,73532058",SPRF-PA,DEL05-PA,UOP01-DEL05-PA
496727,2023-01-02,segunda-feira,00:05:00,PA,316,24,BENEVIDES,Conversão proibida,Colisão transversal,Com Vítimas Feridas,Plena Noite,Crescente,Ignorado,Dupla,Reta,Sim,3,0,2,1,0,0,3,2,"-1,34599732","-48,25152822",SPRF-PA,DEL01-PA,UOP01-DEL01-PA
496870,2023-01-02,segunda-feira,16:00:00,PA,316,89,SAO FRANCISCO DO PARA,Acesso irregular,Colisão lateral mesmo sentido,Com Vítimas Feridas,Pleno dia,Crescente,Nublado,Simples,Reta,Não,4,0,1,0,3,0,1,2,"-1,3179079","-47,70074398",SPRF-PA,DEL01-PA,UOP02-DEL01-PA
496946,2023-01-03,terça-feira,05:30:00,PA,316,"35,5",SANTA IZABEL DO PARA,Entrada inopinada do pedestre,Atropelamento de Pedestre,Com Vítimas Fatais,Amanhecer,Crescente,Nublado,Dupla,Reta,Sim,3,1,0,0,2,0,0,2,"-1,29146197","-48,164561",SPRF-PA,DEL01-PA,UOP01-DEL01-PA
496982,2023-01-03,terça-feira,08:40:00,PA,10,328,SAO MIGUEL DO GUAMA,Avarias e/ou desgaste excessivo no pneu,Tombamento,Com Vítimas Feridas,Pleno dia,Crescente,Céu Claro,Simples,Curva;Aclive,Não,3,0,3,0,0,0,3,1,"-1,5722672","-47,5061904",SPRF-PA,DEL01-PA,UOP02-DEL01-PA
497131,2023-01-03,terça-feira,14:35:00,PA,163,653,ITAITUBA,Chuva,Saída de leito carroçável,Com Vítimas Feridas,Pleno dia,Decrescente,Chuva,Simples,Curva,Não,2,0,1,0,1,0,1,1,"-4,50624587","-55,86575279",SPRF-PA,DEL05-PA,UOP01-DEL05-PA
497413,2023-01-05,quinta-feira,13:10:00,PA,316,"70,5",CASTANHAL,Avarias e/ou desgaste excessivo no pneu,Saída de leito carroçável,Com Vítimas Feridas,Pleno dia,Crescente,Céu Claro,Simples,Reta,Não,2,0,2,0,0,0,2,1,"-1,29157829","-47,86624498",SPRF-PA,DEL01-PA,UOP01-DEL01-PA
497438,2023-01-05,quinta-feira,13:45:00,PA,163,980,SANTAREM,Demais falhas mecânicas ou elétricas,Incêndio,Sem Vítimas,Pleno dia,Crescente,Sol,Simples,Curva,Não,1,0,0,0,1,0,0,1,"-2,63482156","-54,74836014",SPRF-PA,DEL05-PA,UOP01-DEL05-PA
497465,2023-01-05,quinta-feira,06:30:00,PA,230,693,ALTAMIRA,Ausência de reação do condutor,Saída de leito carroçável,Com Vítimas Feridas,Amanhecer,Decrescente,Chuva,Simples,Reta,Não,1,0,1,0,0,0,1,1,"-3,29997843","-52,49878792",SPRF-PA,DEL04-PA,UOP01-DEL04-PA
498141,2023-01-09,segunda-feira,07:05:00,PA,316,"63,4",CASTANHAL,Ultrapassagem Indevida,Colisão lateral mesmo sentido,Com Vítimas Feridas,Pleno dia,Decrescente,Céu Claro,Dupla,Reta,Sim,5,0,2,0,3,0,2,2,"-1,29679363","-47,92878096",SPRF-PA,DEL01-PA,UOP01-DEL01-PA
498233,2023-01-09,segunda-feira,14:45:00,PA,10,"2,1",DOM ELISEU,Condutor deixou de manter distância do veículo da frente,Colisão traseira,Com Vítimas Feridas,Pleno dia,Crescente,Nublado,Simples,Aclive;Reta,Não,4,0,1,0,3,0,1,2,"-4,42779599","-47,53626682",SPRF-PA,DEL02-PA,UOP02-DEL02-PA
498365,2023-01-10,terça-feira,11:00:00,PA,230,125,MARABA,Acessar a via sem observar a presença dos outros veículos,Colisão transversal,Com Vítimas Feridas,Pleno dia,Crescente,Nublado,Simples,Reta;Declive,Sim,2,0,0,1,1,0,1,2,"-5,37652185","-49,14349399",SPRF-PA,DEL03-PA,UOP01-DEL03-PA
498383,2023-01-10,terça-feira,10:45:00,PA,230,121,MARABA,Acessar a via sem observar a presença dos outros veículos,Colisão transversal,Com Vítimas Feridas,Pleno dia,Decrescente,Céu Claro,Múltipla,Reta;Interseção de Vias,Sim,2,0,0,1,1,0,1,2,"-5,36244079","-49,12404656",SPRF-PA,DEL03-PA,UOP01-DEL03-PA
498417,2023-01-10,terça-feira,16:30:00,PA,222,31,DOM ELISEU,Acumulo de areia ou detritos sobre o pavimento,Queda de ocupante de veículo,Com Vítimas Feridas,Pleno dia,Crescente,Nublado,Simples,Reta;Declive,Não,1,0,1,0,0,0,1,1,"-4,325198","-47,669346",SPRF-PA,DEL02-PA,UOP02-DEL02-PA
498709,2023-01-12,quinta-feira,11:25:00,PA,10,"16,3",DOM ELISEU,Frear bruscamente,Queda de ocupante de veículo,Com Vítimas Feridas,Pleno dia,Decrescente,Sol,Simples,Reta,Sim,1,0,1,0,0,0,1,1,"-4,310932","-47,55446699",SPRF-PA,DEL02-PA,UOP02-DEL02-PA
498741,2023-01-12,quinta-feira,16:00:00,PA,316,"50,4",CASTANHAL,Ausência de reação do condutor,Saída de leito carroçável,Com Vítimas Feridas,Pleno dia,Decrescente,Céu Claro,Dupla,Curva,Não,4,0,2,0,2,0,2,1,"-1,306616","-48,039637",SPRF-PA,DEL01-PA,UOP01-DEL01-PA
499444,2023-01-15,domingo,19:30:00,PA,10,164,PARAGOMINAS,Manobra de mudança de faixa,Colisão lateral sentido oposto,Com Vítimas Feridas,Plena Noite,Decrescente,Chuva,Simples,Reta,Sim,4,0,0,3,1,0,3,2,"-3,00411293","-47,45984316",SPRF-PA,DEL02-PA,UOP01-DEL02-PA
499729,2023-01-02,segunda-feira,09:30:00,PA,163,"567,6",TRAIRAO,Velocidade Incompatível,Queda de ocupante de veículo,Com Vítimas Feridas,Pleno dia,Crescente,Ignorado,Simples,Reta,Não,2,0,1,0,1,0,1,1,"-5,069905","-56,15662",SPRF-PA,DEL05-PA,UOP01-DEL05-PA
499963,2023-01-10,terça-feira,15:00:00,PA,308,151,CAPANEMA,Acessar a via sem observar a presença dos outros veículos,Colisão transversal,Com Vítimas Feridas,Pleno dia,Decrescente,Céu Claro,Simples,Reta,Sim,2,0,1,0,0,1,1,2,"-1,21064","-47,182743",SPRF-PA,DEL01-PA,UOP03-DEL01-PA
500126,2023-01-19,quinta-feira,03:22:00,PA,163,320,NOVO PROGRESSO,Velocidade Incompatível,Colisão lateral mesmo sentido,Sem Vítimas,Pleno dia,Crescente,Sol,Simples,Reta,Não,1,0,0,0,0,1,0,1,"-6,968144","-55,44874",SPRF-PA,DEL05-PA,UOP01-DEL05-PA
500367,2023-01-22,domingo,20:30:00,PA,230,631,ALTAMIRA,Ingestão de álcool pelo condutor,Saída de leito carroçável,Sem Vítimas,Plena Noite,Crescente,Céu Claro,Dupla,Rotatória,Sim,1,0,0,0,1,0,0,1,"-3,17369255","-52,17226002",SPRF-PA,DEL04-PA,UOP01-DEL04-PA
500517,2023-01-04,quarta-feira,16:40:00,PA,163,339,NOVO PROGRESSO,Transitar na contramão,Saída de leito carroçável,Sem Vítimas,Pleno dia,Crescente,Céu Claro,Simples,Reta,Não,4,0,0,0,0,4,0,1,"-6,820006","-55,46949",SPRF-PA,DEL05-PA,UOP01-DEL05-PA
500555,2023-01-22,domingo,20:15:00,PA,316,57,CASTANHAL,Ausência de reação do condutor,Colisão com objeto,Com Vítimas Feridas,Plena Noite,Crescente,Ignorado,Dupla,Reta,Sim,1,0,1,0,0,0,1,1,"-1,299203","-47,967472",SPRF-PA,DEL01-PA,UOP01-DEL01-PA
500858,2023-01-06,sexta-feira,10:19:00,PA,316,63,CASTANHAL,Condutor deixou de manter distância do veículo da frente,Colisão traseira,Com Vítimas Feridas,Pleno dia,Crescente,Céu Claro,Dupla,Reta,Sim,4,0,2,0,2,0,2,2,"-1,29679363","-47,92878096",SPRF-PA,DEL01-PA,UOP01-DEL01-PA
500890,2023-01-24,terça-feira,17:50:00,PA,308,152,CAPANEMA,Acessar a via sem observar a presença dos outros veículos,Tombamento,Com Vítimas Feridas,Anoitecer,Crescente,Ignorado,Simples,Interseção de Vias,Não,2,0,0,1,1,0,1,2,"-1,20594664","-47,17506821",SPRF-PA,DEL01-PA,UOP03-DEL01-PA
501181,2023-01-23,segunda-feira,02:20:00,PA,230,1113,ITAITUBA,Ausência de reação do condutor,Tombamento,Com Vítimas Feridas,Plena Noite,Decrescente,Nevoeiro/Neblina,Simples,Declive;Reta,Não,1,0,0,1,0,0,1,1,"-4,38802848","-55,8810482",SPRF-PA,DEL05-PA,UOP01-DEL05-PA
501375,2023-01-26,quinta-feira,17:50:00,PA,316,55,CASTANHAL,Reação tardia ou ineficiente do condutor,Colisão traseira,Com Vítimas Feridas,Pleno dia,Decrescente,Sol,Dupla,Declive;Reta,Não,4,0,1,0,2,1,1,3,"-1,30561339","-47,99919919",SPRF-PA,DEL01-PA,UOP01-DEL01-PA
501864,2023-01-29,domingo,05:45:00,PA,10,353,SANTA MARIA DO PARA,Ausência de reação do condutor,Colisão traseira,Com Vítimas Feridas,Amanhecer,Decrescente,Nublado,Simples,Reta,Sim,3,0,0,2,0,1,2,2,"-1,35646249","-47,57423141",SPRF-PA,DEL01-PA,UOP02-DEL01-PA
502020,2023-01-29,domingo,17:00:00,PA,316,44,SANTA IZABEL DO PARA,Acumulo de água sobre o pavimento,Saída de leito carroçável,Com Vítimas Feridas,Anoitecer,Crescente,Chuva,Dupla,Reta,Não,5,0,2,2,1,0,4,1,"-1,27592647","-48,08710906",SPRF-PA,DEL01-PA,UOP01-DEL01-PA
502086,2023-01-29,domingo,19:00:00,PA,230,515,ANAPU,Objeto estático sobre o leito carroçável,Colisão com objeto,Com Vítimas Fatais,Plena Noite,Crescente,Chuva,Simples,Reta,Não,2,1,0,0,1,0,0,2,"-3,36922044","-51,32427426",SPRF-PA,DEL04-PA,UOP01-DEL04-PA
502811,2023-02-02,quinta-feira,00:10:00,PA,163,644,TRAIRAO,Objeto estático sobre o leito carroçável,Tombamento,Com Vítimas Feridas,Plena Noite,Decrescente,Céu Claro,Simples,Reta;Declive,Não,1,0,1,0,0,0,1,1,"-4,55704148","-55,92057324",SPRF-PA,DEL05-PA,UOP01-DEL05-PA
503136,2023-02-04,sábado,17:20:00,PA,230,1128,ITAITUBA,Ingestão de álcool pelo condutor,Atropelamento de Pedestre,Com Vítimas Feridas,Anoitecer,Crescente,Céu Claro,Simples,Curva,Sim,2,0,0,1,0,1,1,2,"-4,39343854","-55,90266548",SPRF-PA,DEL05-PA,UOP02-DEL05-PA
503583,2023-01-16,segunda-feira,01:30:00,PA,316,47,SANTA IZABEL DO PARA,Condutor deixou de manter distância do veículo da frente,Colisão traseira,Com Vítimas Feridas,Plena Noite,Decrescente,Céu Claro,Dupla,Reta,Sim,2,0,1,0,0,1,1,2,"-1,2853682","-48,06269824",SPRF-PA,DEL01-PA,UOP01-DEL01-PA
503932,2023-02-08,quarta-feira,19:20:00,PA,316,"150,5",CAPANEMA,Acessar a via sem observar a presença dos outros veículos,Colisão transversal,Com Vítimas Feridas,Plena Noite,Decrescente,Nublado,Simples,Reta,Sim,3,0,1,2,0,0,3,2,"-1,215274","-47,19026",SPRF-PA,DEL01-PA,UOP03-DEL01-PA
504001,2023-01-12,quinta-feira,16:40:00,PA,163,973,SANTAREM,Condutor deixou de manter distância do veículo da frente,Colisão traseira,Com Vítimas Feridas,Pleno dia,Crescente,Céu Claro,Simples,Reta,Não,6,0,2,0,4,0,2,2,"-2,64879863","-54,80989708",SPRF-PA,DEL05-PA,UOP01-DEL05-PA
504005,2023-01-20,sexta-feira,17:30:00,PA,316,"44,4",SANTA IZABEL DO PARA,Ingestão de álcool pelo condutor,Saída de leito carroçável,Com Vítimas Feridas,Anoitecer,Decrescente,Chuva,Dupla,Reta,Não,6,0,4,0,2,0,4,1,"-1,27592647","-48,08710906",SPRF-PA,DEL01-PA,UOP01-DEL01-PA
504041,2023-02-09,quinta-feira,12:05:00,PA,308,151,CAPANEMA,Acessar a via sem observar a presença dos outros veículos,Colisão transversal,Com Vítimas Feridas,Pleno dia,Crescente,Céu Claro,Simples,Reta,Sim,2,0,1,0,1,0,1,2,"-1,206079","-47,175357",SPRF-PA,DEL01-PA,UOP03-DEL01-PA
504063,2023-01-29,domingo,15:45:00,PA,316,"93,2",SAO FRANCISCO DO PARA,Transitar na contramão,Colisão lateral sentido oposto,Com Vítimas Fatais,Pleno dia,Crescente,Garoa/Chuvisco,Simples,Aclive;Reta,Não,2,1,0,0,1,0,0,2,"-1,32412974","-47,66551295",SPRF-PA,DEL01-PA,UOP02-DEL01-PA
504259,2023-02-10,sexta-feira,13:30:00,PA,308,151,CAPANEMA,Acessar a via sem observar a presença dos outros veículos,Colisão transversal,Com Vítimas Feridas,Pleno dia,Crescente,Nublado,Simples,Reta,Sim,3,0,0,1,2,0,1,2,"-1,21064","-47,182743",SPRF-PA,DEL01-PA,UOP03-DEL01-PA
504316,2023-02-10,sexta-feira,19:15:00,PA,308,181,TRACUATEUA,Acessar a via sem observar a presença dos outros veículos,Colisão lateral mesmo sentido,Com Vítimas Feridas,Plena Noite,Crescente,Chuva,Simples,Reta,Não,2,0,1,0,1,0,1,2,"-1,13735188","-46,94633026",SPRF-PA,DEL01-PA,UOP03-DEL01-PA
504434,2023-02-11,sábado,10:00:00,PA,308,151,CAPANEMA,Acessar a via sem observar a presença dos outros veículos,Colisão frontal,Com Vítimas Feridas,Pleno dia,Crescente,Céu Claro,Simples,Reta;Interseção de Vias,Sim,2,0,0,1,1,0,1,2,"-1,21064","-47,182743",SPRF-PA,DEL01-PA,UOP03-DEL01-PA
504499,2023-02-11,sábado,16:00:00,PA,316,28,BENEVIDES,Condutor deixou de manter distância do veículo da frente,Colisão traseira,Com Vítimas Feridas,Anoitecer,Decrescente,Chuva,Dupla,Reta,Não,6,0,2,2,2,0,4,2,"-1,313092","-48,222924",SPRF-PA,DEL01-PA,UOP01-DEL01-PA
504528,2023-02-11,sábado,17:30:00,PA,0,0,CAPANEMA,Pista Escorregadia,Colisão com objeto,Sem Vítimas,Pleno dia,Não Informado,Nublado,Simples,Curva;Interseção de Vias,Sim,3,0,0,0,3,0,0,1,"-1,19934513","-47,16018856",SPRF-PA,DEL01-PA,UOP03-DEL01-PA
504533,2023-02-11,sábado,18:14:00,PA,316,39,SANTA IZABEL DO PARA,Reação tardia ou ineficiente do condutor,Eventos atípicos,Com Vítimas Feridas,Anoitecer,Decrescente,Céu Claro,Dupla,Reta,Não,2,0,0,1,1,0,1,2,"-1,28141702","-48,131196",SPRF-PA,DEL01-PA,UOP01-DEL01-PA
504676,2023-02-12,domingo,09:20:00,PA,316,"34,2",SANTA IZABEL DO PARA,Ingestão de álcool pelo condutor,Saída de leito carroçável,Com Vítimas Feridas,Pleno dia,Crescente,Céu Claro,Dupla,Curva,Sim,2,0,0,1,0,1,1,1,"-1,29833956","-48,18889696",SPRF-PA,DEL01-PA,UOP01-DEL01-PA
504773,2023-02-12,domingo,22:00:00,PA,316,"36,1",SANTA IZABEL DO PARA,Entrada inopinada do pedestre,Atropelamento de Pedestre,Com Vítimas Fatais,Plena Noite,Crescente,Céu Claro,Dupla,Reta,Sim,5,1,0,0,4,0,0,2,"-1,29009976","-48,15602469",SPRF-PA,DEL01-PA,UOP01-DEL01-PA
504789,2023-02-12,domingo,20:00:00,PA,316,92,IGARAPE-ACU,Ingestão de álcool pelo condutor,Tombamento,Com Vítimas Feridas,Plena Noite,Crescente,Céu Claro,Simples,Reta;Declive,Não,1,0,1,0,0,0,1,1,"-1,32257993","-47,67432199",SPRF-PA,DEL01-PA,UOP02-DEL01-PA
504807,2023-02-12,domingo,20:00:00,PA,230,198,ITUPIRANGA,Condutor deixou de manter distância do veículo da frente,Colisão traseira,Com Vítimas Feridas,Plena Noite,Decrescente,Céu Claro,Simples,Reta,Não,2,0,0,1,0,1,1,2,"-4,971031","-49,445023",SPRF-PA,DEL03-PA,UOP01-DEL03-PA
505186,2023-02-15,quarta-feira,02:30:00,PA,316,35,SANTA IZABEL DO PARA,Transitar na contramão,Colisão frontal,Com Vítimas Feridas,Plena Noite,Decrescente,Céu Claro,Dupla,Reta,Sim,2,0,0,2,0,0,2,2,"-1,29146197","-48,164561",SPRF-PA,DEL01-PA,UOP01-DEL01-PA
505442,2023-02-16,quinta-feira,12:30:00,PA,316,"22,5",BENEVIDES,Reação tardia ou ineficiente do condutor,Tombamento,Com Vítimas Fatais,Pleno dia,Crescente,Nublado,Dupla,Reta;Interseção de Vias;Retorno Regulamentado,Sim,2,1,0,0,1,0,0,2,"-1,349507","-48,254057",SPRF-PA,DEL01-PA,UOP01-DEL01-PA
505475,2023-02-16,quinta-feira,13:10:00,PA,316,"21,9",BENEVIDES,Acessar a via sem observar a presença dos outros veículos,Colisão transversal,Com Vítimas Feridas,Pleno dia,Crescente,Chuva,Dupla,Reta,Sim,3,0,0,1,1,1,1,3,"-1,35393892","-48,25736046",SPRF-PA,DEL01-PA,UOP01-DEL01-PA
505564,2023-02-16,quinta-feira,23:00:00,PA,163,515,TRAIRAO,Ingestão de álcool pelo condutor,Tombamento,Com Vítimas Feridas,Plena Noite,Crescente,Ignorado,Simples,Reta,Não,2,0,2,0,0,0,2,1,"-5,39482295","-55,88311177",SPRF-PA,DEL05-PA,UOP02-DEL05-PA
505691,2023-02-17,sexta-feira,12:27:00,PA,230,1124,ITAITUBA,Reação tardia ou ineficiente do condutor,Saída de leito carroçável,Com Vítimas Feridas,Pleno dia,Crescente,Nublado,Simples,Reta,Não,1,0,1,0,0,0,1,1,"-4,3837237","-55,87127611",SPRF-PA,DEL05-PA,UOP02-DEL05-PA
505736,2023-02-17,sexta-feira,20:30:00,PA,316,"63,9",CASTANHAL,Ausência de reação do condutor,Colisão traseira,Com Vítimas Feridas,Plena Noite,Crescente,Céu Claro,Dupla,Reta,Sim,6,0,2,0,4,0,2,2,"-1,29676634","-47,92878097",SPRF-PA,DEL01-PA,UOP01-DEL01-PA
505830,2023-02-18,sábado,06:10:00,PA,316,"2,3",ANANINDEUA,Problema com o freio,Colisão traseira,Sem Vítimas,Plena Noite,Crescente,Céu Claro,Dupla,Reta,Sim,2,0,0,0,2,0,0,2,"-1,396582","-48,422993",SPRF-PA,DEL01-PA,UOP01-DEL01-PA
505898,2023-02-18,sábado,10:00:00,PA,10,150,PARAGOMINAS,Pista esburacada,Colisão traseira,Com Vítimas Feridas,Pleno dia,Crescente,Céu Claro,Simples,Reta,Não,4,0,2,0,2,0,2,2,"-3,12473001","-47,48785397",SPRF-PA,DEL02-PA,UOP01-DEL02-PA
506090,2023-02-19,domingo,05:20:00,PA,10,23,DOM ELISEU,Manobra de mudança de faixa,Colisão lateral sentido oposto,Com Vítimas Feridas,Amanhecer,Crescente,Nublado,Simples,Aclive,Não,2,0,0,1,1,0,1,2,"-4,243923","-47,55841",SPRF-PA,DEL02-PA,UOP02-DEL02-PA
506265,2023-02-20,segunda-feira,01:00:00,PA,308,193,BRAGANCA,Transitar na contramão,Colisão lateral sentido oposto,Com Vítimas Feridas,Plena Noite,Crescente,Céu Claro,Simples,Reta,Não,2,0,1,0,0,1,1,2,"-1,07541058","-46,85633484",SPRF-PA,DEL01-PA,UOP03-DEL01-PA
506293,2023-02-20,segunda-feira,03:00:00,PA,316,263,CACHOEIRA DO PIRIA,Animais na Pista,Atropelamento de Animal,Sem Vítimas,Pleno dia,Crescente,Céu Claro,Simples,Reta,Não,1,0,0,0,0,1,0,1,"-1,822716","-46,394403",SPRF-PA,DEL01-PA,UOP04-DEL01-PA