id,data_inversa,dia_semana,horario,uf,br,km,municipio,causa_acidente,tipo_acidente,classificacao_acidente,fase_dia,sentido_via,condicao_metereologica,tipo_pista,tracado_via,uso_solo,pessoas,mortos,feridos_leves,feridos_graves,ilesos,ignorados,feridos,veiculos,latitude,longitude,regional,delegacia,uop
506455,2023-02-21,terça-feira,09:20:00,PA,316,62,CASTANHAL,Ausência de reação do condutor,Colisão transversal,Com Vítimas Feridas,Pleno dia,Crescente,Céu Claro,Dupla,Reta;Interseção de Vias,Sim,3,0,0,1,1,1,1,3,"-1,29786885","-47,93764104",SPRF-PA,DEL01-PA,UOP01-DEL01-PA
506460,2023-02-21,terça-feira,09:40:00,PA,10,16,DOM ELISEU,Ausência de reação do condutor,Saída de leito carroçável,Com Vítimas Feridas,Pleno dia,Crescente,Céu Claro,Simples,Reta,Sim,1,0,0,1,0,0,1,1,"-4,310932","-47,55446699",SPRF-PA,DEL02-PA,UOP02-DEL02-PA
506467,2023-02-21,terça-feira,10:54:00,PA,316,104,SANTA MARIA DO PARA,Frear bruscamente,Engavetamento,Com Vítimas Feridas,Pleno dia,Decrescente,Sol,Simples,Reta;Declive,Sim,10,0,2,0,8,0,2,4,"-1,34122377","-47,56882496",SPRF-PA,DEL01-PA,UOP02-DEL01-PA
506539,2023-02-21,terça-feira,16:00:00,PA,10,331,SAO MIGUEL DO GUAMA,Ausência de reação do condutor,Capotamento,Com Vítimas Feridas,Pleno dia,Crescente,Garoa/Chuvisco,Simples,Reta;Declive,Não,2,0,2,0,0,0,2,1,"-1,54592096","-47,51292285",SPRF-PA,DEL01-PA,UOP02-DEL01-PA
506556,2023-02-21,terça-feira,23:20:00,PA,230,119,MARABA,Ausência de reação do condutor,Colisão traseira,Com Vítimas Feridas,Plena Noite,Crescente,Céu Claro,Dupla,Reta,Sim,2,0,1,0,1,0,1,2,"-5,350407","-49,105981",SPRF-PA,DEL03-PA,UOP01-DEL03-PA
506824,2023-02-15,quarta-feira,08:00:00,PA,316,54,CASTANHAL,Manobra de mudança de faixa,Colisão traseira,Com Vítimas Feridas,Pleno dia,Crescente,Sol,Dupla,Reta,Sim,4,0,1,0,3,0,1,2,"-1,30608532","-48,00803597",SPRF-PA,DEL01-PA,UOP01-DEL01-PA
506835,2023-02-21,terça-feira,11:30:00,PA,163,647,ITAITUBA,Ausência de reação do condutor,Tombamento,Com Vítimas Feridas,Pleno dia,Crescente,Chuva,Simples,Reta;Declive,Não,1,0,1,0,0,0,1,1,"-4,53888994","-55,90179704",SPRF-PA,DEL05-PA,UOP02-DEL05-PA
506903,2023-02-24,sexta-feira,04:40:00,PA,10,268,MAE DO RIO,Neblina,Colisão traseira,Com Vítimas Fatais,Plena Noite,Crescente,Nevoeiro/Neblina,Simples,Reta,Não,2,1,0,0,1,0,0,2,"-2,08714","-47,559826",SPRF-PA,DEL02-PA,UOP01-DEL02-PA
506907,2023-02-24,sexta-feira,05:15:00,PA,10,"14,2",DOM ELISEU,Animais na Pista,Atropelamento de Animal,Sem Vítimas,Amanhecer,Decrescente,Nevoeiro/Neblina,Simples,Reta,Não,1,0,0,0,1,0,0,1,"-4,32541324","-47,54535722",SPRF-PA,DEL02-PA,UOP02-DEL02-PA
506957,2023-02-24,sexta-feira,09:00:00,PA,155,"316,5",MARABA,Ausência de reação do condutor,Colisão lateral mesmo sentido,Com Vítimas Feridas,Pleno dia,Decrescente,Céu Claro,Simples,Reta,Não,5,0,3,0,2,0,3,3,"-5,60837295","-49,08531324",SPRF-PA,DEL03-PA,UOP01-DEL03-PA
506969,2023-02-24,sexta-feira,14:25:00,PA,308,199,BRAGANCA,Conversão proibida,Colisão transversal,Com Vítimas Feridas,Pleno dia,Decrescente,Céu Claro,Simples,Reta,Não,2,0,2,0,0,0,2,2,"-1,06393128","-46,80393098",SPRF-PA,DEL01-PA,UOP03-DEL01-PA
507293,2023-02-26,domingo,11:00:00,PA,316,55,CASTANHAL,Ausência de reação do condutor,Colisão traseira,Com Vítimas Feridas,Pleno dia,Decrescente,Céu Claro,Dupla,Curva,Sim,2,0,1,0,1,0,1,2,"-1,30561339","-47,99919919",SPRF-PA,DEL01-PA,UOP01-DEL01-PA
507448,2023-02-10,sexta-feira,03:10:00,PA,163,410,ITAITUBA,Ausência de reação do condutor,Saída de leito carroçável,Com Vítimas Fatais,Plena Noite,Decrescente,Nublado,Simples,Reta,Sim,3,1,0,0,0,2,0,1,"-6,22176","-55,626835",SPRF-PA,DEL05-PA,UOP02-DEL05-PA
507472,2023-01-02,segunda-feira,11:00:00,PA,10,354,SANTA MARIA DO PARA,Condutor deixou de manter distância do veículo da frente,Colisão traseira,Sem Vítimas,Pleno dia,Crescente,Céu Claro,Simples,Reta,Sim,2,0,0,0,2,0,0,2,"-1,34759789","-47,57735696",SPRF-PA,DEL01-PA,UOP02-DEL01-PA
507497,2023-02-04,sábado,20:00:00,PA,316,224,VISEU,Reação tardia ou ineficiente do condutor,Colisão traseira,Com Vítimas Feridas,Plena Noite,Decrescente,Ignorado,Simples,Reta,Sim,5,0,0,2,1,2,2,3,"-1,685249","-46,707072",SPRF-PA,DEL01-PA,UOP03-DEL01-PA
507516,2023-02-27,segunda-feira,15:45:00,PA,155,109,MARABA,Ingestão de álcool pelo condutor,Colisão traseira,Com Vítimas Feridas,Pleno dia,Crescente,Céu Claro,Simples,Reta,Não,2,0,2,0,0,0,2,2,"-5,37556868","-49,02202606",SPRF-PA,DEL03-PA,UOP01-DEL03-PA
507568,2023-02-27,segunda-feira,16:30:00,PA,230,499,ANAPU,Ultrapassagem Indevida,Colisão frontal,Com Vítimas Feridas,Pleno dia,Decrescente,Sol,Simples,Reta,Sim,2,0,0,1,1,0,1,2,"-3,45287423","-51,21547631",SPRF-PA,DEL04-PA,UOP01-DEL04-PA
507668,2023-02-28,terça-feira,10:20:00,PA,222,222,MARABA,Acesso irregular,Colisão transversal,Com Vítimas Feridas,Pleno dia,Crescente,Céu Claro,Simples,Reta,Não,4,0,3,1,0,0,4,2,"-5,194547","-49,011433",SPRF-PA,DEL03-PA,UOP01-DEL03-PA
507683,2023-02-28,terça-feira,15:20:00,PA,316,203,SANTA LUZIA DO PARA,Ausência de reação do condutor,Saída de leito carroçável,Sem Vítimas,Pleno dia,Decrescente,Nublado,Simples,Reta;Declive,Não,2,0,0,0,0,2,0,1,"-1,55935023","-46,86744615",SPRF-PA,DEL01-PA,UOP03-DEL01-PA
508041,2023-03-02,quinta-feira,16:30:00,PA,163,987,SANTAREM,Acessar a via sem observar a presença dos outros veículos,Colisão transversal,Com Vítimas Feridas,Pleno dia,Crescente,Céu Claro,Simples,Reta,Sim,2,0,1,0,1,0,1,2,"-2,58335754","-54,72043276",SPRF-PA,DEL05-PA,UOP01-DEL05-PA
508052,2023-03-02,quinta-feira,14:15:00,PA,230,"1109,9",ITAITUBA,Pista esburacada,Colisão com objeto,Com Vítimas Feridas,Pleno dia,Crescente,Chuva,Simples,Curva;Declive,Não,1,0,1,0,0,0,1,1,"-4,394703","-55,892859",SPRF-PA,DEL05-PA,UOP02-DEL05-PA
508232,2023-02-18,sábado,20:40:00,PA,230,650,ALTAMIRA,Ingestão de substâncias psicoativas pelo condutor,Saída de leito carroçável,Sem Vítimas,Plena Noite,Crescente,Ignorado,Simples,Reta,Não,2,0,0,0,0,2,0,2,"-3,22792823","-52,29938507",SPRF-PA,DEL04-PA,UOP01-DEL04-PA
508379,2023-03-04,sábado,06:18:00,PA,163,586,TRAIRAO,Animais na Pista,Atropelamento de Animal,Com Vítimas Fatais,Amanhecer,Crescente,Nublado,Simples,Reta,Não,1,1,0,0,0,0,0,1,"-4,94326801","-56,20195395",SPRF-PA,DEL05-PA,UOP02-DEL05-PA
508429,2023-03-04,sábado,12:30:00,PA,316,165,CAPANEMA,Transitar na contramão,Colisão lateral sentido oposto,Com Vítimas Feridas,Pleno dia,Crescente,Nublado,Simples,Reta,Não,3,0,1,0,1,1,1,2,"-1,30422126","-47,0956063",SPRF-PA,DEL01-PA,UOP03-DEL01-PA
508432,2023-03-04,sábado,11:40:00,PA,163,936,BELTERRA,Velocidade Incompatível,Saída de leito carroçável,Com Vítimas Feridas,Pleno dia,Crescente,Céu Claro,Simples,Curva,Sim,5,0,1,0,4,0,1,1,"-2,92020695","-54,92463029",SPRF-PA,DEL05-PA,UOP01-DEL05-PA
509058,2023-03-07,terça-feira,14:00:00,PA,230,121,MARABA,Acessar a via sem observar a presença dos outros veículos,Colisão lateral mesmo sentido,Sem Vítimas,Pleno dia,Decrescente,Sol,Dupla,Reta,Sim,3,0,0,0,2,1,0,3,"-5,35297407","-49,12143673",SPRF-PA,DEL03-PA,UOP01-DEL03-PA
509075,2023-02-19,domingo,12:15:00,PA,163,992,SANTAREM,Manobra de mudança de faixa,Colisão transversal,Com Vítimas Feridas,Pleno dia,Crescente,Chuva,Simples,Reta,Sim,4,0,0,1,2,1,1,3,"-2,538837","-54,722717",SPRF-PA,DEL05-PA,UOP01-DEL05-PA
509212,2023-03-08,quarta-feira,10:25:00,PA,316,"56,2",CASTANHAL,Reação tardia ou ineficiente do condutor,Colisão traseira,Com Vítimas Feridas,Pleno dia,Crescente,Céu Claro,Dupla,Interseção de Vias;Declive;Reta,Sim,2,0,1,0,1,0,1,2,"-1,30296976","-47,99063907",SPRF-PA,DEL01-PA,UOP01-DEL01-PA
509245,2023-03-08,quarta-feira,13:35:00,PA,230,115,MARABA,Manobra de mudança de faixa,Colisão lateral mesmo sentido,Com Vítimas Feridas,Pleno dia,Crescente,Céu Claro,Dupla,Reta,Sim,2,0,1,0,0,1,1,2,"-5,36241425","-49,07496007",SPRF-PA,DEL03-PA,UOP01-DEL03-PA
510133,2023-03-12,domingo,19:00:00,PA,316,"71,1",CASTANHAL,Ausência de reação do condutor,Colisão traseira,Com Vítimas Feridas,Plena Noite,Decrescente,Chuva,Simples,Reta,Não,3,0,1,0,2,0,1,2,"-1,29062917","-47,85733898",SPRF-PA,DEL01-PA,UOP01-DEL01-PA
510158,2023-03-12,domingo,16:25:00,PA,10,"238,3",IPIXUNA DO PARA,Ingestão de álcool pelo condutor,Colisão lateral mesmo sentido,Com Vítimas Feridas,Pleno dia,Crescente,Garoa/Chuvisco,Simples,Reta;Declive,Não,2,0,0,1,1,0,1,2,"-2,35755302","-47,56011809",SPRF-PA,DEL02-PA,UOP01-DEL02-PA
510175,2023-03-12,domingo,22:00:00,PA,10,354,SANTA MARIA DO PARA,Ultrapassagem Indevida,Colisão lateral sentido oposto,Com Vítimas Feridas,Plena Noite,Decrescente,Chuva,Dupla,Reta,Sim,3,0,0,2,0,1,2,2,"-1,34759789","-47,57735696",SPRF-PA,DEL01-PA,UOP02-DEL01-PA
510388,2023-03-13,segunda-feira,20:20:00,PA,316,40,SANTA IZABEL DO PARA,Ausência de reação do condutor,Eventos atípicos,Com Vítimas Feridas,Plena Noite,Decrescente,Ignorado,Dupla,Reta;Retorno Regulamentado,Não,1,0,1,0,0,0,1,1,"-1,2795637","-48,12243407",SPRF-PA,DEL01-PA,UOP01-DEL01-PA
510775,2023-03-15,quarta-feira,21:15:00,PA,230,1123,ITAITUBA,Demais falhas na via,Queda de ocupante de veículo,Sem Vítimas,Plena Noite,Decrescente,Nublado,Simples,Reta,Não,1,0,0,0,0,1,0,1,"-4,38069175","-55,86300009",SPRF-PA,DEL05-PA,UOP02-DEL05-PA
510990,2023-03-16,quinta-feira,23:30:00,PA,230,93,SAO JOAO DO ARAGUAIA,Ausência de reação do condutor,Atropelamento de Animal,Com Vítimas Fatais,Plena Noite,Decrescente,Nublado,Simples,Reta,Não,1,1,0,0,0,0,0,1,"-5,44787864","-48,90256682",SPRF-PA,DEL03-PA,UOP01-DEL03-PA
511136,2023-02-02,quinta-feira,06:00:00,PA,230,112,MARABA,Transitar na contramão,Colisão frontal,Com Vítimas Feridas,Amanhecer,Crescente,Nublado,Simples,Reta,Sim,2,0,0,1,1,0,1,2,"-5,36913479","-49,04877095",SPRF-PA,DEL03-PA,UOP01-DEL03-PA
511246,2023-03-14,terça-feira,21:55:00,PA,163,318,NOVO PROGRESSO,Reação tardia ou ineficiente do condutor,Tombamento,Sem Vítimas,Plena Noite,Crescente,Ignorado,Simples,Reta;Declive,Não,1,0,0,0,0,1,0,1,"-6,99352589","-55,44035368",SPRF-PA,DEL05-PA,UOP02-DEL05-PA
511394,2023-03-18,sábado,16:30:00,PA,155,334,MARABA,Pista esburacada,Colisão lateral mesmo sentido,Sem Vítimas,Pleno dia,Crescente,Céu Claro,Simples,Reta,Não,2,0,0,0,2,0,0,2,"-5,450177","-49,07592",SPRF-PA,DEL03-PA,UOP01-DEL03-PA
511395,2023-03-18,sábado,14:50:00,PA,155,311,MARABA,Acessar a via sem observar a presença dos outros veículos,Colisão lateral mesmo sentido,Com Vítimas Feridas,Pleno dia,Decrescente,Céu Claro,Simples,Reta,Sim,2,0,1,0,1,0,1,2,"-5,64268008","-49,10875759",SPRF-PA,DEL03-PA,UOP01-DEL03-PA
511559,2023-03-19,domingo,16:00:00,PA,163,980,SANTAREM,Ausência de reação do condutor,Colisão com objeto,Com Vítimas Feridas,Pleno dia,Decrescente,Céu Claro,Simples,Curva,Não,5,0,0,1,1,3,1,3,"-2,63482156","-54,74836014",SPRF-PA,DEL05-PA,UOP01-DEL05-PA
511696,2023-03-20,segunda-feira,08:45:00,PA,230,120,MARABA,Pedestre cruzava a pista fora da faixa,Atropelamento de Pedestre,Com Vítimas Feridas,Pleno dia,Crescente,Nublado,Dupla,Reta,Sim,2,0,0,1,1,0,1,2,"-5,35038318","-49,11434",SPRF-PA,DEL03-PA,UOP01-DEL03-PA
511719,2023-03-20,segunda-feira,09:40:00,PA,316,156,CAPANEMA,Demais falhas mecânicas ou elétricas,Tombamento,Com Vítimas Feridas,Pleno dia,Decrescente,Céu Claro,Simples,Declive,Não,2,0,1,1,0,0,2,1,"-1,24381912","-47,14976112",SPRF-PA,DEL01-PA,UOP03-DEL01-PA
512027,2023-03-21,terça-feira,18:30:00,PA,316,43,SANTA IZABEL DO PARA,Ausência de reação do condutor,Saída de leito carroçável,Com Vítimas Feridas,Anoitecer,Decrescente,Chuva,Dupla,Reta,Não,5,0,3,0,2,0,3,1,"-1,27585585","-48,09602201",SPRF-PA,DEL01-PA,UOP01-DEL01-PA
512082,2023-03-22,quarta-feira,04:00:00,PA,230,120,MARABA,Transitar na contramão,Colisão frontal,Com Vítimas Feridas,Plena Noite,Decrescente,Nublado,Dupla,Curva,Sim,2,0,0,1,1,0,1,2,"-5,35178503","-49,12098494",SPRF-PA,DEL03-PA,UOP01-DEL03-PA
512193,2023-03-22,quarta-feira,18:00:00,PA,10,344,SANTA MARIA DO PARA,Ultrapassagem Indevida,Colisão lateral sentido oposto,Com Vítimas Feridas,Anoitecer,Crescente,Céu Claro,Simples,Reta,Não,6,0,3,1,2,0,4,2,"-1,424327","-47,549943",SPRF-PA,DEL01-PA,UOP02-DEL01-PA
512245,2023-03-22,quarta-feira,18:25:00,PA,230,116,MARABA,Ausência de reação do condutor,Colisão traseira,Com Vítimas Feridas,Anoitecer,Crescente,Céu Claro,Dupla,Reta,Não,2,0,0,1,1,0,1,2,"-5,35947454","-49,08301084",SPRF-PA,DEL03-PA,UOP01-DEL03-PA
512713,2023-03-25,sábado,08:40:00,PA,316,240,VISEU,Reação tardia ou ineficiente do condutor,Colisão com objeto,Com Vítimas Feridas,Pleno dia,Crescente,Céu Claro,Simples,Ponte;Reta,Não,2,0,1,0,0,1,1,2,"-1,73580471","-46,59143983",SPRF-PA,DEL01-PA,UOP04-DEL01-PA
512725,2023-03-25,sábado,09:40:00,PA,163,981,SANTAREM,Ultrapassagem Indevida,Colisão frontal,Com Vítimas Fatais,Pleno dia,Crescente,Céu Claro,Dupla,Reta,Não,2,1,0,0,1,0,0,2,"-2,62917092","-54,74150509",SPRF-PA,DEL05-PA,UOP01-DEL05-PA
512923,2023-03-26,domingo,09:45:00,PA,316,35,SANTA IZABEL DO PARA,Acessar a via sem observar a presença dos outros veículos,Colisão transversal,Com Vítimas Feridas,Pleno dia,Crescente,Céu Claro,Dupla,Reta,Sim,2,0,1,0,1,0,1,2,"-1,29146197","-48,164561",SPRF-PA,DEL01-PA,UOP01-DEL01-PA
512999,2023-03-26,domingo,16:30:00,PA,230,6,ALTAMIRA,Reação tardia ou ineficiente do condutor,Tombamento,Com Vítimas Feridas,Pleno dia,Crescente,Céu Claro,Simples,Reta,Sim,1,0,1,0,0,0,1,1,"-3,203721","-52,206787",SPRF-PA,DEL03-PA,UOP01-DEL03-PA
513077,2023-03-27,segunda-feira,00:10:00,PA,10,"7,7",DOM ELISEU,Reação tardia ou ineficiente do condutor,Colisão com objeto,Com Vítimas Feridas,Plena Noite,Decrescente,Chuva,Simples,Reta;Ponte,Não,1,0,0,1,0,0,1,1,"-4,38439306","-47,53529121",SPRF-PA,DEL02-PA,UOP02-DEL02-PA
513290,2023-03-28,terça-feira,00:15:00,PA,230,127,MARABA,Ausência de reação do condutor,Atropelamento de Animal,Com Vítimas Fatais,Plena Noite,Crescente,Chuva,Simples,Declive;Reta,Não,1,1,0,0,0,0,0,1,"-5,37452497","-49,159719",SPRF-PA,DEL03-PA,UOP01-DEL03-PA
513319,2023-02-06,segunda-feira,14:03:00,PA,316,57,CASTANHAL,Manobra de mudança de faixa,Colisão traseira,Com Vítimas Feridas,Pleno dia,Decrescente,Chuva,Dupla,Retorno Regulamentado;Reta,Sim,4,0,2,0,0,2,2,3,"-1,30088766","-47,98196704",SPRF-PA,DEL01-PA,UOP01-DEL01-PA
513629,2023-03-29,quarta-feira,22:29:00,PA,10,354,SANTA MARIA DO PARA,Acesso irregular,Atropelamento de Pedestre,Com Vítimas Feridas,Plena Noite,Crescente,Céu Claro,Simples,Reta,Sim,3,0,0,1,0,2,1,2,"-1,34759789","-47,57735696",SPRF-PA,DEL01-PA,UOP02-DEL01-PA
513683,2023-03-30,quinta-feira,05:40:00,PA,230,679,ALTAMIRA,Deficiência do Sistema de Iluminação/Sinalização,Colisão traseira,Com Vítimas Feridas,Amanhecer,Decrescente,Chuva,Simples,Reta,Não,30,0,1,1,28,0,2,2,"-3,27946318","-52,42726395",SPRF-PA,DEL04-PA,UOP01-DEL04-PA
513725,2023-03-30,quinta-feira,05:00:00,PA,230,673,ALTAMIRA,Reação tardia ou ineficiente do condutor,Saída de leito carroçável,Com Vítimas Feridas,Amanhecer,Decrescente,Chuva,Simples,Reta,Não,2,0,1,0,1,0,1,1,"-3,27025676","-52,39226183",SPRF-PA,DEL04-PA,UOP01-DEL04-PA
513919,2023-03-28,terça-feira,13:45:00,PA,316,44,SANTA IZABEL DO PARA,Chuva,Saída de leito carroçável,Com Vítimas Feridas,Pleno dia,Crescente,Chuva,Dupla,Reta,Não,1,0,1,0,0,0,1,1,"-1,27592647","-48,08710906",SPRF-PA,DEL01-PA,UOP01-DEL01-PA
514059,2023-04-01,sábado,00:30:00,PA,316,56,CASTANHAL,Ausência de reação do condutor,Saída de leito carroçável,Com Vítimas Feridas,Plena Noite,Decrescente,Chuva,Dupla,Declive;Curva,Não,4,0,1,0,3,0,1,1,"-1,30296976","-47,99063907",SPRF-PA,DEL01-PA,UOP01-DEL01-PA
514251,2023-04-01,sábado,20:20:00,PA,230,128,MARABA,Ausência de reação do condutor,Colisão frontal,Com Vítimas Feridas,Plena Noite,Crescente,Nublado,Simples,Reta;Declive,Não,2,0,0,1,1,0,1,2,"-5,3732012","-49,16779803",SPRF-PA,DEL03-PA,UOP01-DEL03-PA
514260,2023-04-01,sábado,22:00:00,PA,230,120,MARABA,Acessar a via sem observar a presença dos outros veículos,Colisão lateral mesmo sentido,Com Vítimas Feridas,Plena Noite,Crescente,Nublado,Dupla,Curva,Sim,3,0,1,0,1,1,1,3,"-5,35038318","-49,11434",SPRF-PA,DEL03-PA,UOP01-DEL03-PA
514287,2023-04-02,domingo,00:30:00,PA,230,"742,2",MEDICILANDIA,Avarias e/ou desgaste excessivo no pneu,Tombamento,Com Vítimas Fatais,Plena Noite,Decrescente,Chuva,Simples,Reta,Não,1,1,0,0,0,0,0,1,"-3,43924706","-52,86514901",SPRF-PA,DEL04-PA,UOP01-DEL04-PA
514288,2023-04-02,domingo,02:00:00,PA,230,672,ALTAMIRA,Reação tardia ou ineficiente do condutor,Saída de leito carroçável,Com Vítimas Feridas,Plena Noite,Decrescente,Chuva,Simples,Reta,Não,1,0,1,0,0,0,1,1,"-3,270316","-52,392014",SPRF-PA,DEL04-PA,UOP01-DEL04-PA
514525,2023-04-02,domingo,20:25:00,PA,10,"272,7",MAE DO RIO,Conversão proibida,Colisão lateral sentido oposto,Com Vítimas Fatais,Plena Noite,Crescente,Céu Claro,Simples,Reta,Sim,3,1,0,0,2,0,0,2,"-2,049585","-47,551325",SPRF-PA,DEL02-PA,UOP01-DEL02-PA
514547,2023-04-03,segunda-feira,09:40:00,PA,230,121,MARABA,Ausência de reação do condutor,Engavetamento,Sem Vítimas,Pleno dia,Decrescente,Nublado,Dupla,Reta,Sim,3,0,0,0,3,0,0,3,"-5,35297407","-49,12143673",SPRF-PA,DEL03-PA,UOP01-DEL03-PA
514552,2023-03-17,sexta-feira,17:48:00,PA,230,695,BRASIL NOVO,Condutor deixou de manter distância do veículo da frente,Colisão lateral mesmo sentido,Com Vítimas Feridas,Pleno dia,Crescente,Nublado,Simples,Reta,Não,4,0,0,1,2,1,1,3,"-3,30315619","-52,5103809",SPRF-PA,DEL04-PA,UOP01-DEL04-PA
514570,2023-02-01,quarta-feira,19:30:00,PA,163,619,TRAIRAO,Velocidade Incompatível,Saída de leito carroçável,Com Vítimas Feridas,Anoitecer,Crescente,Nublado,Simples,Reta;Declive,Não,1,0,1,0,0,0,1,1,"-4,7290703","-56,03891975",SPRF-PA,DEL05-PA,UOP01-DEL05-PA
514619,2023-04-03,segunda-feira,14:15:00,PA,155,301,MARABA,Ingestão de álcool pelo condutor,Colisão traseira,Sem Vítimas,Pleno dia,Decrescente,Céu Claro,Simples,Reta,Não,3,0,0,0,3,0,0,3,"-5,72355612","-49,14191765",SPRF-PA,DEL03-PA,UOP01-DEL03-PA
514700,2023-04-04,terça-feira,02:00:00,PA,230,1104,ITAITUBA,Chuva,Tombamento,Com Vítimas Feridas,Plena Noite,Decrescente,Chuva,Simples,Reta;Aclive,Não,1,0,1,0,0,0,1,1,"-4,3707358","-55,8388338",SPRF-PA,DEL05-PA,UOP02-DEL05-PA
514755,2023-04-04,terça-feira,08:30:00,PA,316,26,BENEVIDES,Ausência de reação do condutor,Colisão frontal,Com Vítimas Feridas,Pleno dia,Crescente,Céu Claro,Dupla,Reta,Não,2,0,0,1,1,0,1,2,"-1,34599732","-48,25152822",SPRF-PA,DEL01-PA,UOP01-DEL01-PA
514833,2023-04-04,terça-feira,18:30:00,PA,230,123,MARABA,Condutor deixou de manter distância do veículo da frente,Colisão traseira,Com Vítimas Feridas,Plena Noite,Decrescente,Ignorado,Simples,Reta,Sim,3,0,2,0,1,0,2,2,"-5,36838526","-49,12886078",SPRF-PA,DEL03-PA,UOP01-DEL03-PA
515060,2023-04-05,quarta-feira,22:40:00,PA,230,108,MARABA,Ausência de reação do condutor,Colisão traseira,Com Vítimas Fatais,Plena Noite,Decrescente,Nublado,Simples,Reta,Não,2,1,0,0,1,0,0,2,"-5,37733431","-49,01367307",SPRF-PA,DEL03-PA,UOP01-DEL03-PA
515098,2023-04-06,quinta-feira,07:20:00,PA,316,51,SANTA IZABEL DO PARA,Reação tardia ou ineficiente do condutor,Colisão traseira,Com Vítimas Feridas,Pleno dia,Crescente,Céu Claro,Dupla,Reta,Não,2,0,1,0,1,0,1,2,"-1,30696138","-48,03478",SPRF-PA,DEL01-PA,UOP01-DEL01-PA
515128,2023-04-06,quinta-feira,08:50:00,PA,316,"20,5",BENEVIDES,Acessar a via sem observar a presença dos outros veículos,Colisão traseira,Com Vítimas Fatais,Pleno dia,Crescente,Nublado,Dupla,Reta,Sim,3,1,0,0,0,2,0,3,"-1,3642339","-48,266582",SPRF-PA,DEL01-PA,UOP01-DEL01-PA
515280,2023-04-06,quinta-feira,22:30:00,PA,230,116,MARABA,Ausência de reação do condutor,Colisão transversal,Com Vítimas Feridas,Plena Noite,Crescente,Céu Claro,Dupla,Reta;Retorno Regulamentado;Declive,Sim,2,0,0,1,1,0,1,2,"-5,35947454","-49,08301084",SPRF-PA,DEL03-PA,UOP01-DEL03-PA
515370,2023-04-07,sexta-feira,10:35:00,PA,316,65,CASTANHAL,Condutor desrespeitou a iluminação vermelha do semáforo,Colisão transversal,Com Vítimas Feridas,Pleno dia,Decrescente,Céu Claro,Dupla,Interseção de Vias;Reta,Sim,2,0,1,0,1,0,1,2,"-1,29580361","-47,91084002",SPRF-PA,DEL01-PA,UOP01-DEL01-PA
515962,2023-04-09,domingo,15:30:00,PA,155,309,MARABA,Ausência de reação do condutor,Colisão frontal,Com Vítimas Feridas,Pleno dia,Decrescente,Céu Claro,Simples,Reta;Declive,Não,5,0,0,2,3,0,2,2,"-5,66053897","-49,11162717",SPRF-PA,DEL03-PA,UOP01-DEL03-PA
515980,2023-04-10,segunda-feira,07:30:00,PA,163,992,SANTAREM,Condutor deixou de manter distância do veículo da frente,Colisão traseira,Com Vítimas Feridas,Pleno dia,Crescente,Sol,Simples,Reta,Não,2,0,1,0,1,0,1,2,"-2,52958301","-54,72269712",SPRF-PA,DEL05-PA,UOP01-DEL05-PA
516122,2023-04-10,segunda-feira,20:10:00,PA,163,992,SANTAREM,Acumulo de areia ou detritos sobre o pavimento,Queda de ocupante de veículo,Com Vítimas Feridas,Plena Noite,Decrescente,Garoa/Chuvisco,Simples,Reta,Sim,1,0,1,0,0,0,1,1,"-2,538837","-54,722717",SPRF-PA,DEL05-PA,UOP01-DEL05-PA
516397,2023-03-17,sexta-feira,03:50:00,PA,163,"669,4",ITAITUBA,Pista esburacada,Eventos atípicos,Sem Vítimas,Plena Noite,Crescente,Chuva,Simples,Curva;Declive,Não,4,0,0,0,4,0,0,1,"-4,39405178","-55,79024037",SPRF-PA,DEL05-PA,UOP02-DEL05-PA
516434,2023-04-01,sábado,09:09:00,PA,163,399,ITAITUBA,Reação tardia ou ineficiente do condutor,Tombamento,Com Vítimas Feridas,Pleno dia,Crescente,Ignorado,Simples,Reta,Não,1,0,1,0,0,0,1,1,"-6,30590545","-55,59070142",SPRF-PA,DEL05-PA,UOP02-DEL05-PA
516600,2023-04-13,quinta-feira,16:00:00,PA,230,120,MARABA,Avarias e/ou desgaste excessivo no pneu,Tombamento,Com Vítimas Feridas,Pleno dia,Crescente,Céu Claro,Dupla,Reta,Sim,2,0,1,0,1,0,1,1,"-5,35038318","-49,11434",SPRF-PA,DEL03-PA,UOP01-DEL03-PA