id,data_inversa,dia_semana,horario,uf,br,km,municipio,causa_acidente,tipo_acidente,classificacao_acidente,fase_dia,sentido_via,condicao_metereologica,tipo_pista,tracado_via,uso_solo,pessoas,mortos,feridos_leves,feridos_graves,ilesos,ignorados,feridos,veiculos,latitude,longitude,regional,delegacia,uop
516809,2023-04-14,sexta-feira,15:45:00,PA,316,110,SANTA MARIA DO PARA,Acessar a via sem observar a presença dos outros veículos,Colisão transversal,Com Vítimas Feridas,Pleno dia,Crescente,Chuva,Simples,Reta,Não,3,0,1,0,2,0,1,2,"-1,316492","-47,510918",SPRF-PA,DEL01-PA,UOP02-DEL01-PA
516864,2023-04-14,sexta-feira,18:00:00,PA,316,23,BENEVIDES,Ausência de reação do condutor,Tombamento,Com Vítimas Feridas,Plena Noite,Crescente,Chuva,Dupla,Reta,Sim,2,0,2,0,0,0,2,1,"-1,34599732","-48,25152822",SPRF-PA,DEL01-PA,UOP01-DEL01-PA
516964,2023-04-15,sábado,10:00:00,PA,163,852,PLACAS,Acessar a via sem observar a presença dos outros veículos,Colisão transversal,Com Vítimas Fatais,Pleno dia,Crescente,Céu Claro,Simples,Reta;Interseção de Vias;Aclive,Não,5,1,0,0,1,3,0,3,"-3,6236174","-54,84514475",SPRF-PA,DEL05-PA,UOP01-DEL05-PA
517094,2023-04-16,domingo,00:20:00,PA,316,"49,3",SANTA IZABEL DO PARA,Neblina,Saída de leito carroçável,Com Vítimas Feridas,Plena Noite,Decrescente,Nevoeiro/Neblina,Dupla,Curva,Não,1,0,1,0,0,0,1,1,"-1,29792183","-48,04943584",SPRF-PA,DEL01-PA,UOP01-DEL01-PA
517132,2023-04-16,domingo,05:40:00,PA,230,1,ALTAMIRA,Reação tardia ou ineficiente do condutor,Colisão com objeto,Sem Vítimas,Amanhecer,Decrescente,Garoa/Chuvisco,Dupla,Rotatória,Sim,1,0,0,0,1,0,0,1,"-3,203721","-52,206787",SPRF-PA,DEL04-PA,UOP01-DEL04-PA
517268,2023-04-16,domingo,19:00:00,PA,155,342,MARABA,Ausência de reação do condutor,Colisão com objeto,Com Vítimas Fatais,Plena Noite,Crescente,Céu Claro,Simples,Reta,Não,2,1,1,0,0,0,1,1,"-5,381481","-49,077476",SPRF-PA,DEL03-PA,UOP01-DEL03-PA
517435,2023-04-17,segunda-feira,07:37:00,PA,155,258,ELDORADO DO CARAJAS,Reação tardia ou ineficiente do condutor,Queda de ocupante de veículo,Com Vítimas Feridas,Pleno dia,Crescente,Céu Claro,Simples,Reta,Não,3,0,2,0,1,0,2,2,"-6,06389225","-49,30253471",SPRF-PA,DEL03-PA,UOP01-DEL03-PA
517454,2023-04-17,segunda-feira,15:30:00,PA,316,"45,9",SANTA IZABEL DO PARA,Ausência de reação do condutor,Saída de leito carroçável,Com Vítimas Feridas,Pleno dia,Decrescente,Chuva,Dupla,Reta,Não,1,0,1,0,0,0,1,1,"-1,277567","-48,078326",SPRF-PA,DEL01-PA,UOP01-DEL01-PA
517496,2023-04-17,segunda-feira,19:15:00,PA,308,151,CAPANEMA,Acessar a via sem observar a presença dos outros veículos,Colisão transversal,Com Vítimas Feridas,Plena Noite,Decrescente,Céu Claro,Simples,Interseção de Vias;Reta,Sim,3,0,0,1,0,2,1,2,"-1,21064","-47,182743",SPRF-PA,DEL01-PA,UOP03-DEL01-PA
517670,2023-04-18,terça-feira,18:50:00,PA,10,16,DOM ELISEU,Desrespeitar a preferência no cruzamento,Colisão transversal,Com Vítimas Feridas,Plena Noite,Decrescente,Céu Claro,Simples,Reta,Sim,2,0,0,1,1,0,1,2,"-4,315153","-47,553822",SPRF-PA,DEL02-PA,UOP02-DEL02-PA
518123,2023-04-20,quinta-feira,19:50:00,PA,316,90,SAO FRANCISCO DO PARA,Entrada inopinada do pedestre,Atropelamento de Pedestre,Com Vítimas Fatais,Plena Noite,Crescente,Céu Claro,Simples,Declive;Reta,Não,2,1,0,0,1,0,0,2,"-1,31943462","-47,69193093",SPRF-PA,DEL01-PA,UOP02-DEL01-PA
518272,2023-04-21,sexta-feira,09:00:00,PA,10,297,IRITUIA,Acessar a via sem observar a presença dos outros veículos,Atropelamento de Pedestre,Com Vítimas Fatais,Pleno dia,Decrescente,Céu Claro,Simples,Aclive;Reta,Não,2,1,1,0,0,0,1,2,"-1,83530303","-47,51547651",SPRF-PA,DEL02-PA,UOP01-DEL02-PA
518454,2023-04-22,sábado,09:45:00,PA,10,355,SANTA MARIA DO PARA,Acessar a via sem observar a presença dos outros veículos,Colisão transversal,Com Vítimas Feridas,Pleno dia,Crescente,Céu Claro,Simples,Curva,Sim,4,0,1,0,2,1,1,3,"-1,338934","-47,5822",SPRF-PA,DEL01-PA,UOP02-DEL01-PA
518486,2023-04-22,sábado,15:10:00,PA,316,"41,1",SANTA IZABEL DO PARA,Reação tardia ou ineficiente do condutor,Colisão com objeto,Com Vítimas Feridas,Pleno dia,Crescente,Nublado,Dupla,Curva,Não,4,0,1,0,3,0,1,1,"-1,27865788","-48,113552",SPRF-PA,DEL01-PA,UOP01-DEL01-PA
518572,2023-04-22,sábado,21:00:00,PA,163,904,BELTERRA,Pedestre andava na pista,Atropelamento de Pedestre,Com Vítimas Fatais,Plena Noite,Crescente,Nublado,Simples,Reta,Não,2,1,0,0,0,1,0,2,"-3,20198494","-54,95517376",SPRF-PA,DEL05-PA,UOP01-DEL05-PA
518761,2023-04-23,domingo,14:00:00,PA,153,73,SAO DOMINGOS DO ARAGUAIA,Velocidade Incompatível,Colisão traseira,Com Vítimas Fatais,Pleno dia,Decrescente,Céu Claro,Simples,Reta,Não,2,1,0,0,1,0,0,2,"-5,755733","-48,67474",SPRF-PA,DEL03-PA,UOP01-DEL03-PA
518861,2023-04-24,segunda-feira,10:00:00,PA,230,120,MARABA,Manobra de mudança de faixa,Colisão lateral mesmo sentido,Com Vítimas Feridas,Pleno dia,Crescente,Céu Claro,Dupla,Reta,Sim,2,0,1,0,1,0,1,2,"-5,35917","-49,123092",SPRF-PA,DEL03-PA,UOP01-DEL03-PA
518894,2023-04-24,segunda-feira,11:00:00,PA,316,39,SANTA IZABEL DO PARA,Reação tardia ou ineficiente do condutor,Queda de ocupante de veículo,Com Vítimas Feridas,Pleno dia,Decrescente,Céu Claro,Dupla,Reta,Não,2,0,1,1,0,0,2,1,"-1,28141702","-48,131196",SPRF-PA,DEL01-PA,UOP01-DEL01-PA
519096,2023-04-18,terça-feira,19:15:00,PA,230,14,ALTAMIRA,Animais na Pista,Atropelamento de Animal,Com Vítimas Feridas,Plena Noite,Crescente,Chuva,Simples,Aclive;Reta,Sim,1,0,0,1,0,0,1,1,"-3,21863034","-52,24923849",SPRF-PA,DEL04-PA,UOP01-DEL04-PA
519106,2023-03-11,sábado,23:30:00,PA,10,61,ULIANOPOLIS,Manobra de mudança de faixa,Colisão frontal,Com Vítimas Fatais,Plena Noite,Crescente,Nublado,Simples,Reta,Não,2,1,0,0,0,1,0,2,"-3,9140771","-47,53011259",SPRF-PA,DEL02-PA,UOP02-DEL02-PA
519146,2023-04-25,terça-feira,07:00:00,PA,230,514,ANAPU,Manobra de mudança de faixa,Colisão frontal,Com Vítimas Fatais,Pleno dia,Decrescente,Céu Claro,Simples,Reta;Aclive,Não,3,1,0,0,2,0,0,2,"-3,37364227","-51,31684616",SPRF-PA,DEL04-PA,UOP01-DEL04-PA
519155,2023-04-22,sábado,03:00:00,PA,230,686,BRASIL NOVO,Pedestre andava na pista,Atropelamento de Pedestre,Com Vítimas Fatais,Plena Noite,Decrescente,Ignorado,Simples,Reta,Não,2,1,0,0,1,0,0,2,"-3,28593263","-52,46867207",SPRF-PA,DEL04-PA,UOP01-DEL04-PA
519267,2023-04-25,terça-feira,07:15:00,PA,230,7,ALTAMIRA,Acostamento em desnível,Tombamento,Com Vítimas Feridas,Pleno dia,Crescente,Céu Claro,Simples,Declive;Curva,Sim,1,0,1,0,0,0,1,1,"-3,203721","-52,206787",SPRF-PA,DEL04-PA,UOP01-DEL04-PA
519534,2023-04-27,quinta-feira,17:15:00,PA,163,975,SANTAREM,Condutor deixou de manter distância do veículo da frente,Colisão traseira,Com Vítimas Feridas,Pleno dia,Decrescente,Céu Claro,Simples,Reta,Não,3,0,1,0,2,0,1,2,"-2,64483302","-54,79229999",SPRF-PA,DEL05-PA,UOP01-DEL05-PA
519711,2023-04-28,sexta-feira,08:11:00,PA,163,574,TRAIRAO,Reação tardia ou ineficiente do condutor,Tombamento,Com Vítimas Feridas,Amanhecer,Crescente,Ignorado,Simples,Reta,Sim,1,0,1,0,0,0,1,1,"-5,025812","-56,187492",SPRF-PA,DEL05-PA,UOP02-DEL05-PA
519753,2023-04-18,terça-feira,08:07:00,PA,163,2,NOVO PROGRESSO,Reação tardia ou ineficiente do condutor,Colisão frontal,Com Vítimas Feridas,Pleno dia,Crescente,Sol,Simples,Reta,Não,3,0,0,1,2,0,1,2,"-9,5279616","-54,86091614",SPRF-PA,DEL05-PA,UOP02-DEL05-PA
520214,2023-04-30,domingo,15:45:00,PA,10,"12,7",DOM ELISEU,Transitar na contramão,Colisão com objeto,Sem Vítimas,Pleno dia,Crescente,Céu Claro,Simples,Curva,Não,1,0,0,0,0,1,0,1,"-4,339672","-47,53645995",SPRF-PA,DEL02-PA,UOP02-DEL02-PA
520672,2023-05-02,terça-feira,17:40:00,PA,230,120,MARABA,Condutor deixou de manter distância do veículo da frente,Colisão traseira,Sem Vítimas,Anoitecer,Crescente,Céu Claro,Dupla,Reta,Sim,3,0,0,0,1,2,0,3,"-5,35038318","-49,11434",SPRF-PA,DEL03-PA,UOP01-DEL03-PA
520753,2023-05-03,quarta-feira,07:34:00,PA,163,629,TRAIRAO,Ausência de reação do condutor,Colisão transversal,Com Vítimas Fatais,Pleno dia,Crescente,Céu Claro,Simples,Reta,Não,2,1,0,0,1,0,0,2,"-4,67667311","-55,97292278",SPRF-PA,DEL05-PA,UOP02-DEL05-PA
520964,2023-05-04,quinta-feira,11:00:00,PA,155,305,MARABA,Ausência de reação do condutor,Saída de leito carroçável,Com Vítimas Fatais,Pleno dia,Crescente,Céu Claro,Simples,Reta,Não,2,1,0,0,0,1,0,2,"-5,69507797","-49,12021804",SPRF-PA,DEL03-PA,UOP01-DEL03-PA
521283,2023-05-05,sexta-feira,18:50:00,PA,230,496,ANAPU,Ultrapassagem Indevida,Colisão transversal,Com Vítimas Feridas,Anoitecer,Crescente,Nublado,Simples,Reta;Declive,Sim,4,0,2,1,0,1,3,2,"-3,4726185","-51,19865755",SPRF-PA,DEL04-PA,UOP01-DEL04-PA
521515,2023-05-07,domingo,00:35:00,PA,230,629,ALTAMIRA,Animais na Pista,Atropelamento de Animal,Com Vítimas Feridas,Plena Noite,Crescente,Céu Claro,Simples,Reta,Sim,1,0,1,0,0,0,1,1,"-3,17273469","-52,15369802",SPRF-PA,DEL04-PA,UOP01-DEL04-PA
521563,2023-05-07,domingo,01:00:00,PA,230,"4,4",ALTAMIRA,Transitar na contramão,Colisão frontal,Com Vítimas Feridas,Plena Noite,Decrescente,Céu Claro,Simples,Reta;Ponte,Sim,2,0,1,0,1,0,1,2,"-3,203721","-52,206787",SPRF-PA,DEL04-PA,UOP01-DEL04-PA
521660,2023-05-07,domingo,19:20:00,PA,230,9,ALTAMIRA,Manobra de mudança de faixa,Colisão lateral sentido oposto,Com Vítimas Feridas,Anoitecer,Decrescente,Céu Claro,Simples,Declive,Não,2,0,1,0,1,0,1,2,"-3,203721","-52,206787",SPRF-PA,DEL04-PA,UOP01-DEL04-PA
521771,2023-05-08,segunda-feira,08:15:00,PA,163,991,SANTAREM,Frear bruscamente,Tombamento,Com Vítimas Feridas,Pleno dia,Crescente,Céu Claro,Simples,Reta,Não,1,0,0,1,0,0,1,1,"-2,547851","-54,72278",SPRF-PA,DEL05-PA,UOP01-DEL05-PA
521800,2023-05-08,segunda-feira,14:00:00,PA,308,157,CAPANEMA,Reação tardia ou ineficiente do condutor,Saída de leito carroçável,Com Vítimas Fatais,Pleno dia,Crescente,Chuva,Simples,Reta;Declive,Não,5,1,4,0,0,0,4,1,"-1,21124791","-47,132118",SPRF-PA,DEL01-PA,UOP03-DEL01-PA
521946,2023-05-09,terça-feira,07:28:00,PA,316,"24,4",BENEVIDES,Demais falhas mecânicas ou elétricas,Saída de leito carroçável,Com Vítimas Fatais,Pleno dia,Decrescente,Céu Claro,Dupla,Reta,Sim,2,1,1,0,0,0,1,1,"-1,34599732","-48,25152822",SPRF-PA,DEL01-PA,UOP01-DEL01-PA
522307,2023-03-22,quarta-feira,02:50:00,PA,163,652,ITAITUBA,Demais falhas na via,Tombamento,Com Vítimas Feridas,Plena Noite,Crescente,Céu Claro,Simples,Reta,Não,2,0,0,1,1,0,1,1,"-4,51394208","-55,86544792",SPRF-PA,DEL05-PA,UOP02-DEL05-PA
522453,2023-05-11,quinta-feira,20:15:00,PA,10,150,PARAGOMINAS,Acumulo de areia ou detritos sobre o pavimento,Colisão com objeto,Com Vítimas Feridas,Plena Noite,Decrescente,Céu Claro,Simples,Declive,Não,4,0,2,2,0,0,4,1,"-3,11584799","-47,48585103",SPRF-PA,DEL02-PA,UOP01-DEL02-PA
522567,2023-04-27,quinta-feira,12:00:00,PA,163,60,ALTAMIRA,Ultrapassagem Indevida,Colisão frontal,Com Vítimas Feridas,Pleno dia,Decrescente,Céu Claro,Simples,Reta,Não,2,0,0,1,0,1,1,2,"-9,07193396","-54,91477424",SPRF-PA,DEL05-PA,UOP02-DEL05-PA
523163,2023-05-14,domingo,23:10:00,PA,316,107,SANTA MARIA DO PARA,Transitar na contramão,Colisão frontal,Com Vítimas Feridas,Plena Noite,Decrescente,Céu Claro,Simples,Reta,Sim,4,0,1,1,2,0,2,2,"-1,33767446","-47,54282581",SPRF-PA,DEL01-PA,UOP02-DEL01-PA
523171,2023-05-14,domingo,20:40:00,PA,222,220,BOM JESUS DO TOCANTINS,Velocidade Incompatível,Atropelamento de Pedestre,Com Vítimas Fatais,Plena Noite,Decrescente,Céu Claro,Simples,Reta,Não,2,1,0,0,0,1,0,2,"-5,18694","-48,995655",SPRF-PA,DEL03-PA,UOP01-DEL03-PA
523321,2023-05-15,segunda-feira,18:45:00,PA,10,"16,4",DOM ELISEU,Entrada inopinada do pedestre,Atropelamento de Pedestre,Com Vítimas Feridas,Plena Noite,Crescente,Céu Claro,Simples,Reta,Sim,2,0,0,2,0,0,2,2,"-4,310932","-47,55446699",SPRF-PA,DEL02-PA,UOP02-DEL02-PA
523641,2023-05-07,domingo,04:30:00,PA,10,165,PARAGOMINAS,Ingestão de álcool pelo condutor,Colisão transversal,Sem Vítimas,Pleno dia,Decrescente,Céu Claro,Simples,Reta,Sim,5,0,0,0,5,0,0,2,"-2,99184245","-47,45688018",SPRF-PA,DEL02-PA,UOP01-DEL02-PA
523880,2023-05-18,quinta-feira,19:10:00,PA,230,94,SAO JOAO DO ARAGUAIA,Reação tardia ou ineficiente do condutor,Colisão lateral sentido oposto,Com Vítimas Feridas,Plena Noite,Crescente,Céu Claro,Simples,Curva,Sim,5,0,0,2,2,1,2,3,"-5,44399464","-48,91070283",SPRF-PA,DEL03-PA,UOP01-DEL03-PA
523958,2023-01-23,segunda-feira,16:50:00,PA,153,"47,9",SAO DOMINGOS DO ARAGUAIA,Ausência de reação do condutor,Colisão frontal,Com Vítimas Feridas,Pleno dia,Crescente,Ignorado,Simples,Reta,Não,2,0,0,1,0,1,1,2,"-5,534504","-48,734547",SPRF-PA,DEL03-PA,UOP01-DEL03-PA
524108,2023-05-19,sexta-feira,19:30:00,PA,230,161,ITUPIRANGA,Ausência de reação do condutor,Colisão traseira,Com Vítimas Fatais,Plena Noite,Decrescente,Céu Claro,Simples,Reta,Não,2,1,0,0,1,0,0,2,"-5,2017521","-49,35754115",SPRF-PA,DEL03-PA,UOP01-DEL03-PA
524320,2023-05-20,sábado,18:30:00,PA,163,"654,9",ITAITUBA,Demais Fenômenos da natureza,Tombamento,Com Vítimas Feridas,Anoitecer,Crescente,Céu Claro,Simples,Reta,Não,1,0,0,1,0,0,1,1,"-4,489085","-55,866778",SPRF-PA,DEL05-PA,UOP02-DEL05-PA
524327,2023-05-20,sábado,18:40:00,PA,230,"6,5",ALTAMIRA,Acessar a via sem observar a presença dos outros veículos,Colisão lateral mesmo sentido,Com Vítimas Feridas,Plena Noite,Decrescente,Céu Claro,Simples,Reta,Sim,2,0,1,0,1,0,1,2,"-3,20187855","-52,23790169",SPRF-PA,DEL03-PA,UOP01-DEL03-PA
524405,2023-05-20,sábado,22:00:00,PA,230,"7,6",ALTAMIRA,Transitar na contramão,Colisão frontal,Com Vítimas Feridas,Plena Noite,Decrescente,Céu Claro,Simples,Reta;Declive,Sim,2,0,2,0,0,0,2,2,"-3,19135","-52,21538",SPRF-PA,DEL03-PA,UOP01-DEL03-PA
524539,2023-05-21,domingo,19:32:00,PA,163,625,TRAIRAO,Área urbana sem a presença de local apropriado para a travessia de pedestres,Atropelamento de Pedestre,Com Vítimas Feridas,Plena Noite,Decrescente,Nublado,Simples,Reta,Sim,3,0,1,0,1,1,1,2,"-4,7024556","-55,9969688",SPRF-PA,DEL05-PA,UOP02-DEL05-PA
524579,2023-05-21,domingo,08:10:00,PA,316,"55,8",CASTANHAL,Velocidade Incompatível,Saída de leito carroçável,Com Vítimas Feridas,Pleno dia,Decrescente,Céu Claro,Dupla,Curva;Declive,Não,5,0,4,1,0,0,5,1,"-1,30090979","-47,98471928",SPRF-PA,DEL01-PA,UOP01-DEL01-PA
524635,2023-05-22,segunda-feira,08:30:00,PA,230,115,MARABA,Ingestão de álcool pelo condutor,Colisão traseira,Sem Vítimas,Pleno dia,Decrescente,Sol,Dupla,Reta;Declive,Sim,3,0,0,0,2,1,0,3,"-5,35775894","-49,08661181",SPRF-PA,DEL03-PA,UOP01-DEL03-PA
524843,2023-05-23,terça-feira,12:00:00,PA,230,122,MARABA,Ausência de reação do condutor,Colisão transversal,Com Vítimas Feridas,Pleno dia,Decrescente,Céu Claro,Dupla,Reta,Não,2,0,1,0,1,0,1,2,"-5,36137537","-49,12376139",SPRF-PA,DEL03-PA,UOP01-DEL03-PA
524933,2023-05-19,sexta-feira,23:20:00,PA,316,"63,7",CASTANHAL,Acessar a via sem observar a presença dos outros veículos,Colisão transversal,Sem Vítimas,Plena Noite,Decrescente,Nublado,Dupla,Reta;Interseção de Vias,Sim,2,0,0,0,0,2,0,2,"-1,29679363","-47,92878096",SPRF-PA,DEL01-PA,UOP01-DEL01-PA
524999,2023-05-13,sábado,04:00:00,PA,230,631,ALTAMIRA,Ingestão de álcool pelo condutor,Saída de leito carroçável,Com Vítimas Feridas,Plena Noite,Decrescente,Céu Claro,Simples,Reta,Sim,1,0,1,0,0,0,1,1,"-3,17452844","-52,17908263",SPRF-PA,DEL04-PA,UOP01-DEL04-PA
525386,2023-05-26,sexta-feira,10:20:00,PA,10,354,SANTA MARIA DO PARA,Acessar a via sem observar a presença dos outros veículos,Colisão transversal,Com Vítimas Feridas,Pleno dia,Decrescente,Céu Claro,Simples,Reta,Sim,2,0,1,0,1,0,1,2,"-1,34759789","-47,57735696",SPRF-PA,DEL01-PA,UOP02-DEL01-PA
525537,2023-05-26,sexta-feira,19:50:00,PA,230,631,ALTAMIRA,Ausência de reação do condutor,Queda de ocupante de veículo,Com Vítimas Feridas,Plena Noite,Crescente,Céu Claro,Simples,Rotatória,Sim,1,0,1,0,0,0,1,1,"-3,17397519","-52,1789825",SPRF-PA,DEL04-PA,UOP01-DEL04-PA
525949,2023-05-28,domingo,19:30:00,PA,230,121,MARABA,Ausência de reação do condutor,Colisão traseira,Com Vítimas Feridas,Plena Noite,Crescente,Céu Claro,Dupla,Reta,Sim,4,0,2,0,2,0,2,3,"-5,35297407","-49,12143673",SPRF-PA,DEL03-PA,UOP01-DEL03-PA
526143,2023-05-28,domingo,17:45:00,PA,163,653,ITAITUBA,Ingestão de álcool pelo condutor,Saída de leito carroçável,Com Vítimas Feridas,Anoitecer,Decrescente,Céu Claro,Simples,Curva,Não,1,0,1,0,0,0,1,1,"-4,50624587","-55,86575279",SPRF-PA,DEL05-PA,UOP02-DEL05-PA
526380,2023-05-30,terça-feira,21:29:00,PA,163,"573,1",TRAIRAO,Ausência de reação do condutor,Tombamento,Sem Vítimas,Plena Noite,Crescente,Céu Claro,Simples,Reta,Não,1,0,0,0,1,0,0,1,"-5,03449202","-56,18823605",SPRF-PA,DEL05-PA,UOP02-DEL05-PA
526390,2023-05-31,quarta-feira,00:30:00,PA,163,649,ITAITUBA,Animais na Pista,Tombamento,Com Vítimas Feridas,Plena Noite,Crescente,Nevoeiro/Neblina,Simples,Reta,Não,2,0,1,0,1,0,1,1,"-4,52946961","-55,88645503",SPRF-PA,DEL05-PA,UOP02-DEL05-PA
526585,2023-05-31,quarta-feira,14:30:00,PA,230,"411,1",PACAJA,Reação tardia ou ineficiente do condutor,Colisão frontal,Com Vítimas Fatais,Pleno dia,Crescente,Céu Claro,Simples,Reta,Sim,3,1,2,0,0,0,2,2,"-3,8359674","-50,60749805",SPRF-PA,DEL04-PA,UOP01-DEL04-PA
526756,2023-06-01,quinta-feira,20:00:00,PA,316,"45,2",SANTA IZABEL DO PARA,Manobra de mudança de faixa,Colisão lateral mesmo sentido,Com Vítimas Feridas,Plena Noite,Crescente,Chuva,Dupla,Reta,Não,3,0,2,0,0,1,2,2,"-1,277567","-48,078326",SPRF-PA,DEL01-PA,UOP01-DEL01-PA
526827,2023-06-02,sexta-feira,06:40:00,PA,10,"161,9",PARAGOMINAS,Ultrapassagem Indevida,Colisão frontal,Com Vítimas Feridas,Pleno dia,Crescente,Céu Claro,Simples,Reta,Sim,2,0,1,1,0,0,2,2,"-3,0272761","-47,46507953",SPRF-PA,DEL02-PA,UOP01-DEL02-PA
527439,2023-06-04,domingo,19:40:00,PA,230,"117,2",MARABA,Acessar a via sem observar a presença dos outros veículos,Colisão transversal,Com Vítimas Feridas,Plena Noite,Crescente,Céu Claro,Dupla,Reta;Declive;Retorno Regulamentado,Sim,3,0,2,0,1,0,2,2,"-5,35569904","-49,09047302",SPRF-PA,DEL03-PA,UOP01-DEL03-PA
528282,2023-06-09,sexta-feira,03:00:00,PA,155,310,MARABA,Curva acentuada,Tombamento,Com Vítimas Feridas,Plena Noite,Crescente,Céu Claro,Simples,Curva,Não,2,0,0,2,0,0,2,1,"-5,65160594","-49,11019532",SPRF-PA,DEL03-PA,UOP01-DEL03-PA
528717,2023-06-11,domingo,01:00:00,PA,230,679,ALTAMIRA,Ausência de reação do condutor,Saída de leito carroçável,Sem Vítimas,Plena Noite,Decrescente,Nublado,Simples,Reta;Aclive,Não,3,0,0,0,3,0,0,1,"-3,27946318","-52,42726395",SPRF-PA,DEL04-PA,UOP01-DEL04-PA
528748,2023-06-11,domingo,08:13:00,PA,316,95,IGARAPE-ACU,Avarias e/ou desgaste excessivo no pneu,Tombamento,Com Vítimas Feridas,Pleno dia,Crescente,Céu Claro,Simples,Reta,Não,2,0,2,0,0,0,2,1,"-1,32723691","-47,64789581",SPRF-PA,DEL01-PA,UOP02-DEL01-PA
528749,2023-06-11,domingo,03:33:00,PA,163,515,TRAIRAO,Reação tardia ou ineficiente do condutor,Capotamento,Sem Vítimas,Plena Noite,Crescente,Ignorado,Simples,Reta,Não,3,0,0,0,0,3,0,1,"-5,39482295","-55,88311177",SPRF-PA,DEL05-PA,UOP02-DEL05-PA
528806,2023-06-11,domingo,11:15:00,PA,316,54,CASTANHAL,Acessar a via sem observar a presença dos outros veículos,Colisão transversal,Com Vítimas Feridas,Pleno dia,Decrescente,Céu Claro,Dupla,Reta,Não,2,0,0,1,1,0,1,2,"-1,30608532","-48,00803597",SPRF-PA,DEL01-PA,UOP01-DEL01-PA
528822,2023-06-11,domingo,15:00:00,PA,0,0,GARRAFAO DO NORTE,Objeto estático sobre o leito carroçável,Colisão com objeto,Com Vítimas Feridas,Pleno dia,Não Informado,Céu Claro,Simples,Curva,Não,10,0,2,0,7,1,2,5,"-2,035506","-46,988998",SPRF-PA,,
529033,2023-05-28,domingo,15:30:00,PA,230,81,SAO JOAO DO ARAGUAIA,Ausência de reação do condutor,Atropelamento de Pedestre,Com Vítimas Fatais,Pleno dia,Decrescente,Sol,Simples,Reta,Não,2,1,0,0,0,1,0,2,"-5,472822","-48,8047",SPRF-PA,DEL03-PA,UOP01-DEL03-PA
529288,2023-06-13,terça-feira,17:30:00,PA,316,"111,2",SANTA MARIA DO PARA,Acessar a via sem observar a presença dos outros veículos,Colisão transversal,Com Vítimas Feridas,Pleno dia,Crescente,Sol,Simples,Interseção de Vias;Curva,Não,5,0,1,0,4,0,1,2,"-1,31650169","-47,51092494",SPRF-PA,DEL01-PA,UOP02-DEL01-PA
529335,2023-06-13,terça-feira,22:40:00,PA,163,985,SANTAREM,Acessar a via sem observar a presença dos outros veículos,Colisão transversal,Com Vítimas Feridas,Plena Noite,Decrescente,Céu Claro,Simples,Reta,Não,2,0,2,0,0,0,2,2,"-2,59271401","-54,71976013",SPRF-PA,DEL05-PA,UOP01-DEL05-PA
529615,2023-06-15,quinta-feira,13:10:00,PA,230,495,ANAPU,Reação tardia ou ineficiente do condutor,Colisão frontal,Com Vítimas Feridas,Pleno dia,Crescente,Céu Claro,Simples,Reta,Sim,3,0,0,1,1,1,1,3,"-3,47562738","-51,19526647",SPRF-PA,DEL04-PA,UOP01-DEL04-PA
529686,2023-06-15,quinta-feira,19:00:00,PA,230,172,ITUPIRANGA,Ausência de reação do condutor,Colisão traseira,Com Vítimas Fatais,Plena Noite,Crescente,Ignorado,Simples,Declive;Reta,Não,3,1,0,1,1,0,1,2,"-5,12273776","-49,40038355",SPRF-PA,DEL03-PA,UOP01-DEL03-PA
529863,2023-06-16,sexta-feira,16:25:00,PA,230,120,MARABA,Condutor deixou de manter distância do veículo da frente,Colisão traseira,Sem Vítimas,Pleno dia,Crescente,Céu Claro,Dupla,Reta,Sim,2,0,0,0,2,0,0,2,"-5,35038318","-49,11434",SPRF-PA,DEL03-PA,UOP01-DEL03-PA
529993,2023-06-17,sábado,04:00:00,PA,10,"262,3",AURORA DO PARA,Ingestão de álcool pelo condutor,Colisão lateral sentido oposto,Com Vítimas Fatais,Amanhecer,Crescente,Céu Claro,Simples,Reta;Declive,Sim,4,1,1,2,0,0,3,2,"-2,137892","-47,560759",SPRF-PA,DEL02-PA,UOP01-DEL02-PA
530044,2023-06-16,sexta-feira,19:30:00,PA,230,765,MEDICILANDIA,Afundamento ou ondulação no pavimento,Capotamento,Com Vítimas Feridas,Plena Noite,Decrescente,Céu Claro,Simples,Aclive;Reta,Não,5,0,1,1,3,0,2,1,"-3,5028369","-53,08017198",SPRF-PA,DEL04-PA,UOP01-DEL04-PA