id,data_inversa,dia_semana,horario,uf,br,km,municipio,causa_acidente,tipo_acidente,classificacao_acidente,fase_dia,sentido_via,condicao_metereologica,tipo_pista,tracado_via,uso_solo,pessoas,mortos,feridos_leves,feridos_graves,ilesos,ignorados,feridos,veiculos,latitude,longitude,regional,delegacia,uop
530088,2023-06-17,sábado,16:30:00,PA,155,277,ELDORADO DO CARAJAS,Ausência de reação do condutor,Colisão traseira,Com Vítimas Feridas,Pleno dia,Crescente,Sol,Simples,Reta,Não,2,0,0,1,1,0,1,2,"-5,92109998","-49,21417308",SPRF-PA,DEL03-PA,UOP01-DEL03-PA
530102,2023-06-17,sábado,09:05:00,PA,316,75,SAO FRANCISCO DO PARA,Ultrapassagem Indevida,Colisão lateral mesmo sentido,Com Vítimas Feridas,Pleno dia,Crescente,Céu Claro,Simples,Reta,Não,3,0,1,1,1,0,2,2,"-1,29446511","-47,82243505",SPRF-PA,DEL01-PA,UOP01-DEL01-PA
530147,2023-06-17,sábado,20:40:00,PA,163,985,SANTAREM,Transitar na contramão,Colisão frontal,Com Vítimas Feridas,Plena Noite,Decrescente,Nublado,Simples,Reta,Não,3,0,1,1,1,0,2,2,"-2,60170904","-54,7193154",SPRF-PA,DEL05-PA,UOP01-DEL05-PA
530588,2023-06-19,segunda-feira,20:00:00,PA,10,347,SANTA MARIA DO PARA,Demais falhas na via,Queda de ocupante de veículo,Com Vítimas Feridas,Plena Noite,Crescente,Garoa/Chuvisco,Simples,Reta;Em Obras,Não,1,0,0,1,0,0,1,1,"-1,4076821","-47,55600325",SPRF-PA,DEL01-PA,UOP02-DEL01-PA
530622,2023-05-01,segunda-feira,19:10:00,PA,316,36,SANTA IZABEL DO PARA,Ingestão de álcool pelo condutor,Colisão transversal,Sem Vítimas,Plena Noite,Crescente,Céu Claro,Dupla,Reta,Sim,2,0,0,0,2,0,0,2,"-1,29009976","-48,15602469",SPRF-PA,DEL01-PA,UOP01-DEL01-PA
530756,2023-06-20,terça-feira,17:15:00,PA,316,"54,2",CASTANHAL,Pista esburacada,Tombamento,Com Vítimas Feridas,Pleno dia,Crescente,Céu Claro,Dupla,Interseção de Vias;Reta,Sim,2,0,1,1,0,0,2,1,"-1,30608532","-48,00803597",SPRF-PA,DEL01-PA,UOP01-DEL01-PA
530960,2023-05-24,quarta-feira,18:30:00,PA,316,84,SAO FRANCISCO DO PARA,Transitar na contramão,Colisão frontal,Com Vítimas Feridas,Anoitecer,Decrescente,Céu Claro,Simples,Reta,Não,4,0,1,2,1,0,3,2,"-1,3101929","-47,74456398",SPRF-PA,DEL01-PA,UOP02-DEL01-PA
530979,2023-06-21,quarta-feira,22:25:00,PA,10,"199,1",IPIXUNA DO PARA,Animais na Pista,Tombamento,Com Vítimas Feridas,Plena Noite,Decrescente,Céu Claro,Simples,Reta,Não,4,0,0,4,0,0,4,1,"-2,698803","-47,468802",SPRF-PA,DEL02-PA,UOP01-DEL02-PA
531058,2023-06-15,quinta-feira,02:30:00,PA,316,35,SANTA IZABEL DO PARA,Falta de elemento de contenção que evite a saída do leito carroçável,Saída de leito carroçável,Com Vítimas Fatais,Plena Noite,Decrescente,Céu Claro,Dupla,Retorno Regulamentado,Sim,3,1,0,0,2,0,0,1,"-1,29146197","-48,164561",SPRF-PA,DEL01-PA,UOP01-DEL01-PA
531059,2023-05-02,terça-feira,07:00:00,PA,316,94,SAO FRANCISCO DO PARA,Manobra de mudança de faixa,Colisão lateral sentido oposto,Com Vítimas Feridas,Pleno dia,Crescente,Sol,Simples,Aclive;Reta,Não,8,0,2,3,3,0,5,3,"-1,326459","-47,652377",SPRF-PA,DEL01-PA,UOP02-DEL01-PA
531079,2023-06-21,quarta-feira,17:00:00,PA,222,"58,8",DOM ELISEU,Velocidade Incompatível,Saída de leito carroçável,Com Vítimas Fatais,Pleno dia,Decrescente,Céu Claro,Simples,Curva,Não,1,1,0,0,0,0,0,1,"-4,468364","-47,812374",SPRF-PA,DEL02-PA,UOP02-DEL02-PA
531204,2023-06-23,sexta-feira,06:57:00,PA,316,68,CASTANHAL,Ausência de reação do condutor,Colisão lateral mesmo sentido,Com Vítimas Fatais,Pleno dia,Crescente,Céu Claro,Simples,Reta,Sim,2,1,1,0,0,0,1,2,"-1,29430252","-47,88149714",SPRF-PA,DEL01-PA,UOP01-DEL01-PA
531410,2023-06-24,sábado,01:00:00,PA,230,121,MARABA,Ausência de reação do condutor,Colisão lateral mesmo sentido,Com Vítimas Feridas,Plena Noite,Crescente,Céu Claro,Dupla,Reta,Sim,3,0,1,0,2,0,1,3,"-5,35297407","-49,12143673",SPRF-PA,DEL03-PA,UOP01-DEL03-PA
531420,2023-06-24,sábado,03:20:00,PA,230,121,MARABA,Ausência de reação do condutor,Colisão traseira,Sem Vítimas,Plena Noite,Crescente,Céu Claro,Simples,Reta,Não,2,0,0,0,2,0,0,2,"-5,35297407","-49,12143673",SPRF-PA,DEL03-PA,UOP01-DEL03-PA
531424,2023-06-24,sábado,04:00:00,PA,230,120,MARABA,Ausência de reação do condutor,Colisão transversal,Com Vítimas Feridas,Plena Noite,Decrescente,Céu Claro,Dupla,Interseção de Vias;Reta,Sim,2,0,0,1,0,1,1,2,"-5,36082782","-49,12382126",SPRF-PA,DEL03-PA,UOP01-DEL03-PA
531568,2023-06-24,sábado,17:30:00,PA,316,74,CASTANHAL,Ausência de reação do condutor,Colisão lateral mesmo sentido,Com Vítimas Feridas,Pleno dia,Crescente,Céu Claro,Simples,Reta,Não,2,0,1,1,0,0,2,2,"-1,29131621","-47,83082209",SPRF-PA,DEL01-PA,UOP01-DEL01-PA
531733,2023-06-25,domingo,09:00:00,PA,10,"8,8",DOM ELISEU,Manobra de mudança de faixa,Saída de leito carroçável,Com Vítimas Feridas,Pleno dia,Crescente,Céu Claro,Simples,Aclive;Reta,Não,1,0,0,1,0,0,1,1,"-4,37565398","-47,53718808",SPRF-PA,DEL02-PA,UOP02-DEL02-PA
531816,2023-06-25,domingo,20:00:00,PA,163,994,SANTAREM,Demais falhas mecânicas ou elétricas,Saída de leito carroçável,Com Vítimas Feridas,Plena Noite,Decrescente,Céu Claro,Simples,Reta,Não,2,0,2,0,0,0,2,2,"-2,52083003","-54,72278618",SPRF-PA,DEL05-PA,UOP01-DEL05-PA
532115,2023-06-27,terça-feira,09:20:00,PA,316,22,BENEVIDES,Mal súbito do condutor,Capotamento,Com Vítimas Feridas,Pleno dia,Decrescente,Céu Claro,Dupla,Reta,Não,1,0,1,0,0,0,1,1,"-1,3534463","-48,2570266",SPRF-PA,DEL01-PA,UOP01-DEL01-PA
532143,2023-06-27,terça-feira,09:40:00,PA,10,263,AURORA DO PARA,Demais falhas mecânicas ou elétricas,Colisão transversal,Com Vítimas Feridas,Pleno dia,Crescente,Céu Claro,Simples,Reta,Sim,2,0,2,0,0,0,2,2,"-2,125994","-47,560596",SPRF-PA,DEL02-PA,UOP01-DEL02-PA
532406,2023-06-28,quarta-feira,17:00:00,PA,422,75,TUCURUI,Demais falhas na via,Colisão frontal,Com Vítimas Feridas,Anoitecer,Decrescente,Céu Claro,Simples,Declive;Reta,Não,3,0,0,2,1,0,2,3,"-3,728354","-49,685277",SPRF-PA,DEL03-PA,UOP01-DEL03-PA
532501,2023-06-29,quinta-feira,09:30:00,PA,230,122,MARABA,Condutor desrespeitou a iluminação vermelha do semáforo,Colisão traseira,Com Vítimas Feridas,Pleno dia,Crescente,Céu Claro,Dupla,Reta,Sim,2,0,1,0,1,0,1,2,"-5,36137537","-49,12376139",SPRF-PA,DEL03-PA,UOP01-DEL03-PA
532518,2023-06-29,quinta-feira,10:10:00,PA,230,121,MARABA,Reação tardia ou ineficiente do condutor,Queda de ocupante de veículo,Com Vítimas Feridas,Pleno dia,Crescente,Céu Claro,Simples,Reta,Não,2,0,2,0,0,0,2,1,"-5,35297407","-49,12143673",SPRF-PA,DEL03-PA,UOP01-DEL03-PA
532609,2023-06-29,quinta-feira,17:20:00,PA,163,989,SANTAREM,Conversão proibida,Colisão traseira,Com Vítimas Feridas,Pleno dia,Crescente,Céu Claro,Simples,Reta,Não,2,0,1,0,1,0,1,2,"-2,565797","-54,721375",SPRF-PA,DEL05-PA,UOP01-DEL05-PA
532631,2023-06-29,quinta-feira,19:40:00,PA,316,66,CASTANHAL,Entrada inopinada do pedestre,Atropelamento de Pedestre,Com Vítimas Fatais,Plena Noite,Crescente,Céu Claro,Dupla,Reta,Sim,3,1,0,0,1,1,0,2,"-1,29533525","-47,90182499",SPRF-PA,DEL01-PA,UOP01-DEL01-PA
532710,2023-06-30,sexta-feira,08:00:00,PA,155,335,MARABA,Pista esburacada,Eventos atípicos,Com Vítimas Feridas,Pleno dia,Crescente,Céu Claro,Simples,Reta,Não,4,0,0,1,3,0,1,1,"-5,44112901","-49,07599836",SPRF-PA,DEL03-PA,UOP01-DEL03-PA
532754,2023-06-30,sexta-feira,14:00:00,PA,10,37,DOM ELISEU,Ausência de sinalização,Colisão traseira,Sem Vítimas,Pleno dia,Decrescente,Céu Claro,Simples,Reta,Não,2,0,0,0,1,1,0,2,"-4,126907","-47,548706",SPRF-PA,DEL02-PA,UOP02-DEL02-PA
532880,2023-06-30,sexta-feira,15:20:00,PA,230,120,MARABA,Ingestão de álcool pelo condutor,Colisão traseira,Com Vítimas Feridas,Pleno dia,Decrescente,Céu Claro,Dupla,Reta;Ponte,Sim,4,0,2,2,0,0,4,2,"-5,35038318","-49,11434",SPRF-PA,DEL03-PA,UOP01-DEL03-PA
533127,2023-07-01,sábado,23:20:00,PA,230,1127,ITAITUBA,Reação tardia ou ineficiente do condutor,Tombamento,Com Vítimas Feridas,Plena Noite,Crescente,Céu Claro,Simples,Reta,Sim,2,0,0,1,0,1,1,1,"-4,39393493","-55,89491498",SPRF-PA,DEL05-PA,UOP02-DEL05-PA
533404,2023-07-03,segunda-feira,04:30:00,PA,10,"6,4",DOM ELISEU,Reação tardia ou ineficiente do condutor,Colisão traseira,Com Vítimas Feridas,Plena Noite,Crescente,Céu Claro,Simples,Reta;Declive,Não,2,0,0,1,1,0,1,2,"-4,39308805","-47,53294718",SPRF-PA,DEL02-PA,UOP02-DEL02-PA
533523,2023-06-30,sexta-feira,23:30:00,PA,10,"93,9",ULIANOPOLIS,Animais na Pista,Atropelamento de Animal,Com Vítimas Fatais,Plena Noite,Crescente,Ignorado,Simples,Reta;Declive,Não,1,1,0,0,0,0,0,1,"-3,63067601","-47,48844022",SPRF-PA,DEL02-PA,UOP02-DEL02-PA
533543,2023-07-03,segunda-feira,22:40:00,PA,308,206,BRAGANCA,Ausência de reação do condutor,Colisão frontal,Com Vítimas Fatais,Plena Noite,Crescente,Céu Claro,Simples,Reta,Sim,2,2,0,0,0,0,0,2,"-1,06634671","-46,74486641",SPRF-PA,DEL01-PA,UOP03-DEL01-PA
533714,2023-07-04,terça-feira,19:20:00,PA,230,3,ALTAMIRA,Reação tardia ou ineficiente do condutor,Tombamento,Com Vítimas Feridas,Plena Noite,Crescente,Céu Claro,Simples,Reta,Não,1,0,0,1,0,0,1,1,"-3,203721","-52,206787",SPRF-PA,DEL04-PA,UOP01-DEL04-PA
533942,2023-07-05,quarta-feira,21:03:00,PA,163,560,TRAIRAO,Reação tardia ou ineficiente do condutor,Queda de ocupante de veículo,Sem Vítimas,Plena Noite,Crescente,Céu Claro,Simples,Curva;Declive,Não,1,0,0,0,0,1,0,1,"-5,12166295","-56,11317794",SPRF-PA,DEL05-PA,UOP02-DEL05-PA
533969,2023-07-06,quinta-feira,06:42:00,PA,230,631,ALTAMIRA,Ingestão de álcool pelo condutor,Tombamento,Com Vítimas Feridas,Pleno dia,Decrescente,Céu Claro,Simples,Interseção de Vias,Sim,1,0,1,0,0,0,1,1,"-3,17418565","-52,17729092",SPRF-PA,DEL04-PA,UOP01-DEL04-PA
534030,2023-07-06,quinta-feira,13:15:00,PA,308,170,TRACUATEUA,Ausência de reação do condutor,Colisão traseira,Com Vítimas Fatais,Pleno dia,Decrescente,Céu Claro,Simples,Reta,Não,2,1,0,0,1,0,0,2,"-1,18690529","-47,01841892",SPRF-PA,DEL01-PA,UOP03-DEL01-PA
534055,2023-07-06,quinta-feira,10:40:00,PA,222,170,BOM JESUS DO TOCANTINS,Ausência de reação do condutor,Colisão traseira,Com Vítimas Fatais,Pleno dia,Crescente,Céu Claro,Simples,Reta,Não,3,1,0,0,1,1,0,3,"-5,036417","-48,575241",SPRF-PA,DEL03-PA,UOP01-DEL03-PA
534094,2023-07-06,quinta-feira,19:00:00,PA,230,122,MARABA,Acessar a via sem observar a presença dos outros veículos,Colisão transversal,Com Vítimas Feridas,Plena Noite,Decrescente,Céu Claro,Dupla,Reta,Sim,2,0,0,1,1,0,1,2,"-5,36137537","-49,12376139",SPRF-PA,DEL03-PA,UOP01-DEL03-PA
534276,2023-07-07,sexta-feira,15:42:00,PA,230,10,ALTAMIRA,Conversão proibida,Colisão traseira,Com Vítimas Feridas,Pleno dia,Crescente,Céu Claro,Simples,Reta;Declive,Sim,3,0,1,0,2,0,1,2,"-3,22143049","-52,25319039",SPRF-PA,DEL04-PA,UOP01-DEL04-PA
534280,2023-07-07,sexta-feira,15:55:00,PA,163,"985,9",SANTAREM,Acessar a via sem observar a presença dos outros veículos,Colisão transversal,Com Vítimas Feridas,Pleno dia,Decrescente,Céu Claro,Simples,Reta,Não,2,0,0,1,1,0,1,2,"-2,60170904","-54,7193154",SPRF-PA,DEL05-PA,UOP01-DEL05-PA
534297,2023-07-07,sexta-feira,18:20:00,PA,155,322,MARABA,Reação tardia ou ineficiente do condutor,Engavetamento,Sem Vítimas,Plena Noite,Decrescente,Céu Claro,Simples,Reta,Não,3,0,0,0,3,0,0,3,"-5,55797","-49,07454",SPRF-PA,DEL03-PA,UOP01-DEL03-PA
534457,2023-07-08,sábado,10:30:00,PA,316,14,MARITUBA,Ingestão de álcool pelo condutor,Engavetamento,Sem Vítimas,Pleno dia,Crescente,Céu Claro,Dupla,Reta,Sim,3,0,0,0,3,0,0,3,"-1,36725423","-48,32314498",SPRF-PA,DEL01-PA,UOP01-DEL01-PA
534510,2023-07-08,sábado,12:20:00,PA,163,991,SANTAREM,Demais falhas mecânicas ou elétricas,Queda de ocupante de veículo,Com Vítimas Feridas,Pleno dia,Crescente,Sol,Simples,Reta,Não,1,0,1,0,0,0,1,1,"-2,547851","-54,72278",SPRF-PA,DEL05-PA,UOP01-DEL05-PA
534626,2023-07-08,sábado,22:45:00,PA,230,"3,5",ALTAMIRA,Transitar na contramão,Colisão frontal,Com Vítimas Feridas,Plena Noite,Decrescente,Céu Claro,Simples,Reta,Sim,3,0,2,1,0,0,3,2,"-3,203721","-52,206787",SPRF-PA,DEL04-PA,UOP01-DEL04-PA
534742,2023-07-09,domingo,12:20:00,PA,316,70,CASTANHAL,Condutor Dormindo,Saída de leito carroçável,Com Vítimas Feridas,Pleno dia,Crescente,Céu Claro,Simples,Reta,Não,1,0,0,1,0,0,1,1,"-1,29157829","-47,86624498",SPRF-PA,DEL01-PA,UOP01-DEL01-PA
534895,2023-07-10,segunda-feira,00:20:00,PA,316,162,TRACUATEUA,Ausência de reação do condutor,Colisão frontal,Com Vítimas Feridas,Plena Noite,Crescente,Céu Claro,Simples,Reta,Não,2,0,1,0,1,0,1,2,"-1,28399693","-47,11355092",SPRF-PA,DEL01-PA,UOP03-DEL01-PA
535111,2023-07-11,terça-feira,08:10:00,PA,230,9,ALTAMIRA,Frear bruscamente,Queda de ocupante de veículo,Com Vítimas Feridas,Pleno dia,Decrescente,Nublado,Simples,Reta,Sim,1,0,1,0,0,0,1,1,"-3,203721","-52,206787",SPRF-PA,DEL04-PA,UOP01-DEL04-PA
535119,2023-07-11,terça-feira,08:41:00,PA,316,48,SANTA IZABEL DO PARA,Condutor deixou de manter distância do veículo da frente,Colisão traseira,Com Vítimas Feridas,Pleno dia,Crescente,Céu Claro,Dupla,Reta,Sim,3,0,2,0,1,0,2,2,"-1,29155307","-48,05614099",SPRF-PA,DEL01-PA,UOP01-DEL01-PA
535349,2023-05-22,segunda-feira,13:00:00,PA,316,62,CASTANHAL,Acessar a via sem observar a presença dos outros veículos,Colisão transversal,Com Vítimas Feridas,Pleno dia,Decrescente,Céu Claro,Dupla,Curva,Sim,2,0,0,1,0,1,1,2,"-1,29786885","-47,93764104",SPRF-PA,DEL01-PA,UOP01-DEL01-PA
535495,2023-05-26,sexta-feira,12:30:00,PA,316,"1,6",ANANINDEUA,Manobra de mudança de faixa,Colisão transversal,Com Vítimas Feridas,Pleno dia,Decrescente,Céu Claro,Dupla,Retorno Regulamentado,Sim,4,0,2,0,2,0,2,2,"-1,40318503","-48,42870296",SPRF-PA,DEL01-PA,UOP01-DEL01-PA
535507,2023-07-13,quinta-feira,09:10:00,PA,230,120,MARABA,Condutor deixou de manter distância do veículo da frente,Colisão traseira,Com Vítimas Feridas,Pleno dia,Crescente,Céu Claro,Dupla,Reta,Sim,2,0,1,0,1,0,1,2,"-5,35038318","-49,11434",SPRF-PA,DEL03-PA,UOP01-DEL03-PA
535868,2023-07-14,sexta-feira,20:20:00,PA,308,151,CAPANEMA,Ausência de reação do condutor,Colisão transversal,Com Vítimas Feridas,Plena Noite,Crescente,Céu Claro,Simples,Reta,Sim,2,0,1,0,1,0,1,2,"-1,21064","-47,182743",SPRF-PA,DEL01-PA,UOP03-DEL01-PA
536289,2023-07-16,domingo,18:50:00,PA,230,2,ALTAMIRA,Transitar na contramão,Colisão frontal,Com Vítimas Feridas,Anoitecer,Decrescente,Céu Claro,Dupla,Declive;Reta,Sim,2,0,1,0,0,1,1,2,"-3,18090608","-52,18458295",SPRF-PA,DEL04-PA,UOP01-DEL04-PA
536353,2023-07-17,segunda-feira,00:15:00,PA,308,"204,5",BRAGANCA,Ausência de reação do condutor,Saída de leito carroçável,Com Vítimas Fatais,Plena Noite,Crescente,Céu Claro,Simples,Curva,Não,2,1,0,1,0,0,1,1,"-1,06190085","-46,75442219",SPRF-PA,DEL01-PA,UOP03-DEL01-PA
536370,2023-07-17,segunda-feira,02:10:00,PA,230,115,MARABA,Reação tardia ou ineficiente do condutor,Colisão traseira,Com Vítimas Fatais,Plena Noite,Crescente,Céu Claro,Dupla,Reta,Sim,4,1,0,1,2,0,1,2,"-5,36241425","-49,07496007",SPRF-PA,DEL03-PA,UOP01-DEL03-PA
536404,2023-07-17,segunda-feira,08:00:00,PA,230,"116,9",MARABA,Ausência de reação do condutor,Colisão transversal,Com Vítimas Feridas,Pleno dia,Crescente,Céu Claro,Dupla,Declive;Reta;Retorno Regulamentado,Sim,2,0,1,0,1,0,1,2,"-5,35947454","-49,08301084",SPRF-PA,DEL03-PA,UOP01-DEL03-PA
536424,2023-07-17,segunda-feira,12:00:00,PA,230,122,MARABA,Transitar na contramão,Colisão traseira,Sem Vítimas,Pleno dia,Crescente,Céu Claro,Dupla,Reta,Sim,2,0,0,0,2,0,0,2,"-5,36137537","-49,12376139",SPRF-PA,DEL03-PA,UOP01-DEL03-PA
536466,2023-07-17,segunda-feira,11:50:00,PA,230,745,MEDICILANDIA,Acostamento em desnível,Tombamento,Com Vítimas Fatais,Pleno dia,Decrescente,Céu Claro,Simples,Declive;Reta,Não,1,1,0,0,0,0,0,1,"-3,44349282","-52,88971706",SPRF-PA,DEL04-PA,UOP01-DEL04-PA
536500,2023-05-15,segunda-feira,04:46:00,PA,230,200,ITUPIRANGA,Ausência de reação do condutor,Saída de leito carroçável,Com Vítimas Feridas,Amanhecer,Decrescente,Ignorado,Simples,Curva,Não,13,0,1,1,11,0,2,1,"-4,92078","-49,476942",SPRF-PA,DEL03-PA,UOP01-DEL03-PA
536564,2023-07-17,segunda-feira,18:10:00,PA,316,150,CAPANEMA,Acessar a via sem observar a presença dos outros veículos,Colisão traseira,Com Vítimas Feridas,Plena Noite,Crescente,Céu Claro,Simples,Reta,Sim,3,0,2,0,0,1,2,2,"-1,215274","-47,19026",SPRF-PA,DEL01-PA,UOP03-DEL01-PA
536890,2023-07-19,quarta-feira,19:00:00,PA,316,150,CAPANEMA,Reação tardia ou ineficiente do condutor,Atropelamento de Pedestre,Com Vítimas Feridas,Plena Noite,Crescente,Céu Claro,Simples,Reta,Sim,2,0,1,0,1,0,1,2,"-1,215274","-47,19026",SPRF-PA,DEL01-PA,UOP03-DEL01-PA
536980,2023-05-03,quarta-feira,17:00:00,PA,163,293,NOVO PROGRESSO,Pista esburacada,Queda de ocupante de veículo,Com Vítimas Feridas,Pleno dia,Crescente,Céu Claro,Simples,Reta,Não,1,0,0,1,0,0,1,1,"-7,19523299","-55,36360485",SPRF-PA,DEL05-PA,UOP02-DEL05-PA
537196,2023-07-21,sexta-feira,15:25:00,PA,230,157,ITUPIRANGA,Retorno proibido,Colisão transversal,Com Vítimas Fatais,Pleno dia,Decrescente,Céu Claro,Simples,Reta;Declive,Não,4,1,0,0,2,1,0,3,"-5,22804708","-49,33810613",SPRF-PA,DEL03-PA,UOP01-DEL03-PA
537351,2023-07-22,sábado,08:05:00,PA,10,349,SANTA MARIA DO PARA,Ausência de sinalização,Capotamento,Sem Vítimas,Pleno dia,Crescente,Céu Claro,Simples,Reta,Não,1,0,0,0,0,1,0,1,"-1,3906222","-47,56213743",SPRF-PA,DEL01-PA,UOP02-DEL01-PA
537376,2023-07-22,sábado,09:46:00,PA,316,21,BENEVIDES,Entrada inopinada do pedestre,Atropelamento de Pedestre,Com Vítimas Fatais,Pleno dia,Decrescente,Céu Claro,Dupla,Reta,Sim,2,1,0,0,1,0,0,2,"-1,36097138","-48,26241527",SPRF-PA,DEL01-PA,UOP01-DEL01-PA
537498,2023-07-22,sábado,08:30:00,PA,230,8,ALTAMIRA,Manobra de mudança de faixa,Colisão frontal,Com Vítimas Feridas,Plena Noite,Crescente,Céu Claro,Simples,Declive,Sim,2,0,1,0,0,1,1,2,"-3,203721","-52,206787",SPRF-PA,DEL04-PA,UOP01-DEL04-PA
537548,2023-07-23,domingo,00:50:00,PA,230,119,MARABA,Transitar na contramão,Colisão frontal,Com Vítimas Feridas,Plena Noite,Crescente,Céu Claro,Dupla,Curva,Sim,3,0,0,3,0,0,3,2,"-5,35121403","-49,12021637",SPRF-PA,DEL03-PA,UOP01-DEL03-PA
537654,2023-07-23,domingo,13:00:00,PA,230,73,SAO DOMINGOS DO ARAGUAIA,Ausência de reação do condutor,Colisão lateral sentido oposto,Com Vítimas Feridas,Pleno dia,Decrescente,Céu Claro,Simples,Reta,Não,2,0,0,1,1,0,1,2,"-5,49009572","-48,73379489",SPRF-PA,DEL03-PA,UOP01-DEL03-PA
537792,2023-07-23,domingo,22:00:00,PA,230,114,MARABA,Condutor deixou de manter distância do veículo da frente,Colisão traseira,Sem Vítimas,Plena Noite,Crescente,Céu Claro,Simples,Rotatória,Sim,2,0,0,0,2,0,0,2,"-5,36466678","-49,06623294",SPRF-PA,DEL03-PA,UOP01-DEL03-PA
537806,2023-07-23,domingo,19:10:00,PA,10,"288,1",MAE DO RIO,Deficiência do Sistema de Iluminação/Sinalização,Colisão traseira,Com Vítimas Feridas,Plena Noite,Decrescente,Ignorado,Simples,Reta;Declive,Não,4,0,3,0,1,0,3,2,"-1,91433503","-47,52113775",SPRF-PA,DEL02-PA,UOP01-DEL02-PA
537813,2023-07-23,domingo,20:00:00,PA,308,221,AUGUSTO CORREA,Transitar na contramão,Colisão frontal,Com Vítimas Fatais,Plena Noite,Crescente,Céu Claro,Simples,Reta,Não,7,1,0,6,0,0,6,2,"-1,08961401","-46,62999304",SPRF-PA,DEL01-PA,UOP03-DEL01-PA
537838,2023-07-24,segunda-feira,06:45:00,PA,316,108,SANTA MARIA DO PARA,Ausência de reação do condutor,Atropelamento de Animal,Com Vítimas Feridas,Pleno dia,Decrescente,Sol,Simples,Reta,Não,2,0,1,1,0,0,2,1,"-1,33327682","-47,53499814",SPRF-PA,DEL01-PA,UOP02-DEL01-PA
537874,2023-07-24,segunda-feira,07:50:00,PA,316,62,CASTANHAL,Acessar a via sem observar a presença dos outros veículos,Colisão transversal,Com Vítimas Feridas,Pleno dia,Decrescente,Céu Claro,Dupla,Reta,Sim,2,0,0,2,0,0,2,2,"-1,29786885","-47,93764104",SPRF-PA,DEL01-PA,UOP01-DEL01-PA
538066,2023-05-22,segunda-feira,15:00:00,PA,230,698,BRASIL NOVO,Reação tardia ou ineficiente do condutor,Colisão traseira,Com Vítimas Feridas,Pleno dia,Crescente,Céu Claro,Simples,Reta,Não,3,0,1,0,2,0,1,2,"-3,307562","-52,527344",SPRF-PA,DEL04-PA,UOP01-DEL04-PA
538214,2023-07-25,terça-feira,16:40:00,PA,163,991,SANTAREM,Conversão proibida,Colisão lateral mesmo sentido,Com Vítimas Feridas,Pleno dia,Decrescente,Céu Claro,Simples,Reta,Sim,2,0,2,0,0,0,2,2,"-2,54272066","-54,72267294",SPRF-PA,DEL05-PA,UOP01-DEL05-PA
539078,2023-07-30,domingo,02:10:00,PA,316,"114,2",SANTA MARIA DO PARA,Reação tardia ou ineficiente do condutor,Saída de leito carroçável,Com Vítimas Fatais,Plena Noite,Crescente,Céu Claro,Simples,Curva,Não,2,1,0,1,0,0,1,1,"-1,31651617","-47,48442292",SPRF-PA,DEL01-PA,UOP02-DEL01-PA
539129,2023-07-30,domingo,08:00:00,PA,316,51,CASTANHAL,Reação tardia ou ineficiente do condutor,Saída de leito carroçável,Com Vítimas Feridas,Pleno dia,Decrescente,Céu Claro,Dupla,Reta,Não,1,0,0,1,0,0,1,1,"-1,30696138","-48,03478",SPRF-PA,DEL01-PA,UOP01-DEL01-PA
539278,2023-07-30,domingo,20:30:00,PA,308,217,AUGUSTO CORREA,Acessar a via sem observar a presença dos outros veículos,Atropelamento de Pedestre,Com Vítimas Fatais,Plena Noite,Crescente,Céu Claro,Simples,Reta,Não,2,1,0,0,0,1,0,2,"-1,06644956","-46,65296201",SPRF-PA,DEL01-PA,UOP03-DEL01-PA
539296,2023-07-30,domingo,18:20:00,PA,10,306,IRITUIA,Velocidade Incompatível,Saída de leito carroçável,Com Vítimas Fatais,Anoitecer,Crescente,Céu Claro,Simples,Curva;Declive,Não,1,1,0,0,0,0,0,1,"-1,753873","-47,503863",SPRF-PA,DEL02-PA,UOP01-DEL02-PA
539375,2023-07-31,segunda-feira,10:30:00,PA,316,110,SANTA MARIA DO PARA,Reação tardia ou ineficiente do condutor,Colisão traseira,Sem Vítimas,Pleno dia,Decrescente,Céu Claro,Simples,Curva,Não,2,0,0,0,2,0,0,2,"-1,32235116","-47,52052288",SPRF-PA,DEL01-PA,UOP02-DEL01-PA
539410,2023-07-31,segunda-feira,13:00:00,PA,10,354,SANTA MARIA DO PARA,Acessar a via sem observar a presença dos outros veículos,Colisão transversal,Sem Vítimas,Pleno dia,Crescente,Céu Claro,Simples,Interseção de Vias;Em Obras;Reta,Sim,4,0,0,0,3,1,0,3,"-1,34759789","-47,57735696",SPRF-PA,DEL01-PA,UOP02-DEL01-PA