id,data_inversa,dia_semana,horario,uf,br,km,municipio,causa_acidente,tipo_acidente,classificacao_acidente,fase_dia,sentido_via,condicao_metereologica,tipo_pista,tracado_via,uso_solo,pessoas,mortos,feridos_leves,feridos_graves,ilesos,ignorados,feridos,veiculos,latitude,longitude,regional,delegacia,uop
550468,2023-09-23,sábado,16:00:00,PA,230,5,ALTAMIRA,Acessar a via sem observar a presença dos outros veículos,Colisão transversal,Com Vítimas Feridas,Pleno dia,Decrescente,Céu Claro,Simples,Reta,Sim,2,0,1,1,0,0,2,2,"-3,19295","-52,22733",SPRF-PA,DEL03-PA,UOP01-DEL03-PA
551074,2023-09-26,terça-feira,09:45:00,PA,230,"120,3",MARABA,Acessar a via sem observar a presença dos outros veículos,Colisão lateral mesmo sentido,Com Vítimas Feridas,Pleno dia,Crescente,Nublado,Dupla,Reta,Sim,2,0,1,0,1,0,1,2,"-5,35038318","-49,11434",SPRF-PA,DEL03-PA,UOP01-DEL03-PA
551309,2023-09-27,quarta-feira,13:30:00,PA,308,164,CAPANEMA,Ausência de reação do condutor,Saída de leito carroçável,Com Vítimas Fatais,Pleno dia,Decrescente,Sol,Simples,Reta;Em Obras,Não,1,1,0,0,0,0,0,1,"-1,20098065","-47,07047912",SPRF-PA,DEL01-PA,UOP03-DEL01-PA
551369,2023-09-22,sexta-feira,12:20:00,PA,230,113,MARABA,Reação tardia ou ineficiente do condutor,Colisão traseira,Sem Vítimas,Pleno dia,Crescente,Céu Claro,Simples,Declive,Não,2,0,0,0,2,0,0,2,"-5,36689576","-49,05750094",SPRF-PA,DEL03-PA,UOP01-DEL03-PA
551381,2023-09-17,domingo,17:10:00,PA,316,20,BENEVIDES,Manobra de mudança de faixa,Colisão lateral mesmo sentido,Com Vítimas Fatais,Pleno dia,Crescente,Céu Claro,Dupla,Curva,Sim,4,1,1,0,1,1,1,3,"-1,3642339","-48,266582",SPRF-PA,DEL01-PA,UOP01-DEL01-PA
551385,2023-09-27,quarta-feira,19:00:00,PA,230,675,ALTAMIRA,Animais na Pista,Atropelamento de Animal,Com Vítimas Feridas,Plena Noite,Decrescente,Céu Claro,Simples,Aclive,Não,1,0,0,1,0,0,1,1,"-3,27360515","-52,40385196",SPRF-PA,DEL04-PA,UOP01-DEL04-PA
551470,2023-08-15,terça-feira,20:55:00,PA,163,313,NOVO PROGRESSO,Transitar na contramão,Colisão frontal,Com Vítimas Fatais,Anoitecer,Crescente,Ignorado,Simples,Reta,Não,2,1,0,0,1,0,0,2,"-7,03136514","-55,41840646",SPRF-PA,DEL05-PA,UOP02-DEL05-PA
551523,2023-09-28,quinta-feira,18:00:00,PA,163,984,SANTAREM,Manobra de mudança de faixa,Colisão lateral sentido oposto,Com Vítimas Feridas,Pleno dia,Crescente,Céu Claro,Simples,Reta;Declive,Não,2,0,0,1,1,0,1,2,"-2,60170904","-54,7193154",SPRF-PA,DEL05-PA,UOP01-DEL05-PA
551569,2023-09-28,quinta-feira,20:00:00,PA,155,295,MARABA,Ingestão de álcool pelo condutor,Colisão traseira,Sem Vítimas,Plena Noite,Decrescente,Céu Claro,Simples,Reta,Não,2,0,0,0,2,0,0,2,"-5,770036","-49,168077",SPRF-PA,DEL03-PA,UOP01-DEL03-PA
551578,2023-09-28,quinta-feira,23:00:00,PA,10,"9,5",DOM ELISEU,Animais na Pista,Atropelamento de Animal,Sem Vítimas,Plena Noite,Decrescente,Céu Claro,Simples,Reta,Não,1,0,0,0,1,0,0,1,"-4,366693","-47,536728",SPRF-PA,DEL02-PA,UOP02-DEL02-PA
551769,2023-09-29,sexta-feira,20:00:00,PA,316,71,CASTANHAL,Transitar na contramão,Colisão frontal,Com Vítimas Fatais,Plena Noite,Crescente,Céu Claro,Simples,Reta,Não,3,1,0,0,1,1,0,3,"-1,29062917","-47,85733898",SPRF-PA,DEL01-PA,UOP01-DEL01-PA
551786,2023-09-29,sexta-feira,22:40:00,PA,316,185,SANTA LUZIA DO PARA,Ausência de reação do condutor,Colisão frontal,Com Vítimas Fatais,Plena Noite,Crescente,Céu Claro,Simples,Declive;Reta,Não,2,1,0,0,0,1,0,2,"-1,40583911","-47,00639613",SPRF-PA,DEL01-PA,UOP03-DEL01-PA
552281,2023-10-01,domingo,20:20:00,PA,10,"274,2",MAE DO RIO,Entrada inopinada do pedestre,Atropelamento de Pedestre,Com Vítimas Feridas,Plena Noite,Decrescente,Céu Claro,Simples,Reta,Não,2,0,0,1,1,0,1,2,"-2,03581806","-47,54574085",SPRF-PA,DEL02-PA,UOP01-DEL02-PA
552768,2023-10-04,quarta-feira,10:00:00,PA,10,"11,5",DOM ELISEU,Manobra de mudança de faixa,Saída de leito carroçável,Com Vítimas Feridas,Pleno dia,Decrescente,Céu Claro,Simples,Reta,Não,2,0,2,0,0,0,2,1,"-4,348678","-47,53663565",SPRF-PA,DEL02-PA,UOP02-DEL02-PA
552790,2023-10-04,quarta-feira,11:45:00,PA,230,"9,1",ALTAMIRA,Demais falhas mecânicas ou elétricas,Saída de leito carroçável,Com Vítimas Feridas,Pleno dia,Decrescente,Céu Claro,Simples,Reta;Em Obras,Sim,3,0,2,1,0,0,3,1,"-3,21488495","-52,24161744",SPRF-PA,DEL03-PA,UOP01-DEL03-PA
552889,2023-10-04,quarta-feira,20:30:00,PA,230,690,BRASIL NOVO,Transitar na contramão,Colisão frontal,Com Vítimas Fatais,Plena Noite,Crescente,Ignorado,Dupla,Reta;Aclive,Não,3,1,0,2,0,0,2,2,"-3,28903706","-52,49003432",SPRF-PA,DEL04-PA,UOP01-DEL04-PA
553255,2023-10-06,sexta-feira,19:35:00,PA,316,260,CACHOEIRA DO PIRIA,Ausência de reação do condutor,Colisão traseira,Com Vítimas Feridas,Pleno dia,Decrescente,Céu Claro,Simples,Reta,Não,4,0,1,2,0,1,3,2,"-1,81175878","-46,43153493",SPRF-PA,DEL01-PA,UOP04-DEL01-PA
553288,2023-10-06,sexta-feira,17:00:00,PA,316,89,SAO FRANCISCO DO PARA,Demais falhas mecânicas ou elétricas,Incêndio,Sem Vítimas,Pleno dia,Decrescente,Céu Claro,Simples,Reta,Não,1,0,0,0,1,0,0,1,"-1,320171","-47,68815",SPRF-PA,DEL01-PA,UOP02-DEL01-PA
553360,2023-10-07,sábado,04:40:00,PA,230,9,ALTAMIRA,Reação tardia ou ineficiente do condutor,Colisão com objeto,Com Vítimas Fatais,Plena Noite,Decrescente,Céu Claro,Simples,Declive;Curva,Sim,1,1,0,0,0,0,0,1,"-3,22312933","-52,25513935",SPRF-PA,DEL03-PA,UOP01-DEL03-PA
553371,2023-10-07,sábado,05:40:00,PA,316,23,BENEVIDES,Transitar no Acostamento,Atropelamento de Pedestre,Com Vítimas Feridas,Pleno dia,Decrescente,Céu Claro,Dupla,Reta,Não,3,0,1,2,0,0,3,2,"-1,34599732","-48,25152822",SPRF-PA,DEL01-PA,UOP01-DEL01-PA
553487,2023-10-07,sábado,20:15:00,PA,230,123,MARABA,Reação tardia ou ineficiente do condutor,Colisão lateral mesmo sentido,Com Vítimas Feridas,Plena Noite,Crescente,Céu Claro,Simples,Reta,Não,2,0,0,1,1,0,1,2,"-5,37638","-49,14694",SPRF-PA,DEL03-PA,UOP01-DEL03-PA
553527,2023-10-07,sábado,21:44:00,PA,10,"162,1",PARAGOMINAS,Ausência de sinalização,Colisão frontal,Com Vítimas Fatais,Plena Noite,Decrescente,Nublado,Simples,Reta;Aclive,Não,9,2,4,1,1,1,5,4,"-3,01841204","-47,46319881",SPRF-PA,DEL02-PA,UOP01-DEL02-PA
553846,2023-10-03,terça-feira,12:35:00,PA,0,0,BELEM,Reação tardia ou ineficiente do condutor,Colisão transversal,Sem Vítimas,Pleno dia,Não Informado,Sol,Múltipla,Reta,Sim,4,0,0,0,4,0,0,2,"-1,308115","-48,459827",SPRF-PA,,
553953,2023-10-09,segunda-feira,18:50:00,PA,230,"1,7",ALTAMIRA,Acesso irregular,Colisão transversal,Com Vítimas Feridas,Plena Noite,Crescente,Céu Claro,Dupla,Reta,Sim,2,0,1,0,0,1,1,2,"-3,17968108","-52,18385696",SPRF-PA,DEL04-PA,UOP01-DEL04-PA
554413,2023-10-06,sexta-feira,06:30:00,PA,230,730,MEDICILANDIA,Pista esburacada,Saída de leito carroçável,Com Vítimas Feridas,Pleno dia,Crescente,Ignorado,Simples,Reta;Declive,Não,3,0,3,0,0,0,3,1,"-3,40953413","-52,77087895",SPRF-PA,DEL04-PA,UOP01-DEL04-PA
554589,2023-10-12,quinta-feira,17:20:00,PA,230,120,MARABA,Ingestão de álcool pelo condutor,Colisão traseira,Sem Vítimas,Anoitecer,Decrescente,Céu Claro,Dupla,Reta,Sim,2,0,0,0,2,0,0,2,"-5,35038318","-49,11434",SPRF-PA,DEL03-PA,UOP01-DEL03-PA
554713,2023-10-13,sexta-feira,10:30:00,PA,230,122,MARABA,Acessar a via sem observar a presença dos outros veículos,Colisão transversal,Com Vítimas Feridas,Pleno dia,Crescente,Sol,Dupla,Reta,Sim,2,0,1,0,1,0,1,2,"-5,36733307","-49,12750125",SPRF-PA,DEL03-PA,UOP01-DEL03-PA
554768,2023-10-13,sexta-feira,17:30:00,PA,316,59,CASTANHAL,Reação tardia ou ineficiente do condutor,Colisão traseira,Sem Vítimas,Pleno dia,Decrescente,Céu Claro,Dupla,Reta,Não,5,0,0,0,5,0,0,2,"-1,29874","-47,963603",SPRF-PA,DEL01-PA,UOP01-DEL01-PA
554878,2023-10-14,sábado,06:45:00,PA,308,176,TRACUATEUA,Reação tardia ou ineficiente do condutor,Saída de leito carroçável,Com Vítimas Feridas,Amanhecer,Crescente,Céu Claro,Simples,Reta,Sim,2,0,2,0,0,0,2,1,"-1,15554443","-46,97640785",SPRF-PA,DEL01-PA,UOP03-DEL01-PA
554942,2023-10-14,sábado,12:00:00,PA,10,346,SANTA MARIA DO PARA,Reação tardia ou ineficiente do condutor,Saída de leito carroçável,Com Vítimas Feridas,Pleno dia,Decrescente,Céu Claro,Simples,Reta,Não,1,0,0,1,0,0,1,1,"-1,416206","-47,552919",SPRF-PA,DEL01-PA,UOP02-DEL01-PA
555022,2023-10-14,sábado,18:00:00,PA,10,"12,6",DOM ELISEU,Manobra de mudança de faixa,Colisão com objeto,Com Vítimas Feridas,Anoitecer,Decrescente,Nublado,Simples,Curva,Não,4,0,1,3,0,0,4,1,"-4,339672","-47,53645995",SPRF-PA,DEL02-PA,UOP02-DEL02-PA
555028,2023-10-14,sábado,18:45:00,PA,308,"160,9",CAPANEMA,Ingestão de álcool pelo condutor,Colisão traseira,Com Vítimas Feridas,Plena Noite,Decrescente,Céu Claro,Simples,Aclive,Não,2,0,0,1,1,0,1,2,"-1,21017675","-47,10523507",SPRF-PA,DEL01-PA,UOP03-DEL01-PA
555086,2023-10-15,domingo,05:00:00,PA,308,151,CAPANEMA,Reação tardia ou ineficiente do condutor,Colisão frontal,Sem Vítimas,Amanhecer,Crescente,Céu Claro,Simples,Reta,Sim,2,0,0,0,0,2,0,2,"-1,21279075","-47,18200692",SPRF-PA,DEL01-PA,UOP03-DEL01-PA
555092,2023-10-15,domingo,06:30:00,PA,316,51,CASTANHAL,Ausência de reação do condutor,Colisão traseira,Com Vítimas Feridas,Pleno dia,Crescente,Céu Claro,Dupla,Reta,Não,3,0,0,1,1,1,1,3,"-1,3007468","-48,02704",SPRF-PA,DEL01-PA,UOP01-DEL01-PA
555138,2023-10-15,domingo,12:00:00,PA,308,151,CAPANEMA,Manobra de mudança de faixa,Colisão lateral sentido oposto,Com Vítimas Feridas,Pleno dia,Crescente,Sol,Simples,Reta,Sim,4,0,0,1,3,0,1,2,"-1,21064","-47,182743",SPRF-PA,DEL01-PA,UOP03-DEL01-PA
555182,2023-10-15,domingo,16:00:00,PA,316,"39,7",SANTA IZABEL DO PARA,Ausência de reação do condutor,Saída de leito carroçável,Com Vítimas Feridas,Pleno dia,Decrescente,Céu Claro,Dupla,Reta,Não,3,0,2,0,0,1,2,2,"-1,28141702","-48,131196",SPRF-PA,DEL01-PA,UOP01-DEL01-PA
555309,2023-10-16,segunda-feira,04:50:00,PA,316,144,PEIXE-BOI,Animais na Pista,Atropelamento de Animal,Com Vítimas Fatais,Plena Noite,Decrescente,Céu Claro,Simples,Reta;Aclive,Não,2,1,0,1,0,0,1,1,"-1,24315686","-47,23644408",SPRF-PA,DEL01-PA,UOP03-DEL01-PA
555426,2023-10-16,segunda-feira,19:50:00,PA,316,"49,3",CASTANHAL,Chuva,Queda de ocupante de veículo,Com Vítimas Feridas,Plena Noite,Decrescente,Chuva,Dupla,Curva,Não,1,0,1,0,0,0,1,1,"-1,30696138","-48,03478",SPRF-PA,DEL01-PA,UOP01-DEL01-PA
555608,2023-10-17,terça-feira,17:40:00,PA,230,"5,3",ALTAMIRA,Condutor deixou de manter distância do veículo da frente,Colisão traseira,Com Vítimas Feridas,Pleno dia,Crescente,Céu Claro,Simples,Reta,Sim,2,0,1,1,0,0,2,2,"-3,203721","-52,206787",SPRF-PA,DEL04-PA,UOP01-DEL04-PA
556068,2023-10-20,sexta-feira,00:45:00,PA,10,80,ULIANOPOLIS,Acessar a via sem observar a presença dos outros veículos,Colisão transversal,Com Vítimas Feridas,Plena Noite,Crescente,Céu Claro,Simples,Reta,Sim,2,0,1,0,1,0,1,2,"-3,74745289","-47,49622342",SPRF-PA,DEL02-PA,UOP02-DEL02-PA
556240,2023-10-18,quarta-feira,21:00:00,PA,222,"226,2",MARABA,Ausência de reação do condutor,Saída de leito carroçável,Com Vítimas Fatais,Plena Noite,Crescente,Céu Claro,Simples,Reta,Sim,1,1,0,0,0,0,0,1,"-5,21090275","-49,04135299",SPRF-PA,DEL03-PA,UOP01-DEL03-PA
556280,2023-10-21,sábado,07:20:00,PA,316,"104,8",SANTA MARIA DO PARA,Acessar a via sem observar a presença dos outros veículos,Colisão transversal,Com Vítimas Feridas,Pleno dia,Decrescente,Céu Claro,Simples,Reta,Sim,5,0,2,2,0,1,4,3,"-1,34280151","-47,55991892",SPRF-PA,DEL01-PA,UOP02-DEL01-PA
556409,2023-10-21,sábado,20:30:00,PA,230,718,MEDICILANDIA,Ausência de reação do condutor,Tombamento,Com Vítimas Feridas,Plena Noite,Crescente,Céu Claro,Simples,Reta,Não,1,0,0,1,0,0,1,1,"-3,38144191","-52,67258005",SPRF-PA,DEL04-PA,UOP01-DEL04-PA
556482,2023-10-21,sábado,19:20:00,PA,230,745,MEDICILANDIA,Reação tardia ou ineficiente do condutor,Atropelamento de Pedestre,Com Vítimas Fatais,Plena Noite,Crescente,Céu Claro,Simples,Reta;Declive,Não,5,1,1,1,2,0,2,5,"-3,450952","-52,919859",SPRF-PA,DEL04-PA,UOP01-DEL04-PA
556483,2023-10-22,domingo,07:20:00,PA,155,325,MARABA,Ausência de reação do condutor,Saída de leito carroçável,Sem Vítimas,Amanhecer,Crescente,Céu Claro,Simples,Reta,Não,1,0,0,0,1,0,0,1,"-5,53085599","-49,07576984",SPRF-PA,DEL03-PA,UOP01-DEL03-PA
556640,2023-10-22,domingo,21:50:00,PA,316,65,CASTANHAL,Entrada inopinada do pedestre,Atropelamento de Pedestre,Com Vítimas Feridas,Plena Noite,Crescente,Céu Claro,Simples,Reta,Sim,2,0,1,0,1,0,1,2,"-1,29580361","-47,91084002",SPRF-PA,DEL01-PA,UOP01-DEL01-PA
556778,2023-10-23,segunda-feira,15:10:00,PA,316,102,SANTA MARIA DO PARA,Acumulo de areia ou detritos sobre o pavimento,Tombamento,Com Vítimas Feridas,Pleno dia,Decrescente,Céu Claro,Simples,Reta;Interseção de Vias,Sim,1,0,1,0,0,0,1,1,"-1,33883688","-47,58247375",SPRF-PA,DEL01-PA,UOP02-DEL01-PA
556846,2023-10-23,segunda-feira,21:30:00,PA,316,106,SANTA MARIA DO PARA,Ingestão de álcool pelo condutor,Colisão traseira,Sem Vítimas,Plena Noite,Crescente,Céu Claro,Simples,Reta,Não,4,0,0,0,4,0,0,2,"-1,34101996","-47,55122901",SPRF-PA,DEL01-PA,UOP02-DEL01-PA
556935,2023-10-24,terça-feira,12:50:00,PA,163,997,SANTAREM,Condutor deixou de manter distância do veículo da frente,Colisão traseira,Sem Vítimas,Pleno dia,Decrescente,Céu Claro,Simples,Reta;Aclive,Não,2,0,0,0,2,0,0,2,"-2,49783536","-54,73382218",SPRF-PA,DEL05-PA,UOP01-DEL05-PA
557039,2023-10-24,terça-feira,19:45:00,PA,230,105,MARABA,Ausência de reação do condutor,Colisão traseira,Com Vítimas Fatais,Plena Noite,Crescente,Céu Claro,Simples,Declive,Não,2,1,0,0,0,1,0,2,"-5,38442309","-48,98761403",SPRF-PA,DEL03-PA,UOP01-DEL03-PA
557185,2023-10-25,quarta-feira,19:40:00,PA,316,"64,9",CASTANHAL,Ausência de reação do condutor,Atropelamento de Pedestre,Com Vítimas Feridas,Plena Noite,Decrescente,Céu Claro,Dupla,Reta,Não,2,0,2,0,0,0,2,2,"-1,29629557","-47,91983997",SPRF-PA,DEL01-PA,UOP01-DEL01-PA
557346,2023-10-26,quinta-feira,15:30:00,PA,316,38,SANTA IZABEL DO PARA,Reação tardia ou ineficiente do condutor,Saída de leito carroçável,Com Vítimas Feridas,Pleno dia,Crescente,Céu Claro,Dupla,Reta,Não,3,0,1,1,0,1,2,2,"-1,28327779","-48,13995604",SPRF-PA,DEL01-PA,UOP01-DEL01-PA
557391,2023-10-26,quinta-feira,18:05:00,PA,222,220,BOM JESUS DO TOCANTINS,Reação tardia ou ineficiente do condutor,Colisão lateral mesmo sentido,Com Vítimas Feridas,Plena Noite,Crescente,Céu Claro,Simples,Reta,Não,6,0,1,0,4,1,1,3,"-5,18694","-48,995655",SPRF-PA,DEL03-PA,UOP01-DEL03-PA
557514,2023-10-27,sexta-feira,14:55:00,PA,316,96,IGARAPE-ACU,Transitar na contramão,Colisão lateral sentido oposto,Com Vítimas Feridas,Pleno dia,Decrescente,Céu Claro,Simples,Reta,Não,3,0,0,1,1,1,1,3,"-1,32878666","-47,63912194",SPRF-PA,DEL01-PA,UOP02-DEL01-PA
557716,2023-10-28,sábado,10:00:00,PA,230,123,MARABA,Ingestão de álcool pelo condutor,Colisão traseira,Com Vítimas Feridas,Pleno dia,Crescente,Céu Claro,Dupla,Reta,Sim,3,0,1,0,0,2,1,3,"-5,36838526","-49,12886078",SPRF-PA,DEL03-PA,UOP01-DEL03-PA
557807,2023-10-28,sábado,21:00:00,PA,230,120,BOM JESUS DO TOCANTINS,Ausência de reação do condutor,Colisão lateral mesmo sentido,Com Vítimas Feridas,Plena Noite,Decrescente,Céu Claro,Dupla,Reta,Sim,2,0,0,1,0,1,1,2,-5,-49,SPRF-PA,DEL03-PA,UOP01-DEL03-PA
557926,2023-10-29,domingo,10:15:00,PA,163,997,SANTAREM,Demais falhas mecânicas ou elétricas,Tombamento,Com Vítimas Feridas,Pleno dia,Crescente,Céu Claro,Simples,Declive;Curva,Não,2,0,1,1,0,0,2,1,"-2,49783536","-54,73382218",SPRF-PA,DEL05-PA,UOP01-DEL05-PA
558016,2023-10-29,domingo,20:30:00,PA,316,154,CAPANEMA,Deficiência do Sistema de Iluminação/Sinalização,Colisão traseira,Com Vítimas Feridas,Plena Noite,Decrescente,Céu Claro,Simples,Reta,Não,4,0,1,2,0,1,3,2,"-1,23045296","-47,16186396",SPRF-PA,DEL01-PA,UOP03-DEL01-PA
558097,2023-10-30,segunda-feira,09:30:00,PA,230,"121,2",MARABA,Reação tardia ou ineficiente do condutor,Colisão lateral mesmo sentido,Sem Vítimas,Pleno dia,Decrescente,Céu Claro,Dupla,Reta,Sim,7,0,0,0,6,1,0,4,"-5,35297407","-49,12143673",SPRF-PA,DEL03-PA,UOP01-DEL03-PA
558586,2023-11-01,quarta-feira,17:40:00,PA,230,115,MARABA,Ausência de reação do condutor,Colisão lateral mesmo sentido,Com Vítimas Feridas,Anoitecer,Crescente,Céu Claro,Dupla,Declive,Sim,2,0,1,0,0,1,1,2,"-5,36241425","-49,07496007",SPRF-PA,DEL03-PA,UOP01-DEL03-PA
558677,2023-11-02,quinta-feira,08:30:00,PA,316,22,BENEVIDES,Acessar a via sem observar a presença dos outros veículos,Colisão transversal,Com Vítimas Feridas,Pleno dia,Decrescente,Céu Claro,Dupla,Reta;Interseção de Vias,Sim,3,0,2,1,0,0,3,2,"-1,3534463","-48,2570266",SPRF-PA,DEL01-PA,UOP01-DEL01-PA
558681,2023-11-02,quinta-feira,09:40:00,PA,316,79,SAO FRANCISCO DO PARA,Ausência de reação do condutor,Colisão traseira,Com Vítimas Feridas,Pleno dia,Crescente,Céu Claro,Simples,Reta,Não,4,0,2,0,2,0,2,2,"-1,30379211","-47,78865199",SPRF-PA,DEL01-PA,UOP01-DEL01-PA
558774,2023-11-02,quinta-feira,21:25:00,PA,230,"116,4",MARABA,Condutor deixou de manter distância do veículo da frente,Colisão traseira,Sem Vítimas,Plena Noite,Decrescente,Céu Claro,Dupla,Reta,Sim,2,0,0,0,2,0,0,2,"-5,35947454","-49,08301084",SPRF-PA,DEL03-PA,UOP01-DEL03-PA
559289,2023-11-05,domingo,13:00:00,PA,308,201,BRAGANCA,Acessar a via sem observar a presença dos outros veículos,Colisão transversal,Com Vítimas Feridas,Pleno dia,Decrescente,Céu Claro,Dupla,Reta,Sim,2,0,0,1,1,0,1,2,"-1,06353859","-46,78627896",SPRF-PA,DEL01-PA,UOP03-DEL01-PA
559294,2023-11-05,domingo,14:10:00,PA,10,"246,5",AURORA DO PARA,Velocidade Incompatível,Colisão lateral sentido oposto,Com Vítimas Feridas,Pleno dia,Crescente,Céu Claro,Simples,Reta;Declive,Não,2,0,0,1,1,0,1,2,"-2,281196","-47,563364",SPRF-PA,DEL02-PA,UOP01-DEL02-PA
559397,2023-11-05,domingo,16:50:00,PA,163,624,TRAIRAO,Ingestão de álcool pelo condutor,Tombamento,Com Vítimas Feridas,Pleno dia,Decrescente,Nublado,Simples,Reta;Aclive,Não,2,0,1,0,1,0,1,1,"-4,70629765","-56,00399883",SPRF-PA,DEL05-PA,UOP02-DEL05-PA
559412,2023-11-06,segunda-feira,00:00:00,PA,316,50,CASTANHAL,Animais na Pista,Atropelamento de Animal,Com Vítimas Feridas,Plena Noite,Crescente,Céu Claro,Dupla,Reta,Não,1,0,1,0,0,0,1,1,"-1,304277","-48,04272",SPRF-PA,DEL01-PA,UOP01-DEL01-PA
559618,2023-11-06,segunda-feira,20:47:00,PA,230,2,ALTAMIRA,Acessar a via sem observar a presença dos outros veículos,Colisão transversal,Com Vítimas Feridas,Plena Noite,Decrescente,Chuva,Dupla,Reta;Declive;Retorno Regulamentado,Sim,3,0,1,0,2,0,1,2,"-3,18005442","-52,18401167",SPRF-PA,DEL04-PA,UOP01-DEL04-PA
559623,2023-11-06,segunda-feira,16:30:00,PA,230,127,MARABA,Condutor deixou de manter distância do veículo da frente,Colisão lateral mesmo sentido,Com Vítimas Feridas,Pleno dia,Crescente,Céu Claro,Simples,Declive,Sim,2,0,1,0,1,0,1,2,"-5,37452497","-49,159719",SPRF-PA,DEL03-PA,UOP01-DEL03-PA
559771,2023-11-07,terça-feira,18:50:00,PA,316,58,CASTANHAL,Retorno proibido,Colisão traseira,Com Vítimas Feridas,Plena Noite,Crescente,Céu Claro,Dupla,Reta,Não,2,0,0,1,1,0,1,2,"-1,2998299","-47,97307488",SPRF-PA,DEL01-PA,UOP01-DEL01-PA
559865,2023-11-08,quarta-feira,08:50:00,PA,316,"52,3",CASTANHAL,Avarias e/ou desgaste excessivo no pneu,Tombamento,Com Vítimas Feridas,Pleno dia,Crescente,Céu Claro,Dupla,Reta,Não,2,0,1,1,0,0,2,1,"-1,30732485","-48,02586802",SPRF-PA,DEL01-PA,UOP01-DEL01-PA
560165,2023-11-09,quinta-feira,13:00:00,PA,230,173,ITUPIRANGA,Reação tardia ou ineficiente do condutor,Capotamento,Com Vítimas Feridas,Pleno dia,Decrescente,Céu Claro,Simples,Curva;Declive,Não,9,0,6,2,1,0,8,1,"-5,11507412","-49,40395626",SPRF-PA,DEL03-PA,UOP01-DEL03-PA
560228,2023-11-09,quinta-feira,20:40:00,PA,155,310,MARABA,Transitar na contramão,Colisão frontal,Com Vítimas Feridas,Plena Noite,Decrescente,Céu Claro,Simples,Reta,Não,3,0,0,1,2,0,1,2,"-5,65160594","-49,11019532",SPRF-PA,DEL03-PA,UOP01-DEL03-PA
560281,2023-11-10,sexta-feira,07:30:00,PA,230,604,VITORIA DO XINGU,Animais na Pista,Atropelamento de Animal,Com Vítimas Feridas,Pleno dia,Decrescente,Céu Claro,Simples,Reta,Não,6,0,1,0,4,1,1,2,"-3,12582165","-51,93487828",SPRF-PA,DEL04-PA,UOP01-DEL04-PA
560481,2023-11-11,sábado,04:00:00,PA,230,8,ALTAMIRA,Ingestão de álcool pelo condutor,Colisão com objeto,Com Vítimas Feridas,Amanhecer,Crescente,Céu Claro,Simples,Retorno Regulamentado;Rotatória,Sim,1,0,1,0,0,0,1,1,"-3,21727662","-52,24315211",SPRF-PA,DEL03-PA,UOP01-DEL03-PA
560499,2023-11-10,sexta-feira,22:00:00,PA,10,330,SAO MIGUEL DO GUAMA,Iluminação deficiente,Capotamento,Sem Vítimas,Plena Noite,Crescente,Céu Claro,Simples,Reta,Não,1,0,0,0,0,1,0,1,"-1,552086","-47,511364",SPRF-PA,DEL01-PA,UOP02-DEL01-PA
560595,2023-11-11,sábado,13:00:00,PA,10,"7,5",DOM ELISEU,Acessar a via sem observar a presença dos outros veículos,Colisão transversal,Com Vítimas Feridas,Pleno dia,Crescente,Sol,Simples,Reta;Declive,Não,2,0,0,1,1,0,1,2,"-4,38439306","-47,53529121",SPRF-PA,DEL02-PA,UOP02-DEL02-PA
560620,2023-11-11,sábado,16:17:00,PA,163,972,BELTERRA,Conversão proibida,Colisão transversal,Com Vítimas Feridas,Pleno dia,Decrescente,Céu Claro,Simples,Reta,Não,2,0,1,0,1,0,1,2,"-2,650817","-54,818684",SPRF-PA,DEL05-PA,UOP01-DEL05-PA
560632,2023-11-11,sábado,14:45:00,PA,316,36,SANTA IZABEL DO PARA,Acessar a via sem observar a presença dos outros veículos,Colisão transversal,Com Vítimas Feridas,Pleno dia,Crescente,Céu Claro,Dupla,Reta,Sim,2,0,0,1,1,0,1,2,"-1,29009976","-48,15602469",SPRF-PA,DEL01-PA,UOP01-DEL01-PA
560692,2023-11-11,sábado,20:45:00,PA,230,122,MARABA,Ingestão de álcool pelo condutor,Colisão traseira,Com Vítimas Feridas,Plena Noite,Decrescente,Céu Claro,Dupla,Reta,Sim,2,0,1,0,1,0,1,2,"-5,36137537","-49,12376139",SPRF-PA,DEL03-PA,UOP01-DEL03-PA
560811,2023-11-12,domingo,15:30:00,PA,230,660,ALTAMIRA,Ausência de reação do condutor,Colisão traseira,Com Vítimas Feridas,Pleno dia,Crescente,Sol,Simples,Reta;Declive,Não,2,0,1,0,0,1,1,2,"-3,24727888","-52,32071413",SPRF-PA,DEL04-PA,UOP01-DEL04-PA