id,data_inversa,dia_semana,horario,uf,br,km,municipio,causa_acidente,tipo_acidente,classificacao_acidente,fase_dia,sentido_via,condicao_metereologica,tipo_pista,tracado_via,uso_solo,pessoas,mortos,feridos_leves,feridos_graves,ilesos,ignorados,feridos,veiculos,latitude,longitude,regional,delegacia,uop
560814,2023-11-12,domingo,07:40:00,PA,163,986,SANTAREM,Conversão proibida,Colisão traseira,Com Vítimas Feridas,Pleno dia,Crescente,Céu Claro,Simples,Reta,Não,2,0,1,0,1,0,1,2,"-2,59271401","-54,71976013",SPRF-PA,DEL05-PA,UOP01-DEL05-PA
560822,2023-11-12,domingo,14:00:00,PA,230,173,ITUPIRANGA,Reação tardia ou ineficiente do condutor,Colisão lateral sentido oposto,Com Vítimas Feridas,Pleno dia,Crescente,Céu Claro,Simples,Reta,Não,2,0,0,1,1,0,1,2,"-5,11507412","-49,40395626",SPRF-PA,DEL03-PA,UOP01-DEL03-PA
560895,2023-11-12,domingo,19:45:00,PA,10,353,SANTA MARIA DO PARA,Ingestão de álcool pelo condutor,Colisão traseira,Com Vítimas Feridas,Plena Noite,Decrescente,Céu Claro,Simples,Reta,Sim,5,0,1,2,2,0,3,2,"-1,35646249","-47,57423141",SPRF-PA,DEL01-PA,UOP02-DEL01-PA
561476,2023-11-15,quarta-feira,12:00:00,PA,230,112,MARABA,Reação tardia ou ineficiente do condutor,Atropelamento de Pedestre,Com Vítimas Feridas,Pleno dia,Crescente,Céu Claro,Simples,Reta,Não,3,0,1,1,0,1,2,2,"-5,36913479","-49,04877095",SPRF-PA,DEL03-PA,UOP01-DEL03-PA
561699,2023-11-04,sábado,08:50:00,PA,230,730,MEDICILANDIA,Pista esburacada,Saída de leito carroçável,Com Vítimas Feridas,Pleno dia,Crescente,Céu Claro,Simples,Reta;Declive,Não,4,0,4,0,0,0,4,1,"-3,40953413","-52,77087895",SPRF-PA,DEL04-PA,UOP01-DEL04-PA
561746,2023-11-16,quinta-feira,22:15:00,PA,10,"192,1",IPIXUNA DO PARA,Demais falhas mecânicas ou elétricas,Incêndio,Sem Vítimas,Plena Noite,Decrescente,Céu Claro,Simples,Aclive,Não,1,0,0,0,1,0,0,1,"-2,75214696","-47,45924277",SPRF-PA,DEL02-PA,UOP01-DEL02-PA
561776,2023-11-17,sexta-feira,05:30:00,PA,316,55,CASTANHAL,Pedestre andava na pista,Atropelamento de Pedestre,Com Vítimas Fatais,Plena Noite,Decrescente,Céu Claro,Dupla,Reta,Sim,3,1,0,0,1,1,0,2,"-1,30561339","-47,99919919",SPRF-PA,DEL01-PA,UOP01-DEL01-PA
561974,2023-11-18,sábado,05:00:00,PA,316,60,CASTANHAL,Reação tardia ou ineficiente do condutor,Queda de ocupante de veículo,Com Vítimas Fatais,Amanhecer,Decrescente,Céu Claro,Dupla,Reta,Sim,2,1,0,0,1,0,0,2,"-1,29772957","-47,95528793",SPRF-PA,DEL01-PA,UOP01-DEL01-PA
562094,2023-11-18,sábado,17:20:00,PA,230,"748,4",MEDICILANDIA,Ingestão de álcool pelo condutor,Colisão frontal,Com Vítimas Feridas,Pleno dia,Crescente,Céu Claro,Simples,Reta;Aclive,Não,5,0,0,1,2,2,1,3,"-3,45084124","-52,9195799",SPRF-PA,DEL04-PA,UOP01-DEL04-PA
562121,2023-11-18,sábado,14:40:00,PA,316,50,SANTA IZABEL DO PARA,Reação tardia ou ineficiente do condutor,Tombamento,Com Vítimas Feridas,Pleno dia,Decrescente,Nublado,Dupla,Reta,Sim,2,0,2,0,0,0,2,1,"-1,304277","-48,04272",SPRF-PA,DEL01-PA,UOP01-DEL01-PA
562131,2023-11-18,sábado,16:00:00,PA,230,751,MEDICILANDIA,Ultrapassagem Indevida,Colisão transversal,Com Vítimas Feridas,Pleno dia,Crescente,Céu Claro,Simples,Reta;Declive,Não,2,0,0,1,1,0,1,2,"-3,44062176","-52,88165808",SPRF-PA,DEL04-PA,UOP01-DEL04-PA
562140,2023-11-18,sábado,20:00:00,PA,10,341,SANTA MARIA DO PARA,Transitar na contramão,Colisão frontal,Com Vítimas Fatais,Plena Noite,Crescente,Céu Claro,Simples,Reta,Não,3,1,1,0,1,0,1,2,"-1,45852904","-47,53672911",SPRF-PA,DEL01-PA,UOP02-DEL01-PA
562183,2023-11-19,domingo,00:20:00,PA,308,187,TRACUATEUA,Ausência de reação do condutor,Colisão traseira,Com Vítimas Fatais,Plena Noite,Decrescente,Céu Claro,Simples,Reta,Sim,2,1,0,0,0,1,0,2,"-1,08985603","-46,90711495",SPRF-PA,DEL01-PA,UOP03-DEL01-PA
562262,2023-11-19,domingo,11:30:00,PA,316,70,CASTANHAL,Falta de elemento de contenção que evite a saída do leito carroçável,Saída de leito carroçável,Com Vítimas Feridas,Pleno dia,Crescente,Céu Claro,Simples,Reta,Não,2,0,0,1,0,1,1,2,"-1,29157829","-47,86624498",SPRF-PA,DEL01-PA,UOP01-DEL01-PA
562438,2023-11-19,domingo,18:48:00,PA,316,99,SANTA MARIA DO PARA,Acessar a via sem observar a presença dos outros veículos,Colisão transversal,Com Vítimas Fatais,Plena Noite,Crescente,Céu Claro,Simples,Reta,Não,2,1,0,0,1,0,0,2,"-1,33342734","-47,61283806",SPRF-PA,DEL01-PA,UOP02-DEL01-PA
562447,2023-11-20,segunda-feira,07:50:00,PA,308,202,BRAGANCA,Acessar a via sem observar a presença dos outros veículos,Colisão transversal,Com Vítimas Feridas,Pleno dia,Crescente,Céu Claro,Simples,Reta,Sim,2,0,0,1,1,0,1,2,"-1,06532445","-46,77747689",SPRF-PA,DEL01-PA,UOP03-DEL01-PA
562481,2023-11-19,domingo,23:10:00,PA,308,151,CAPANEMA,Ingestão de álcool pelo condutor,Colisão frontal,Com Vítimas Feridas,Plena Noite,Crescente,Céu Claro,Simples,Reta,Sim,2,0,0,1,1,0,1,2,"-1,21064","-47,182743",SPRF-PA,DEL01-PA,UOP03-DEL01-PA
562580,2023-11-20,segunda-feira,19:40:00,PA,163,986,SANTAREM,Acessar a via sem observar a presença dos outros veículos,Colisão transversal,Com Vítimas Feridas,Plena Noite,Decrescente,Céu Claro,Simples,Reta,Não,2,0,0,1,1,0,1,2,"-2,59271401","-54,71976013",SPRF-PA,DEL05-PA,UOP01-DEL05-PA
562714,2023-11-21,terça-feira,10:50:00,PA,230,117,MARABA,Reação tardia ou ineficiente do condutor,Engavetamento,Com Vítimas Feridas,Pleno dia,Decrescente,Céu Claro,Dupla,Reta,Sim,5,0,1,2,2,0,3,3,"-5,35569904","-49,09047302",SPRF-PA,DEL03-PA,UOP01-DEL03-PA
562716,2023-11-21,terça-feira,14:00:00,PA,316,63,CASTANHAL,Acessar a via sem observar a presença dos outros veículos,Colisão transversal,Sem Vítimas,Pleno dia,Crescente,Chuva,Dupla,Reta,Sim,2,0,0,0,2,0,0,2,"-1,29679363","-47,92878096",SPRF-PA,DEL01-PA,UOP01-DEL01-PA
562930,2023-11-22,quarta-feira,17:20:00,PA,230,112,MARABA,Acessar a via sem observar a presença dos outros veículos,Colisão transversal,Com Vítimas Feridas,Pleno dia,Decrescente,Chuva,Simples,Reta;Aclive,Não,2,0,1,1,0,0,2,2,"-5,36913479","-49,04877095",SPRF-PA,DEL03-PA,UOP01-DEL03-PA
562959,2023-11-22,quarta-feira,20:30:00,PA,155,"308,9",MARABA,Pista esburacada,Colisão com objeto,Com Vítimas Feridas,Plena Noite,Decrescente,Nublado,Simples,Em Obras;Desvio Temporário;Reta,Não,2,0,2,0,0,0,2,1,"-5,66946792","-49,11309147",SPRF-PA,DEL03-PA,UOP01-DEL03-PA
563066,2023-11-23,quinta-feira,09:30:00,PA,230,114,MARABA,Ausência de reação do condutor,Colisão lateral mesmo sentido,Com Vítimas Feridas,Pleno dia,Decrescente,Nublado,Simples,Aclive;Reta,Não,2,0,2,0,0,0,2,2,"-5,36466678","-49,06623294",SPRF-PA,DEL03-PA,UOP01-DEL03-PA
563075,2023-09-25,segunda-feira,03:00:00,PA,308,203,BRAGANCA,Manobra de mudança de faixa,Colisão frontal,Com Vítimas Fatais,Plena Noite,Crescente,Céu Claro,Simples,Reta,Não,2,1,0,0,0,1,0,2,"-1,06623619","-46,76866019",SPRF-PA,DEL01-PA,UOP03-DEL01-PA
563200,2023-11-24,sexta-feira,04:00:00,PA,230,122,MARABA,Transitar na calçada,Atropelamento de Pedestre,Com Vítimas Feridas,Amanhecer,Decrescente,Nublado,Dupla,Reta,Sim,4,0,1,3,0,0,4,2,"-5,36137537","-49,12376139",SPRF-PA,DEL03-PA,UOP01-DEL03-PA
563262,2023-11-24,sexta-feira,11:00:00,PA,316,"65,6",CASTANHAL,Ausência de reação do condutor,Colisão traseira,Sem Vítimas,Pleno dia,Crescente,Céu Claro,Dupla,Reta,Sim,2,0,0,0,2,0,0,2,"-1,29580361","-47,91084002",SPRF-PA,DEL01-PA,UOP01-DEL01-PA
563269,2023-11-24,sexta-feira,10:30:00,PA,230,"133,3",MARABA,Reação tardia ou ineficiente do condutor,Saída de leito carroçável,Com Vítimas Feridas,Pleno dia,Decrescente,Céu Claro,Simples,Reta;Declive,Não,2,0,1,1,0,0,2,1,"-5,36104074","-49,20575184",SPRF-PA,DEL03-PA,UOP01-DEL03-PA
563353,2023-11-24,sexta-feira,20:15:00,PA,10,354,SANTA MARIA DO PARA,Ausência de reação do condutor,Atropelamento de Pedestre,Com Vítimas Feridas,Plena Noite,Decrescente,Céu Claro,Simples,Reta,Sim,2,0,1,0,1,0,1,2,"-1,34759789","-47,57735696",SPRF-PA,DEL01-PA,UOP02-DEL01-PA
563398,2023-11-25,sábado,00:30:00,PA,230,124,MARABA,Ausência de reação do condutor,Colisão com objeto,Com Vítimas Fatais,Pleno dia,Crescente,Céu Claro,Simples,Reta,Sim,1,1,0,0,0,0,0,1,"-5,37407079","-49,13575802",SPRF-PA,DEL03-PA,UOP01-DEL03-PA
563552,2023-11-25,sábado,14:50:00,PA,230,5,ALTAMIRA,Ausência de reação do condutor,Colisão frontal,Com Vítimas Feridas,Plena Noite,Decrescente,Céu Claro,Simples,Aclive,Sim,2,0,1,1,0,0,2,2,"-3,203721","-52,206787",SPRF-PA,DEL04-PA,UOP01-DEL04-PA
563588,2023-11-25,sábado,18:20:00,PA,316,"79,9",SAO FRANCISCO DO PARA,Transitar no Acostamento,Colisão frontal,Com Vítimas Feridas,Anoitecer,Crescente,Céu Claro,Simples,Reta,Sim,3,0,3,0,0,0,3,2,"-1,30379211","-47,78865199",SPRF-PA,DEL01-PA,UOP01-DEL01-PA
563650,2023-11-26,domingo,00:01:00,PA,308,200,BRAGANCA,Ingestão de álcool pelo condutor,Colisão frontal,Com Vítimas Feridas,Plena Noite,Crescente,Céu Claro,Simples,Reta,Não,2,0,1,0,1,0,1,2,"-1,064018","-46,794999",SPRF-PA,DEL01-PA,UOP03-DEL01-PA
563688,2023-11-26,domingo,05:30:00,PA,230,117,MARABA,Ausência de reação do condutor,Capotamento,Sem Vítimas,Pleno dia,Decrescente,Céu Claro,Simples,Curva,Não,1,0,0,0,0,1,0,1,"-5,35569904","-49,09047302",SPRF-PA,DEL03-PA,UOP01-DEL03-PA
563694,2023-11-26,domingo,08:00:00,PA,308,152,CAPANEMA,Reação tardia ou ineficiente do condutor,Saída de leito carroçável,Com Vítimas Feridas,Pleno dia,Crescente,Céu Claro,Simples,Curva,Sim,1,0,1,0,0,0,1,1,"-1,20594664","-47,17506821",SPRF-PA,DEL01-PA,UOP03-DEL01-PA
563776,2023-11-26,domingo,18:00:00,PA,316,66,CASTANHAL,Ingestão de álcool pelo condutor,Colisão transversal,Com Vítimas Feridas,Plena Noite,Crescente,Céu Claro,Dupla,Reta,Sim,2,0,0,1,0,1,1,2,"-1,29533525","-47,90182499",SPRF-PA,DEL01-PA,UOP01-DEL01-PA
563980,2023-11-27,segunda-feira,14:10:00,PA,155,307,MARABA,Reação tardia ou ineficiente do condutor,Saída de leito carroçável,Com Vítimas Feridas,Pleno dia,Decrescente,Céu Claro,Simples,Reta;Declive,Não,1,0,1,0,0,0,1,1,"-5,67838705","-49,11460166",SPRF-PA,DEL03-PA,UOP01-DEL03-PA
564011,2023-11-27,segunda-feira,17:53:00,PA,308,"176,9",TRACUATEUA,Ingestão de álcool pelo condutor,Colisão lateral sentido oposto,Com Vítimas Feridas,Anoitecer,Crescente,Céu Claro,Simples,Reta,Sim,2,0,1,0,1,0,1,2,"-1,15554443","-46,97640785",SPRF-PA,DEL01-PA,UOP03-DEL01-PA
564333,2023-11-29,quarta-feira,11:30:00,PA,316,36,SANTA IZABEL DO PARA,Desrespeitar a preferência no cruzamento,Colisão transversal,Com Vítimas Feridas,Pleno dia,Decrescente,Céu Claro,Múltipla,Reta;Retorno Regulamentado,Sim,3,0,1,1,1,0,2,2,"-1,29009976","-48,15602469",SPRF-PA,DEL01-PA,UOP01-DEL01-PA
564480,2023-11-30,quinta-feira,10:45:00,PA,316,"111,8",SANTA MARIA DO PARA,Acessar a via sem observar a presença dos outros veículos,Colisão transversal,Com Vítimas Feridas,Pleno dia,Decrescente,Céu Claro,Simples,Curva,Não,2,0,2,0,0,0,2,2,"-1,31708992","-47,51316503",SPRF-PA,DEL01-PA,UOP02-DEL01-PA
564529,2023-11-30,quinta-feira,11:30:00,PA,163,975,SANTAREM,Entrada inopinada do pedestre,Atropelamento de Pedestre,Com Vítimas Feridas,Pleno dia,Decrescente,Céu Claro,Simples,Reta;Declive,Não,2,0,0,1,1,0,1,2,"-2,64483302","-54,79229999",SPRF-PA,DEL05-PA,UOP01-DEL05-PA
564563,2023-11-30,quinta-feira,09:50:00,PA,163,978,SANTAREM,Ausência de reação do condutor,Saída de leito carroçável,Com Vítimas Feridas,Pleno dia,Crescente,Céu Claro,Simples,Reta,Não,1,0,1,0,0,0,1,1,"-2,6388318","-54,76592504",SPRF-PA,DEL05-PA,UOP01-DEL05-PA
564645,2023-12-01,sexta-feira,01:15:00,PA,230,529,ANAPU,Pista Escorregadia,Colisão com objeto,Sem Vítimas,Plena Noite,Crescente,Garoa/Chuvisco,Simples,Reta;Declive,Não,2,0,0,0,2,0,0,1,"-3,299765","-51,425296",SPRF-PA,DEL04-PA,UOP01-DEL04-PA
564942,2023-12-02,sábado,12:00:00,PA,10,312,IRITUIA,Transitar na contramão,Colisão lateral sentido oposto,Com Vítimas Feridas,Pleno dia,Decrescente,Céu Claro,Simples,Reta,Não,2,0,0,1,1,0,1,2,"-1,70219802","-47,5023325",SPRF-PA,DEL01-PA,UOP02-DEL01-PA
565025,2023-12-02,sábado,18:50:00,PA,163,991,SANTAREM,Acessar a via sem observar a presença dos outros veículos,Atropelamento de Pedestre,Com Vítimas Feridas,Plena Noite,Decrescente,Céu Claro,Simples,Reta,Sim,2,0,2,0,0,0,2,2,"-2,547851","-54,72278",SPRF-PA,DEL05-PA,UOP01-DEL05-PA
565049,2023-12-02,sábado,20:30:00,PA,10,214,IPIXUNA DO PARA,Ausência de reação do condutor,Colisão traseira,Com Vítimas Feridas,Plena Noite,Decrescente,Chuva,Simples,Declive,Não,3,0,0,1,1,1,1,3,"-2,55659601","-47,4943411",SPRF-PA,DEL02-PA,UOP01-DEL02-PA
565083,2023-12-02,sábado,19:35:00,PA,10,77,ULIANOPOLIS,Conversão proibida,Colisão lateral sentido oposto,Com Vítimas Feridas,Plena Noite,Decrescente,Céu Claro,Simples,Reta,Sim,2,0,0,1,1,0,1,2,"-3,77365309","-47,50279765",SPRF-PA,DEL02-PA,UOP02-DEL02-PA
565118,2023-12-02,sábado,18:42:00,PA,230,"99,7",SAO JOAO DO ARAGUAIA,Ausência de reação do condutor,Colisão lateral mesmo sentido,Com Vítimas Feridas,Plena Noite,Crescente,Céu Claro,Simples,Reta,Não,2,0,1,0,0,1,1,2,"-5,41297822","-48,9430982",SPRF-PA,DEL03-PA,UOP01-DEL03-PA
565140,2023-11-25,sábado,22:00:00,PA,230,1,ALTAMIRA,Ausência de reação do condutor,Queda de ocupante de veículo,Com Vítimas Feridas,Plena Noite,Decrescente,Céu Claro,Dupla,Declive,Não,1,0,1,0,0,0,1,1,"-3,203721","-52,206787",SPRF-PA,DEL04-PA,UOP01-DEL04-PA
565297,2023-12-03,domingo,20:56:00,PA,316,199,SANTA LUZIA DO PARA,Iluminação deficiente,Colisão traseira,Com Vítimas Fatais,Plena Noite,Decrescente,Céu Claro,Simples,Reta;Declive,Não,2,1,0,0,1,0,0,2,"-1,53261003","-46,89144403",SPRF-PA,DEL01-PA,UOP03-DEL01-PA
565334,2023-12-04,segunda-feira,01:20:00,PA,316,46,SANTA IZABEL DO PARA,Ingestão de álcool pelo condutor,Saída de leito carroçável,Com Vítimas Feridas,Plena Noite,Crescente,Céu Claro,Dupla,Reta,Não,1,0,0,1,0,0,1,1,"-1,28003179","-48,06971495",SPRF-PA,DEL01-PA,UOP01-DEL01-PA
565356,2023-12-03,domingo,19:00:00,PA,230,631,ALTAMIRA,Ausência de reação do condutor,Queda de ocupante de veículo,Com Vítimas Fatais,Plena Noite,Decrescente,Céu Claro,Simples,Reta;Rotatória,Sim,2,1,0,0,0,1,0,2,"-3,17548707","-52,18108249",SPRF-PA,DEL04-PA,UOP01-DEL04-PA
565749,2023-12-05,terça-feira,23:10:00,PA,163,984,SANTAREM,Velocidade Incompatível,Saída de leito carroçável,Com Vítimas Feridas,Plena Noite,Crescente,Céu Claro,Simples,Curva,Não,1,0,1,0,0,0,1,1,"-2,60702251","-54,72032547",SPRF-PA,DEL05-PA,UOP01-DEL05-PA
566241,2023-12-07,quinta-feira,22:30:00,PA,163,568,TRAIRAO,Animais na Pista,Atropelamento de Animal,Com Vítimas Fatais,Plena Noite,Crescente,Céu Claro,Simples,Reta,Não,1,1,0,0,0,0,0,1,"-5,06762291","-56,15829984",SPRF-PA,DEL05-PA,UOP02-DEL05-PA
566347,2023-12-08,sexta-feira,13:17:00,PA,316,23,BENEVIDES,Reação tardia ou ineficiente do condutor,Saída de leito carroçável,Com Vítimas Feridas,Pleno dia,Crescente,Céu Claro,Dupla,Curva,Não,2,0,2,0,0,0,2,1,"-1,34599732","-48,25152822",SPRF-PA,DEL01-PA,UOP01-DEL01-PA
566497,2023-12-08,sexta-feira,22:30:00,PA,155,270,ELDORADO DO CARAJAS,Ausência de reação do condutor,Colisão com objeto,Com Vítimas Feridas,Plena Noite,Decrescente,Céu Claro,Simples,Reta;Ponte,Não,2,0,0,2,0,0,2,1,"-5,9805958","-49,23350923",SPRF-PA,DEL03-PA,UOP01-DEL03-PA
566683,2023-12-09,sábado,05:07:00,PA,0,0,ITAITUBA,Desrespeitar a preferência no cruzamento,Colisão transversal,Com Vítimas Feridas,Plena Noite,Não Informado,Céu Claro,Dupla,Reta;Interseção de Vias,Sim,4,0,0,1,3,0,1,2,"-4,272088","-55,9796606",SPRF-PA,DEL05-PA,UOP02-DEL05-PA
566715,2023-12-09,sábado,23:45:00,PA,10,319,IRITUIA,Entrada inopinada do pedestre,Atropelamento de Pedestre,Com Vítimas Fatais,Plena Noite,Decrescente,Nublado,Simples,Reta;Aclive,Não,2,1,0,0,0,1,0,2,"-1,64240799","-47,48804109",SPRF-PA,DEL01-PA,UOP02-DEL01-PA
566761,2023-12-10,domingo,03:30:00,PA,153,"147,5",SAO GERALDO DO ARAGUAIA,Ausência de reação do condutor,Colisão frontal,Com Vítimas Fatais,Plena Noite,Crescente,Nublado,Simples,Reta;Declive,Sim,3,1,0,1,0,1,1,2,"-6,374044","-48,585861",SPRF-PA,DEL03-PA,UOP01-DEL03-PA
566883,2023-12-10,domingo,18:00:00,PA,316,"65,6",CASTANHAL,Ausência de reação do condutor,Engavetamento,Sem Vítimas,Plena Noite,Crescente,Garoa/Chuvisco,Dupla,Reta,Sim,4,0,0,0,4,0,0,3,"-1,29580361","-47,91084002",SPRF-PA,DEL01-PA,UOP01-DEL01-PA
566906,2023-12-10,domingo,20:10:00,PA,308,180,TRACUATEUA,Ausência de reação do condutor,Colisão traseira,Com Vítimas Fatais,Plena Noite,Crescente,Céu Claro,Simples,Reta,Não,4,2,0,0,2,0,0,3,"-1,12888877","-46,94252522",SPRF-PA,DEL01-PA,UOP03-DEL01-PA
567051,2023-12-10,domingo,02:00:00,PA,230,811,URUARA,Reação tardia ou ineficiente do condutor,Colisão frontal,Com Vítimas Feridas,Plena Noite,Decrescente,Céu Claro,Simples,Reta;Declive,Não,3,0,1,1,1,0,2,2,"-3,63313314","-53,43198398",SPRF-PA,DEL04-PA,UOP01-DEL04-PA
567055,2023-12-11,segunda-feira,10:02:00,PA,163,519,TRAIRAO,Reação tardia ou ineficiente do condutor,Tombamento,Com Vítimas Fatais,Pleno dia,Crescente,Céu Claro,Simples,Aclive;Reta,Não,1,1,0,0,0,0,0,1,"-5,36301973","-55,89623678",SPRF-PA,DEL05-PA,UOP02-DEL05-PA
567131,2023-12-11,segunda-feira,08:20:00,PA,230,114,MARABA,Ausência de reação do condutor,Colisão traseira,Com Vítimas Feridas,Pleno dia,Crescente,Nublado,Simples,Reta,Não,2,0,1,0,1,0,1,2,"-5,36466678","-49,06623294",SPRF-PA,DEL03-PA,UOP01-DEL03-PA
567284,2023-10-10,terça-feira,15:00:00,PA,0,0,SAO FELIX DO XINGU,Demais falhas mecânicas ou elétricas,Colisão com objeto,Sem Vítimas,Pleno dia,Não Informado,Céu Claro,Simples,Aclive,Não,3,0,0,0,3,0,0,1,"-5,74819887","-52,04073821",SPRF-PA,DEL03-PA,
567332,2023-12-12,terça-feira,12:20:00,PA,230,115,MARABA,Condutor deixou de manter distância do veículo da frente,Colisão traseira,Sem Vítimas,Pleno dia,Decrescente,Céu Claro,Dupla,Curva;Interseção de Vias,Sim,2,0,0,0,2,0,0,2,"-5,35659777","-49,08837318",SPRF-PA,DEL03-PA,UOP01-DEL03-PA
567342,2023-12-12,terça-feira,16:05:00,PA,10,17,DOM ELISEU,Acessar a via sem observar a presença dos outros veículos,Colisão transversal,Com Vítimas Feridas,Pleno dia,Crescente,Céu Claro,Simples,Reta,Sim,3,0,1,0,2,0,1,2,"-4,30201297","-47,55571979",SPRF-PA,DEL02-PA,UOP02-DEL02-PA
567961,2023-12-15,sexta-feira,15:15:00,PA,316,22,BENEVIDES,Acessar a via sem observar a presença dos outros veículos,Colisão transversal,Com Vítimas Feridas,Pleno dia,Decrescente,Nublado,Dupla,Reta,Sim,2,0,1,0,1,0,1,2,"-1,3534463","-48,2570266",SPRF-PA,DEL01-PA,UOP01-DEL01-PA
568150,2023-12-16,sábado,05:30:00,PA,230,684,BRASIL NOVO,Ausência de reação do condutor,Saída de leito carroçável,Com Vítimas Feridas,Amanhecer,Crescente,Céu Claro,Simples,Reta;Aclive,Não,1,0,1,0,0,0,1,1,"-3,28325977","-52,45703096",SPRF-PA,DEL04-PA,UOP01-DEL04-PA
568413,2023-12-17,domingo,02:00:00,PA,163,560,TRAIRAO,Animais na Pista,Atropelamento de Animal,Com Vítimas Feridas,Plena Noite,Crescente,Céu Claro,Simples,Reta,Não,2,0,1,0,0,1,1,1,"-5,12166295","-56,11317794",SPRF-PA,DEL05-PA,UOP02-DEL05-PA
568439,2023-12-17,domingo,01:00:00,PA,10,58,CASTANHAL,Ingestão de álcool pelo condutor,Tombamento,Com Vítimas Feridas,Plena Noite,Decrescente,Céu Claro,Dupla,Declive,Sim,1,0,0,1,0,0,1,1,"-1,298051","-47,95957",SPRF-PA,DEL02-PA,UOP02-DEL02-PA
568568,2023-12-17,domingo,19:10:00,PA,163,991,SANTAREM,Ausência de reação do condutor,Atropelamento de Pedestre,Com Vítimas Fatais,Plena Noite,Crescente,Céu Claro,Simples,Reta,Não,2,1,0,0,1,0,0,2,"-2,547851","-54,72278",SPRF-PA,DEL05-PA,UOP01-DEL05-PA
568644,2023-12-18,segunda-feira,00:00:00,PA,316,31,SANTA IZABEL DO PARA,Manobra de mudança de faixa,Colisão lateral mesmo sentido,Sem Vítimas,Plena Noite,Decrescente,Céu Claro,Dupla,Reta,Não,2,0,0,0,2,0,0,2,"-1,3025866","-48,1965672",SPRF-PA,DEL01-PA,UOP01-DEL01-PA
569144,2023-12-20,quarta-feira,08:45:00,PA,316,"36,2",SANTA IZABEL DO PARA,Acessar a via sem observar a presença dos outros veículos,Colisão transversal,Com Vítimas Feridas,Pleno dia,Crescente,Céu Claro,Dupla,Reta;Interseção de Vias,Sim,3,0,1,0,2,0,1,2,"-1,29009976","-48,15602469",SPRF-PA,DEL01-PA,UOP01-DEL01-PA
569375,2023-12-21,quinta-feira,06:00:00,PA,316,142,CAPANEMA,Transitar na contramão,Colisão frontal,Com Vítimas Feridas,Pleno dia,Decrescente,Céu Claro,Simples,Aclive,Não,7,0,2,0,5,0,2,3,"-1,25212498","-47,25203101",SPRF-PA,DEL01-PA,UOP03-DEL01-PA
569535,2023-12-21,quinta-feira,18:45:00,PA,316,23,BENEVIDES,Reação tardia ou ineficiente do condutor,Atropelamento de Pedestre,Com Vítimas Fatais,Plena Noite,Crescente,Céu Claro,Dupla,Reta,Sim,2,1,1,0,0,0,1,2,"-1,34599732","-48,25152822",SPRF-PA,DEL01-PA,UOP01-DEL01-PA
570012,2023-12-23,sábado,10:20:00,PA,230,114,MARABA,Ausência de reação do condutor,Colisão traseira,Com Vítimas Feridas,Pleno dia,Crescente,Sol,Simples,Ponte,Sim,2,0,1,0,1,0,1,2,"-5,36466678","-49,06623294",SPRF-PA,DEL03-PA,UOP01-DEL03-PA
570093,2023-12-23,sábado,15:10:00,PA,316,83,SAO FRANCISCO DO PARA,Condutor deixou de manter distância do veículo da frente,Engavetamento,Com Vítimas Feridas,Pleno dia,Crescente,Nublado,Simples,Reta,Não,5,0,1,0,4,0,1,4,"-1,31515397","-47,71640182",SPRF-PA,DEL01-PA,UOP02-DEL01-PA
570105,2023-12-23,sábado,13:40:00,PA,10,253,AURORA DO PARA,Manobra de mudança de faixa,Colisão traseira,Com Vítimas Fatais,Pleno dia,Decrescente,Sol,Simples,Reta,Não,8,5,0,2,1,0,2,3,"-2,22259399","-47,56226424",SPRF-PA,DEL02-PA,UOP01-DEL02-PA
570281,2023-12-23,sábado,08:00:00,PA,316,65,CASTANHAL,Reação tardia ou ineficiente do condutor,Colisão transversal,Com Vítimas Feridas,Pleno dia,Decrescente,Sol,Dupla,Reta,Sim,3,0,1,0,2,0,1,2,"-1,29580361","-47,91084002",SPRF-PA,DEL01-PA,UOP01-DEL01-PA
570374,2023-12-24,domingo,18:45:00,PA,316,"66,7",CASTANHAL,Acessar a via sem observar a presença dos outros veículos,Colisão transversal,Com Vítimas Feridas,Plena Noite,Crescente,Céu Claro,Dupla,Reta,Sim,2,0,1,0,1,0,1,2,"-1,29504262","-47,89469361",SPRF-PA,DEL01-PA,UOP01-DEL01-PA