id,data_inversa,dia_semana,horario,uf,br,km,municipio,causa_acidente,tipo_acidente,classificacao_acidente,fase_dia,sentido_via,condicao_metereologica,tipo_pista,tracado_via,uso_solo,pessoas,mortos,feridos_leves,feridos_graves,ilesos,ignorados,feridos,veiculos,latitude,longitude,regional,delegacia,uop
570577,2023-12-25,segunda-feira,19:00:00,PA,230,1118,ITAITUBA,Animais na Pista,Atropelamento de Animal,Sem Vítimas,Plena Noite,Crescente,Garoa/Chuvisco,Simples,Reta,Não,3,0,0,0,3,0,0,2,"-4,36385431","-55,82230787",SPRF-PA,DEL05-PA,UOP02-DEL05-PA
570791,2023-12-26,terça-feira,19:40:00,PA,222,19,DOM ELISEU,Entrada inopinada do pedestre,Atropelamento de Pedestre,Com Vítimas Feridas,Plena Noite,Crescente,Céu Claro,Simples,Reta,Sim,2,0,0,2,0,0,2,2,"-4,295723","-47,565594",SPRF-PA,DEL02-PA,UOP02-DEL02-PA
571374,2023-12-29,sexta-feira,20:00:00,PA,10,189,IPIXUNA DO PARA,Ausência de reação do condutor,Atropelamento de Animal,Com Vítimas Feridas,Plena Noite,Crescente,Chuva,Simples,Declive,Não,2,0,1,0,1,0,1,1,"-2,77880807","-47,45440041",SPRF-PA,DEL02-PA,UOP01-DEL02-PA
571507,2023-12-30,sábado,12:55:00,PA,316,"35,7",SANTA IZABEL DO PARA,Acessar a via sem observar a presença dos outros veículos,Colisão transversal,Com Vítimas Feridas,Pleno dia,Decrescente,Céu Claro,Dupla,Retorno Regulamentado;Interseção de Vias,Sim,2,0,1,0,1,0,1,2,"-1,29146197","-48,164561",SPRF-PA,DEL01-PA,UOP01-DEL01-PA
571530,2023-12-30,sábado,15:00:00,PA,316,"51,7",CASTANHAL,Condutor deixou de manter distância do veículo da frente,Colisão traseira,Sem Vítimas,Pleno dia,Crescente,Chuva,Dupla,Reta,Não,2,0,0,0,1,1,0,2,"-1,30696138","-48,03478",SPRF-PA,DEL01-PA,UOP01-DEL01-PA
571594,2023-12-30,sábado,21:00:00,PA,163,985,SANTAREM,Ausência de reação do condutor,Saída de leito carroçável,Com Vítimas Feridas,Plena Noite,Crescente,Céu Claro,Simples,Curva,Não,4,0,0,2,2,0,2,1,"-2,6052648","-54,71946716",SPRF-PA,DEL05-PA,UOP01-DEL05-PA
571614,2023-12-30,sábado,23:20:00,PA,230,1,ALTAMIRA,Ausência de reação do condutor,Saída de leito carroçável,Com Vítimas Feridas,Plena Noite,Decrescente,Nublado,Simples,Rotatória,Sim,1,0,1,0,0,0,1,1,"-3,203721","-52,206787",SPRF-PA,DEL04-PA,UOP01-DEL04-PA
571658,2023-12-31,domingo,03:15:00,PA,230,195,ITUPIRANGA,Animais na Pista,Atropelamento de Animal,Com Vítimas Fatais,Plena Noite,Decrescente,Garoa/Chuvisco,Simples,Reta,Não,5,1,1,0,3,0,1,1,"-4,95867068","-49,4562192",SPRF-PA,DEL03-PA,UOP01-DEL03-PA
576674,2023-12-02,sábado,04:50:00,PA,230,120,MARABA,Transitar na contramão,Colisão frontal,Com Vítimas Fatais,Amanhecer,Crescente,Céu Claro,Dupla,Reta,Não,4,1,0,0,2,1,0,3,"-5,3588944","-49,1230917",SPRF-PA,DEL03-PA,UOP01-DEL03-PA
587470,2023-09-29,sexta-feira,14:10:00,PA,316,99,IGARAPE-ACU,Ultrapassagem Indevida,Colisão lateral sentido oposto,Com Vítimas Feridas,Pleno dia,Decrescente,Céu Claro,Simples,Reta,Não,11,0,2,7,2,0,9,3,"-1,33342734","-47,61283806",SPRF-PA,DEL01-PA,UOP02-DEL01-PA
591741,2023-08-12,sábado,19:25:00,PA,163,158,ALTAMIRA,Entrada inopinada do pedestre,Atropelamento de Pedestre,Com Vítimas Fatais,Plena Noite,Decrescente,Ignorado,Simples,Reta,Não,2,1,0,0,1,0,0,2,"-8,31949195","-55,09930332",SPRF-PA,DEL05-PA,UOP02-DEL05-PA
592292,2023-10-06,sexta-feira,19:43:00,PA,163,410,ITAITUBA,Reação tardia ou ineficiente do condutor,Atropelamento de Pedestre,Com Vítimas Fatais,Plena Noite,Crescente,Ignorado,Simples,Reta,Não,2,1,0,0,0,1,0,2,"-6,22176","-55,626835",SPRF-PA,DEL05-PA,UOP02-DEL05-PA
572017,01/01/2024,segunda-feira,17:30:00,PA,10,"83,3",ULIANOPOLIS,Demais falhas mecânicas ou elétricas,Saída de leito carroçável,Com Vítimas Feridas,Pleno dia,Decrescente,Céu Claro,Simples,Reta,Não,3,0,2,0,0,2,2,4,"-3,721266","-47,48965",SPRF-PA,DEL02-PA,UOP02-DEL02-PA
572405,03/01/2024,quarta-feira,15:00:00,PA,316,"86,5",SAO FRANCISCO DO PARA,Transitar na contramão,Colisão lateral sentido oposto,Sem Vítimas,Pleno dia,Crescente,Chuva,Simples,Reta,Não,3,0,0,0,1,2,0,3,"-1,31324695","-47,72716999",SPRF-PA,DEL01-PA,UOP02-DEL01-PA
572787,05/01/2024,sexta-feira,14:30:00,PA,163,653,ITAITUBA,Avarias e/ou desgaste excessivo no pneu,Colisão frontal,Com Vítimas Feridas,Pleno dia,Decrescente,Nublado,Simples,Curva;Declive,Não,4,0,2,0,1,3,2,5,"-4,50624587","-55,86575279",SPRF-PA,DEL05-PA,UOP02-DEL05-PA
573332,08/01/2024,segunda-feira,10:00:00,PA,316,"36,4",SANTA IZABEL DO PARA,Desvio temporário,Colisão transversal,Com Vítimas Feridas,Pleno dia,Crescente,Céu Claro,Dupla,Reta;Em Obras;Desvio Temporário,Sim,4,0,0,3,1,0,3,2,"-1,29009976","-48,15602469",SPRF-PA,DEL01-PA,UOP01-DEL01-PA
573597,09/01/2024,terça-feira,13:20:00,PA,163,617,TRAIRAO,Reação tardia ou ineficiente do condutor,Tombamento,Com Vítimas Feridas,Pleno dia,Crescente,Sol,Simples,Reta,Não,2,0,1,0,0,1,1,2,"-4,73795095","-56,05091106",SPRF-PA,DEL05-PA,UOP02-DEL05-PA
574043,11/01/2024,quinta-feira,14:30:00,PA,10,"191,4",IPIXUNA DO PARA,Ausência de reação do condutor,Tombamento,Com Vítimas Feridas,Pleno dia,Crescente,Nublado,Simples,Reta,Não,2,0,1,0,0,1,1,2,"-2,75791","-47,45823",SPRF-PA,DEL02-PA,UOP01-DEL02-PA
574154,12/01/2024,sexta-feira,09:00:00,PA,316,35,SANTA IZABEL DO PARA,Acessar a via sem observar a presença dos outros veículos,Colisão transversal,Com Vítimas Feridas,Pleno dia,Crescente,Chuva,Dupla,Reta;Desvio Temporário,Sim,3,0,1,0,1,2,1,4,"-1,28956444","-48,15451813",SPRF-PA,DEL01-PA,UOP01-DEL01-PA
574456,13/01/2024,sábado,16:02:00,PA,10,"10,1",DOM ELISEU,Ingestão de álcool pelo condutor,Colisão lateral sentido oposto,Com Vítimas Feridas,Pleno dia,Crescente,Céu Claro,Simples,Reta,Não,2,0,1,0,1,0,1,2,"-4,357685","-47,536694",SPRF-PA,DEL02-PA,UOP02-DEL02-PA
574578,14/01/2024,domingo,02:40:00,PA,230,121,MARABA,Acessar a via sem observar a presença dos outros veículos,Colisão transversal,Com Vítimas Fatais,Plena Noite,Decrescente,Céu Claro,Dupla,Reta,Sim,4,1,0,1,1,3,1,5,"-5,35297407","-49,12143673",SPRF-PA,DEL03-PA,UOP01-DEL03-PA
575148,16/01/2024,terça-feira,09:30:00,PA,308,193,BRAGANCA,Reação tardia ou ineficiente do condutor,Saída de leito carroçável,Com Vítimas Feridas,Pleno dia,Crescente,Céu Claro,Simples,Reta,Não,2,0,1,0,0,2,1,3,"-1,07541058","-46,85633484",SPRF-PA,DEL01-PA,UOP03-DEL01-PA
575490,18/01/2024,quinta-feira,12:10:00,PA,316,20,BENEVIDES,Reação tardia ou ineficiente do condutor,Colisão traseira,Sem Vítimas,Pleno dia,Decrescente,Sol,Dupla,Reta,Sim,2,0,0,0,2,0,0,2,"-1,3642339","-48,266582",SPRF-PA,DEL01-PA,UOP01-DEL01-PA
576103,20/01/2024,sábado,20:30:00,PA,230,"83,5",SAO JOAO DO ARAGUAIA,Acessar a via sem observar a presença dos outros veículos,Colisão transversal,Com Vítimas Fatais,Plena Noite,Crescente,Nublado,Simples,Reta,Não,3,1,0,0,1,1,0,3,"-5,47532475","-48,82253688",SPRF-PA,DEL03-PA,UOP01-DEL03-PA
576139,21/01/2024,domingo,03:00:00,PA,230,70,SAO DOMINGOS DO ARAGUAIA,Manobra de mudança de faixa,Colisão frontal,Com Vítimas Fatais,Plena Noite,Decrescente,Nublado,Simples,Curva,Não,2,1,0,0,1,0,0,2,"-5,5079345","-48,71546613",SPRF-PA,DEL03-PA,UOP01-DEL03-PA
576399,21/01/2024,domingo,20:30:00,PA,163,500,TRAIRAO,Curva acentuada,Colisão lateral sentido oposto,Com Vítimas Feridas,Plena Noite,Crescente,Chuva,Simples,Declive;Curva,Não,3,0,1,0,1,5,1,7,"-5,50289987","-55,83120751",SPRF-PA,DEL05-PA,UOP02-DEL05-PA
576444,22/01/2024,segunda-feira,08:00:00,PA,316,35,SANTA IZABEL DO PARA,Acessar a via sem observar a presença dos outros veículos,Colisão transversal,Com Vítimas Feridas,Pleno dia,Decrescente,Céu Claro,Dupla,Reta,Sim,3,0,0,2,1,0,2,2,"-1,29146197","-48,164561",SPRF-PA,DEL01-PA,UOP01-DEL01-PA
576618,23/01/2024,terça-feira,05:20:00,PA,230,1120,ITAITUBA,Manobra de mudança de faixa,Colisão lateral sentido oposto,Com Vítimas Feridas,Plena Noite,Crescente,Ignorado,Simples,Reta,Não,3,0,0,1,1,3,1,5,"-4,37059973","-55,83858313",SPRF-PA,DEL05-PA,UOP02-DEL05-PA
576688,23/01/2024,terça-feira,16:40:00,PA,316,"69,1",CASTANHAL,Manobra de mudança de faixa,Colisão frontal,Com Vítimas Fatais,Pleno dia,Crescente,Chuva,Simples,Curva,Não,6,3,0,1,1,1,1,3,"-1,29277675","-47,87507708",SPRF-PA,DEL01-PA,UOP01-DEL01-PA
576780,08/01/2024,segunda-feira,12:15:00,PA,316,76,SAO FRANCISCO DO PARA,Ultrapassagem Indevida,Colisão frontal,Com Vítimas Fatais,Pleno dia,Decrescente,Nublado,Simples,Reta,Não,3,1,1,0,0,1,1,3,"-1,30223447","-47,80628622",SPRF-PA,DEL01-PA,UOP01-DEL01-PA
576907,24/01/2024,quarta-feira,15:30:00,PA,163,469,ITAITUBA,Pista Escorregadia,Tombamento,Com Vítimas Feridas,Pleno dia,Crescente,Garoa/Chuvisco,Simples,Curva,Não,3,0,0,1,1,5,1,7,"-5,75265194","-55,73624966",SPRF-PA,DEL05-PA,UOP02-DEL05-PA
577445,27/01/2024,sábado,17:12:00,PA,230,647,ALTAMIRA,Avarias e/ou desgaste excessivo no pneu,Colisão frontal,Com Vítimas Fatais,Pleno dia,Decrescente,Chuva,Simples,Reta;Declive,Sim,8,1,0,6,1,0,6,2,"-3,22366","-52,27107",SPRF-PA,DEL04-PA,UOP01-DEL04-PA
578213,31/01/2024,quarta-feira,15:30:00,PA,230,"29,5",BREJO GRANDE DO ARAGUAIA,Ausência de reação do condutor,Colisão traseira,Com Vítimas Feridas,Pleno dia,Crescente,Nublado,Simples,Aclive,Não,4,0,2,0,2,0,2,2,"-5,65640017","-48,39762725",SPRF-PA,DEL03-PA,UOP01-DEL03-PA
578412,05/01/2024,sexta-feira,09:20:00,PA,230,117,MARABA,Reação tardia ou ineficiente do condutor,Tombamento,Com Vítimas Feridas,Pleno dia,Decrescente,Céu Claro,Dupla,Reta,Sim,2,0,1,0,1,0,1,2,"-5,35569904","-49,09047302",SPRF-PA,DEL03-PA,UOP01-DEL03-PA
578709,03/02/2024,sábado,06:30:00,PA,163,591,TRAIRAO,Ingestão de substâncias psicoativas pelo condutor,Colisão lateral sentido oposto,Com Vítimas Feridas,Amanhecer,Crescente,Céu Claro,Simples,Curva,Não,5,0,1,1,2,7,2,10,"-4,90250197","-56,18616339",SPRF-PA,DEL05-PA,UOP02-DEL05-PA
578887,03/02/2024,sábado,23:30:00,PA,222,218,BOM JESUS DO TOCANTINS,Transitar na contramão,Colisão lateral sentido oposto,Com Vítimas Feridas,Plena Noite,Crescente,Céu Claro,Simples,Declive,Não,3,0,1,0,2,0,1,2,"-5,180754","-48,979069",SPRF-PA,DEL03-PA,UOP01-DEL03-PA
578902,04/02/2024,domingo,03:45:00,PA,230,1126,ITAITUBA,Ingestão de álcool pelo condutor,Colisão lateral sentido oposto,Sem Vítimas,Plena Noite,Decrescente,Ignorado,Simples,Curva;Declive,Não,2,0,0,0,1,1,0,2,"-4,31664891","-55,95736027",SPRF-PA,DEL05-PA,UOP02-DEL05-PA
579236,05/02/2024,segunda-feira,18:00:00,PA,316,20,BENEVIDES,Ausência de reação do condutor,Colisão traseira,Sem Vítimas,Plena Noite,Decrescente,Céu Claro,Dupla,Reta;Declive,Sim,3,0,0,0,3,0,0,3,"-1,3642339","-48,266582",SPRF-PA,DEL01-PA,UOP01-DEL01-PA
579372,06/02/2024,terça-feira,11:00:00,PA,10,"175,9",PARAGOMINAS,Carga excessiva e/ou mal acondicionada,Tombamento,Com Vítimas Feridas,Pleno dia,Crescente,Céu Claro,Simples,Rotatória,Não,1,0,1,0,0,0,1,1,"-2,89485593","-47,43342876",SPRF-PA,DEL02-PA,UOP01-DEL02-PA
579803,02/02/2024,sexta-feira,18:15:00,PA,163,579,TRAIRAO,Animais na Pista,Atropelamento de Animal,Sem Vítimas,Anoitecer,Decrescente,Nublado,Simples,Declive;Reta,Não,2,0,0,0,1,3,0,4,"-5,07340914","-56,17069244",SPRF-PA,DEL05-PA,UOP02-DEL05-PA
580098,09/02/2024,sexta-feira,18:50:00,PA,163,844,PLACAS,Reação tardia ou ineficiente do condutor,Tombamento,Com Vítimas Feridas,Anoitecer,Crescente,Chuva,Simples,Declive,Não,2,0,1,0,0,2,1,3,"-3,68577791","-54,82389988",SPRF-PA,DEL05-PA,UOP01-DEL05-PA
580107,09/02/2024,sexta-feira,14:20:00,PA,316,98,IGARAPE-ACU,Manobra de mudança de faixa,Tombamento,Com Vítimas Feridas,Pleno dia,Crescente,Nublado,Simples,Reta,Não,2,0,1,0,0,1,1,2,"-1,33188337","-47,62160007",SPRF-PA,DEL01-PA,UOP02-DEL01-PA
580146,09/02/2024,sexta-feira,22:30:00,PA,10,70,ULIANOPOLIS,Deficiência do Sistema de Iluminação/Sinalização,Colisão traseira,Com Vítimas Feridas,Plena Noite,Crescente,Céu Claro,Simples,Reta,Não,4,0,1,1,2,0,2,2,"-3,8350438","-47,51638456",SPRF-PA,DEL02-PA,UOP02-DEL02-PA
580560,11/02/2024,domingo,16:50:00,PA,10,"153,9",PARAGOMINAS,Transitar na contramão,Colisão frontal,Com Vítimas Fatais,Amanhecer,Decrescente,Céu Claro,Simples,Reta,Não,7,2,0,3,1,1,3,4,"-3,0890036","-47,479754",SPRF-PA,DEL02-PA,UOP01-DEL02-PA
580790,12/02/2024,segunda-feira,15:20:00,PA,316,"21,3",BENEVIDES,Manobra de mudança de faixa,Colisão transversal,Com Vítimas Feridas,Pleno dia,Crescente,Céu Claro,Dupla,Retorno Regulamentado;Reta,Sim,3,0,1,0,1,3,1,5,"-1,36097138","-48,26241527",SPRF-PA,DEL01-PA,UOP01-DEL01-PA
580862,12/02/2024,segunda-feira,21:20:00,PA,10,111,PARAGOMINAS,Deficiência do Sistema de Iluminação/Sinalização,Eventos atípicos,Sem Vítimas,Plena Noite,Crescente,Chuva,Simples,Aclive;Reta,Não,3,0,0,0,2,6,0,8,"-3,4703279","-47,4694273",SPRF-PA,DEL02-PA,UOP02-DEL02-PA
580992,13/02/2024,terça-feira,14:00:00,PA,163,598,ITAITUBA,Velocidade Incompatível,Tombamento,Com Vítimas Feridas,Pleno dia,Decrescente,Céu Claro,Simples,Curva;Declive,Não,3,0,1,0,1,3,1,4,"-4,84994898","-56,15879205",SPRF-PA,DEL05-PA,UOP02-DEL05-PA
581065,13/02/2024,terça-feira,17:30:00,PA,308,226,AUGUSTO CORREA,Carga excessiva e/ou mal acondicionada,Capotamento,Sem Vítimas,Pleno dia,Crescente,Céu Claro,Simples,Reta;Ponte,Não,2,0,0,0,1,3,0,4,"-1,13217038","-46,62461205",SPRF-PA,DEL01-PA,UOP03-DEL01-PA
581888,18/02/2024,domingo,14:49:00,PA,155,261,ELDORADO DO CARAJAS,Reação tardia ou ineficiente do condutor,Colisão traseira,Sem Vítimas,Pleno dia,Crescente,Sol,Simples,Reta;Em Obras,Não,4,0,0,0,3,5,0,8,"-6,041951","-49,286166",SPRF-PA,DEL03-PA,UOP01-DEL03-PA
581911,18/02/2024,domingo,00:00:00,PA,316,"184,6",SANTA LUZIA DO PARA,Demais falhas mecânicas ou elétricas,Incêndio,Sem Vítimas,Plena Noite,Crescente,Nublado,Simples,Reta,Não,1,0,0,0,0,1,0,1,"-1,43195493","-46,98150193",SPRF-PA,DEL01-PA,UOP03-DEL01-PA
582225,20/02/2024,terça-feira,10:00:00,PA,163,519,TRAIRAO,Ausência de reação do condutor,Colisão transversal,Com Vítimas Feridas,Pleno dia,Decrescente,Céu Claro,Simples,Reta,Não,4,0,2,0,1,3,2,5,"-5,36301973","-55,89623678",SPRF-PA,DEL05-PA,UOP02-DEL05-PA
582319,20/02/2024,terça-feira,22:00:00,PA,316,"65,2",CASTANHAL,Acessar a via sem observar a presença dos outros veículos,Colisão transversal,Com Vítimas Feridas,Plena Noite,Decrescente,Céu Claro,Dupla,Interseção de Vias;Reta,Sim,4,0,0,1,1,3,1,5,"-1,29569691","-47,90874839",SPRF-PA,DEL01-PA,UOP01-DEL01-PA
582481,21/02/2024,quarta-feira,11:30:00,PA,230,563,ANAPU,Demais falhas mecânicas ou elétricas,Saída de leito carroçável,Sem Vítimas,Pleno dia,Crescente,Céu Claro,Simples,Em Obras;Curva;Declive,Não,3,0,0,0,2,2,0,3,"-3,122475","-51,699595",SPRF-PA,DEL04-PA,UOP01-DEL04-PA
582678,22/02/2024,quinta-feira,14:15:00,PA,163,513,ITAITUBA,Reação tardia ou ineficiente do condutor,Tombamento,Sem Vítimas,Pleno dia,Crescente,Céu Claro,Simples,Curva,Não,5,0,0,0,1,4,0,3,"-5,41042998","-55,88634589",SPRF-PA,DEL05-PA,UOP02-DEL05-PA
582741,23/02/2024,sexta-feira,08:00:00,PA,230,121,MARABA,Suicídio (presumido),Atropelamento de Pedestre,Com Vítimas Feridas,Pleno dia,Crescente,Céu Claro,Dupla,Reta,Sim,3,0,0,1,1,2,1,4,"-5,35297407","-49,12143673",SPRF-PA,DEL03-PA,UOP01-DEL03-PA
582824,23/02/2024,sexta-feira,10:10:00,PA,163,493,ITAITUBA,Pista esburacada,Colisão lateral sentido oposto,Sem Vítimas,Pleno dia,Decrescente,Céu Claro,Simples,Reta,Não,3,0,0,0,2,5,0,7,"-5,561766","-55,82100898",SPRF-PA,DEL05-PA,UOP02-DEL05-PA
583059,24/02/2024,sábado,18:50:00,PA,222,19,DOM ELISEU,Ingestão de álcool pelo condutor,Colisão lateral sentido oposto,Com Vítimas Feridas,Plena Noite,Decrescente,Céu Claro,Simples,Reta,Sim,4,0,0,1,2,1,1,4,"-4,295786","-47,565977",SPRF-PA,DEL02-PA,UOP02-DEL02-PA
583084,24/02/2024,sábado,19:33:00,PA,316,151,CAPANEMA,Retorno proibido,Colisão lateral mesmo sentido,Com Vítimas Fatais,Plena Noite,Crescente,Garoa/Chuvisco,Simples,Reta,Sim,2,1,0,0,1,0,0,2,"-1,21279075","-47,18200692",SPRF-PA,DEL01-PA,UOP03-DEL01-PA
583294,25/02/2024,domingo,17:30:00,PA,230,1113,ITAITUBA,Reação tardia ou ineficiente do condutor,Tombamento,Com Vítimas Feridas,Anoitecer,Crescente,Nublado,Simples,Curva,Não,2,0,1,0,0,2,1,3,"-4,39860033","-55,91943523",SPRF-PA,DEL05-PA,UOP02-DEL05-PA
583417,10/02/2024,sábado,21:58:00,PA,163,"951,8",BELTERRA,Entrada inopinada do pedestre,Atropelamento de Pedestre,Com Vítimas Fatais,Plena Noite,Decrescente,Ignorado,Simples,Reta,Não,2,1,0,0,0,1,0,2,"-2,79412901","-54,90000471",SPRF-PA,DEL05-PA,UOP01-DEL05-PA
583864,28/02/2024,quarta-feira,14:10:00,PA,230,1099,ITAITUBA,Avarias e/ou desgaste excessivo no pneu,Saída de leito carroçável,Com Vítimas Feridas,Pleno dia,Crescente,Nublado,Simples,Declive,Não,1,0,0,1,0,0,1,1,"-4,355028","-55,801571",SPRF-PA,DEL05-PA,UOP02-DEL05-PA
583875,28/02/2024,quarta-feira,16:35:00,PA,316,64,CASTANHAL,Ausência de reação do condutor,Colisão com objeto,Sem Vítimas,Pleno dia,Crescente,Nublado,Dupla,Reta,Sim,1,0,0,0,1,0,0,1,"-1,29629557","-47,91983997",SPRF-PA,DEL01-PA,UOP01-DEL01-PA
583925,28/02/2024,quarta-feira,18:05:00,PA,230,1129,ITAITUBA,Ingestão de álcool pelo condutor,Tombamento,Com Vítimas Feridas,Anoitecer,Crescente,Nublado,Dupla,Declive;Curva,Sim,3,0,1,0,1,3,1,5,"-4,29379678","-55,96271396",SPRF-PA,DEL05-PA,UOP02-DEL05-PA
584114,29/02/2024,quinta-feira,19:10:00,PA,163,654,ITAITUBA,Acostamento em desnível,Tombamento,Com Vítimas Feridas,Plena Noite,Decrescente,Céu Claro,Simples,Reta,Não,2,0,1,0,0,1,1,2,"-4,49732299","-55,86656962",SPRF-PA,DEL05-PA,UOP02-DEL05-PA
584331,01/03/2024,sexta-feira,16:20:00,PA,155,88,RIO MARIA,Reação tardia ou ineficiente do condutor,Colisão frontal,Sem Vítimas,Pleno dia,Crescente,Céu Claro,Simples,Reta,Não,4,0,0,0,0,4,0,3,"-7,27533091","-50,02874123",SPRF-PA,DEL03-PA,UOP01-DEL03-PA
584462,02/03/2024,sábado,12:45:00,PA,163,883,BELTERRA,Demais falhas mecânicas ou elétricas,Tombamento,Com Vítimas Feridas,Pleno dia,Crescente,Nublado,Simples,Declive;Curva,Não,6,0,0,4,1,3,4,5,"-3,37740295","-54,90837267",SPRF-PA,DEL05-PA,UOP01-DEL05-PA
584936,04/03/2024,segunda-feira,09:15:00,PA,163,"996,8",SANTAREM,Ultrapassagem Indevida,Colisão frontal,Com Vítimas Fatais,Pleno dia,Decrescente,Céu Claro,Simples,Reta;Declive,Não,5,1,2,0,1,3,2,6,"-2,50080537","-54,72993851",SPRF-PA,DEL05-PA,UOP01-DEL05-PA
584994,04/03/2024,segunda-feira,14:50:00,PA,163,622,TRAIRAO,Reação tardia ou ineficiente do condutor,Tombamento,Com Vítimas Feridas,Pleno dia,Crescente,Nublado,Simples,Curva,Não,2,0,0,1,0,1,1,2,"-4,71056414","-56,01142789",SPRF-PA,DEL05-PA,UOP02-DEL05-PA
585089,05/03/2024,terça-feira,05:30:00,PA,10,137,PARAGOMINAS,Ausência de sinalização,Colisão traseira,Com Vítimas Feridas,Amanhecer,Decrescente,Nublado,Simples,Reta,Não,6,0,1,0,4,2,1,6,"-3,24103008","-47,47626444",SPRF-PA,DEL02-PA,UOP01-DEL02-PA
585269,06/03/2024,quarta-feira,01:25:00,PA,163,607,TRAIRAO,Reação tardia ou ineficiente do condutor,Tombamento,Com Vítimas Feridas,Plena Noite,Crescente,Céu Claro,Simples,Curva,Não,2,0,1,0,0,3,1,4,"-4,78803625","-56,11969281",SPRF-PA,DEL05-PA,UOP02-DEL05-PA
585304,04/02/2024,domingo,09:10:00,PA,163,104,ALTAMIRA,Curva acentuada,Saída de leito carroçável,Com Vítimas Feridas,Pleno dia,Decrescente,Céu Claro,Simples,Curva,Não,3,0,1,0,0,4,1,5,"-8,728298","-54,979658",SPRF-PA,DEL05-PA,UOP02-DEL05-PA
585518,06/03/2024,quarta-feira,19:00:00,PA,230,"117,2",MARABA,Acessar a via sem observar a presença dos outros veículos,Colisão transversal,Sem Vítimas,Plena Noite,Crescente,Céu Claro,Dupla,Retorno Regulamentado;Declive;Interseção de Vias;Reta,Sim,4,0,0,0,4,0,0,2,"-5,35569904","-49,09047302",SPRF-PA,DEL03-PA,UOP01-DEL03-PA
585961,08/03/2024,sexta-feira,13:45:00,PA,10,292,MAE DO RIO,Manobra de mudança de faixa,Tombamento,Com Vítimas Feridas,Pleno dia,Crescente,Céu Claro,Simples,Aclive,Não,2,0,1,0,0,1,1,2,"-1,87665","-47,523024",SPRF-PA,DEL02-PA,UOP01-DEL02-PA
586712,12/03/2024,terça-feira,06:00:00,PA,316,155,CAPANEMA,Ultrapassagem Indevida,Colisão lateral mesmo sentido,Com Vítimas Feridas,Pleno dia,Crescente,Céu Claro,Simples,Reta,Não,2,0,1,0,0,1,1,2,"-1,23713115","-47,15580718",SPRF-PA,DEL01-PA,UOP03-DEL01-PA
586758,05/03/2024,terça-feira,14:00:00,PA,316,62,CASTANHAL,Manobra de mudança de faixa,Colisão lateral mesmo sentido,Sem Vítimas,Pleno dia,Decrescente,Céu Claro,Dupla,Reta,Sim,3,0,0,0,2,1,0,3,"-1,29786885","-47,93764104",SPRF-PA,DEL01-PA,UOP01-DEL01-PA
586793,12/03/2024,terça-feira,10:50:00,PA,163,518,TRAIRAO,Transitar na contramão,Colisão frontal,Com Vítimas Fatais,Pleno dia,Crescente,Sol,Simples,Curva,Não,3,1,0,0,1,3,0,5,"-5,36932212","-55,88988638",SPRF-PA,DEL05-PA,UOP02-DEL05-PA
586824,22/02/2024,quinta-feira,18:30:00,PA,153,55,SAO DOMINGOS DO ARAGUAIA,Transitar na contramão,Colisão frontal,Com Vítimas Fatais,Plena Noite,Crescente,Ignorado,Simples,Curva,Não,3,1,0,0,1,1,0,3,"-5,604073","-48,718838",SPRF-PA,DEL03-PA,UOP01-DEL03-PA
586915,12/03/2024,terça-feira,16:30:00,PA,163,"518,6",TRAIRAO,Manobra de mudança de faixa,Colisão frontal,Com Vítimas Feridas,Pleno dia,Crescente,Chuva,Simples,Curva,Não,4,0,0,1,2,6,1,8,"-5,36932212","-55,88988638",SPRF-PA,DEL05-PA,UOP02-DEL05-PA
587100,13/03/2024,quarta-feira,15:45:00,PA,230,1116,ITAITUBA,Transitar na contramão,Colisão frontal,Com Vítimas Fatais,Pleno dia,Crescente,Garoa/Chuvisco,Simples,Reta,Não,3,1,0,0,1,2,0,4,"-4,35698041","-55,80607483",SPRF-PA,DEL05-PA,UOP02-DEL05-PA
587132,13/03/2024,quarta-feira,23:20:00,PA,316,119,SANTA MARIA DO PARA,Entrada inopinada do pedestre,Atropelamento de Pedestre,Com Vítimas Feridas,Plena Noite,Crescente,Céu Claro,Simples,Reta,Não,4,0,0,1,3,0,1,2,"-1,313478","-47,432678",SPRF-PA,DEL01-PA,UOP02-DEL01-PA
587317,14/03/2024,quinta-feira,13:20:00,PA,222,166,BOM JESUS DO TOCANTINS,Reação tardia ou ineficiente do condutor,Colisão traseira,Com Vítimas Feridas,Pleno dia,Decrescente,Céu Claro,Simples,Declive,Não,2,0,0,1,1,0,1,2,"-5,023616","-48,541481",SPRF-PA,DEL03-PA,UOP01-DEL03-PA