id,data_inversa,dia_semana,horario,uf,br,km,municipio,causa_acidente,tipo_acidente,classificacao_acidente,fase_dia,sentido_via,condicao_metereologica,tipo_pista,tracado_via,uso_solo,pessoas,mortos,feridos_leves,feridos_graves,ilesos,ignorados,feridos,veiculos,latitude,longitude,regional,delegacia,uop
621643,16/08/2024,sexta-feira,19:00:00,PA,316,111,SANTA MARIA DO PARA,Acessar a via sem observar a presença dos outros veículos,Colisão transversal,Com Vítimas Feridas,Pleno dia,Crescente,Céu Claro,Simples,Reta;Interseção de Vias,Sim,6,0,1,0,4,1,1,3,"-1,31708992","-47,51316503",SPRF-PA,DEL01-PA,UOP02-DEL01-PA
621726,14/08/2024,quarta-feira,14:53:00,PA,163,299,NOVO PROGRESSO,Acessar a via sem observar a presença dos outros veículos,Colisão lateral mesmo sentido,Com Vítimas Feridas,Pleno dia,Crescente,Céu Claro,Simples,Reta,Não,2,0,1,0,1,0,1,2,"-7,1690255","-55,36319733",SPRF-PA,DEL05-PA,UOP03-DEL05-PA
621745,17/08/2024,sábado,03:45:00,PA,230,1126,ITAITUBA,Reação tardia ou ineficiente do condutor,Colisão lateral sentido oposto,Com Vítimas Feridas,Plena Noite,Crescente,Nublado,Simples,Reta,Não,3,0,0,1,1,2,1,4,"-4,39129783","-55,8871261",SPRF-PA,DEL05-PA,UOP02-DEL05-PA
622437,19/08/2024,segunda-feira,20:12:00,PA,163,"503,2",ITAITUBA,Reação tardia ou ineficiente do condutor,Tombamento,Com Vítimas Feridas,Plena Noite,Crescente,Céu Claro,Simples,Curva,Não,2,0,0,1,0,1,1,2,"-5,48173796","-55,8445319",SPRF-PA,DEL05-PA,UOP03-DEL05-PA
622494,19/08/2024,segunda-feira,23:00:00,PA,10,30,DOM ELISEU,Demais falhas mecânicas ou elétricas,Incêndio,Sem Vítimas,Plena Noite,Decrescente,Céu Claro,Simples,Reta;Aclive,Não,2,0,0,0,1,3,0,4,"-4,18883","-47,54502",SPRF-PA,DEL02-PA,UOP02-DEL02-PA
622772,13/08/2024,terça-feira,11:39:00,PA,163,314,NOVO PROGRESSO,Demais falhas mecânicas ou elétricas,Saída de leito carroçável,Com Vítimas Feridas,Pleno dia,Crescente,Céu Claro,Simples,Reta,Não,2,0,1,0,0,1,1,2,"-7,022492","-55,42138691",SPRF-PA,DEL05-PA,UOP03-DEL05-PA
622841,08/07/2024,segunda-feira,01:00:00,PA,230,1143,ITAITUBA,Reação tardia ou ineficiente do condutor,Tombamento,Com Vítimas Fatais,Plena Noite,Crescente,Céu Claro,Simples,Aclive;Reta,Não,3,1,0,0,1,6,0,8,"-4,3238168","-55,95817566",SPRF-PA,DEL05-PA,UOP02-DEL05-PA
623077,23/08/2024,sexta-feira,13:05:00,PA,316,"150,7",CAPANEMA,Desrespeitar a preferência no cruzamento,Colisão transversal,Com Vítimas Fatais,Pleno dia,Decrescente,Céu Claro,Dupla,Reta,Sim,4,1,0,0,1,2,0,4,"-1,212467","-47,184642",SPRF-PA,DEL01-PA,UOP03-DEL01-PA
623822,26/08/2024,segunda-feira,12:50:00,PA,230,82,SAO JOAO DO ARAGUAIA,Demais falhas mecânicas ou elétricas,Incêndio,Sem Vítimas,Pleno dia,Decrescente,Céu Claro,Simples,Reta,Não,2,0,0,0,1,3,0,4,"-5,47394278","-48,81363004",SPRF-PA,DEL03-PA,UOP01-DEL03-PA
623951,27/08/2024,terça-feira,08:00:00,PA,10,139,PARAGOMINAS,Reação tardia ou ineficiente do condutor,Saída de leito carroçável,Com Vítimas Feridas,Pleno dia,Crescente,Céu Claro,Simples,Reta,Não,2,0,1,0,0,1,1,2,"-3,223135","-47,47963702",SPRF-PA,DEL02-PA,UOP01-DEL02-PA
624009,27/08/2024,terça-feira,15:30:00,PA,316,"30,3",SANTA IZABEL DO PARA,Chuva,Saída de leito carroçável,Com Vítimas Feridas,Pleno dia,Crescente,Chuva,Dupla,Reta,Não,2,0,2,0,0,0,2,1,"-1,30604012","-48,20471397",SPRF-PA,DEL01-PA,UOP01-DEL01-PA
624089,27/08/2024,terça-feira,22:35:00,PA,163,576,TRAIRAO,Manobra de mudança de faixa,Colisão frontal,Com Vítimas Fatais,Plena Noite,Decrescente,Céu Claro,Simples,Curva,Sim,3,1,0,0,1,2,0,4,"-5,01058521","-56,18168993",SPRF-PA,DEL05-PA,UOP03-DEL05-PA
624137,28/08/2024,quarta-feira,06:56:00,PA,163,"621,9",TRAIRAO,Reação tardia ou ineficiente do condutor,Tombamento,Com Vítimas Feridas,Amanhecer,Decrescente,Céu Claro,Simples,Curva,Não,2,0,1,0,0,1,1,2,"-4,71980225","-56,0150528",SPRF-PA,DEL05-PA,UOP03-DEL05-PA
624227,28/08/2024,quarta-feira,19:40:00,PA,316,251,CACHOEIRA DO PIRIA,Ausência de reação do condutor,Saída de leito carroçável,Com Vítimas Feridas,Plena Noite,Crescente,Nublado,Simples,Reta,Não,2,0,1,0,0,1,1,2,"-1,78414769","-46,50735887",SPRF-PA,DEL01-PA,UOP04-DEL01-PA
624271,28/08/2024,quarta-feira,16:28:00,PA,163,426,ITAITUBA,Ausência de reação do condutor,Tombamento,Sem Vítimas,Plena Noite,Crescente,Céu Claro,Simples,Reta,Não,2,0,0,0,1,3,0,4,"-6,09629642","-55,63056488",SPRF-PA,DEL05-PA,UOP03-DEL05-PA
624283,29/08/2024,quinta-feira,07:00:00,PA,230,583,VITORIA DO XINGU,Ausência de reação do condutor,Saída de leito carroçável,Com Vítimas Fatais,Amanhecer,Crescente,Céu Claro,Simples,Curva;Aclive,Não,2,1,0,0,0,2,0,3,"-3,12462012","-51,78255196",SPRF-PA,DEL04-PA,UOP01-DEL04-PA
624379,14/07/2024,domingo,01:00:00,PA,230,599,VITORIA DO XINGU,Condutor Dormindo,Saída de leito carroçável,Com Vítimas Feridas,Plena Noite,Crescente,Céu Claro,Simples,Reta;Em Obras,Não,2,0,1,0,0,1,1,2,"-3,09358677","-51,90192327",SPRF-PA,DEL04-PA,UOP01-DEL04-PA
624625,25/07/2024,quinta-feira,12:30:00,PA,230,112,MARABA,Condutor deixou de manter distância do veículo da frente,Colisão traseira,Com Vítimas Feridas,Pleno dia,Decrescente,Céu Claro,Simples,Reta;Aclive,Sim,6,0,1,0,4,1,1,4,"-5,36913479","-49,04877095",SPRF-PA,DEL03-PA,UOP01-DEL03-PA
624852,31/08/2024,sábado,11:00:00,PA,316,52,CASTANHAL,Ausência de reação do condutor,Colisão traseira,Sem Vítimas,Pleno dia,Crescente,Céu Claro,Dupla,Reta,Não,2,0,0,0,2,0,0,2,"-1,30732485","-48,02586802",SPRF-PA,DEL01-PA,UOP01-DEL01-PA
624918,31/08/2024,sábado,13:31:00,PA,163,"530,9",TRAIRAO,Ausência de reação do condutor,Saída de leito carroçável,Com Vítimas Fatais,Pleno dia,Crescente,Céu Claro,Simples,Reta;Ponte,Não,2,1,0,0,0,3,0,4,"-5,30426053","-55,96884664",SPRF-PA,DEL05-PA,UOP03-DEL05-PA
624986,01/09/2024,domingo,00:00:00,PA,316,198,SANTA LUZIA DO PARA,Transitar na contramão,Colisão frontal,Com Vítimas Fatais,Plena Noite,Decrescente,Nublado,Simples,Reta,Sim,3,1,0,0,1,1,0,3,"-1,52589977","-46,89748377",SPRF-PA,DEL01-PA,UOP03-DEL01-PA
625078,01/09/2024,domingo,09:10:00,PA,222,"75,7",RONDON DO PARA,Ausência de reação do condutor,Colisão traseira,Com Vítimas Fatais,Pleno dia,Decrescente,Céu Claro,Simples,Reta,Não,3,1,0,0,1,3,0,5,"-4,604771","-47,873219",SPRF-PA,DEL02-PA,UOP02-DEL02-PA
625116,01/09/2024,domingo,18:10:00,PA,230,124,MARABA,Acesso irregular,Colisão com objeto,Sem Vítimas,Pleno dia,Crescente,Céu Claro,Simples,Reta,Sim,2,0,0,0,1,1,0,2,"-5,37407079","-49,13575802",SPRF-PA,DEL03-PA,UOP01-DEL03-PA
625458,02/09/2024,segunda-feira,21:00:00,PA,10,162,PARAGOMINAS,Problema com o freio,Incêndio,Sem Vítimas,Plena Noite,Crescente,Céu Claro,Simples,Reta,Não,2,0,0,0,1,2,0,3,"-3,01841204","-47,46319881",SPRF-PA,DEL02-PA,UOP01-DEL02-PA
625510,03/09/2024,terça-feira,11:30:00,PA,230,397,PACAJA,Demais falhas mecânicas ou elétricas,Incêndio,Sem Vítimas,Pleno dia,Crescente,Céu Claro,Simples,Reta,Não,2,0,0,0,1,3,0,4,"-3,85475423","-50,49887291",SPRF-PA,DEL04-PA,UOP01-DEL04-PA
625582,03/09/2024,terça-feira,19:15:00,PA,316,118,SANTA MARIA DO PARA,Acessar a via sem observar a presença dos outros veículos,Colisão frontal,Com Vítimas Fatais,Plena Noite,Decrescente,Céu Claro,Simples,Reta,Não,2,1,0,0,1,0,0,2,"-1,30866922","-47,45203805",SPRF-PA,DEL01-PA,UOP02-DEL01-PA
625905,05/09/2024,quinta-feira,11:45:00,PA,155,305,MARABA,Velocidade Incompatível,Colisão traseira,Com Vítimas Feridas,Pleno dia,Crescente,Sol,Simples,Reta,Sim,4,0,0,1,2,2,1,5,"-5,69507797","-49,12021804",SPRF-PA,DEL03-PA,UOP01-DEL03-PA
625921,04/09/2024,quarta-feira,10:30:00,PA,0,0,DOM ELISEU,Problema com o freio,Colisão traseira,Sem Vítimas,Pleno dia,Não Informado,Céu Claro,Simples,Aclive,Não,4,0,0,0,4,0,0,2,"-4,09195","-48,091815",SPRF-MA,DEL05-MA,
626107,29/08/2024,quinta-feira,20:00:00,PA,163,104,ALTAMIRA,Ultrapassagem Indevida,Tombamento,Sem Vítimas,Plena Noite,Crescente,Ignorado,Simples,Reta,Não,1,0,0,0,0,1,0,1,"-8,69507317","-55,00546688",SPRF-PA,DEL05-PA,UOP03-DEL05-PA
626510,06/09/2024,sexta-feira,06:00:00,PA,10,307,IRITUIA,Demais falhas mecânicas ou elétricas,Incêndio,Sem Vítimas,Amanhecer,Crescente,Céu Claro,Simples,Reta,Sim,2,0,0,0,1,1,0,2,"-1,74771497","-47,50359387",SPRF-PA,DEL02-PA,UOP01-DEL02-PA
626736,08/09/2024,domingo,09:27:00,PA,163,"642,5",TRAIRAO,Reação tardia ou ineficiente do condutor,Colisão traseira,Com Vítimas Feridas,Pleno dia,Decrescente,Céu Claro,Simples,Reta;Aclive,Não,3,0,1,0,1,1,1,2,"-4,57327803","-55,92723875",SPRF-PA,DEL05-PA,UOP03-DEL05-PA
626803,08/09/2024,domingo,20:10:00,PA,230,"122,9",MARABA,Ingestão de álcool pelo condutor,Colisão transversal,Com Vítimas Feridas,Plena Noite,Decrescente,Céu Claro,Dupla,Reta,Não,4,0,0,2,1,1,2,3,"-5,36137537","-49,12376139",SPRF-PA,DEL03-PA,UOP01-DEL03-PA
626994,09/09/2024,segunda-feira,17:06:00,PA,230,122,MARABA,Manobra de mudança de faixa,Colisão lateral mesmo sentido,Com Vítimas Feridas,Pleno dia,Decrescente,Céu Claro,Dupla,Reta,Sim,5,0,1,0,3,3,1,6,"-5,36137537","-49,12376139",SPRF-PA,DEL03-PA,UOP01-DEL03-PA
628092,09/09/2024,segunda-feira,04:55:00,PA,316,63,CASTANHAL,Pedestre andava na pista,Atropelamento de Pedestre,Com Vítimas Feridas,Plena Noite,Decrescente,Céu Claro,Dupla,Reta,Sim,2,0,0,1,0,1,1,2,"-1,296127","-47,918383",SPRF-PA,DEL01-PA,UOP01-DEL01-PA
628312,15/09/2024,domingo,16:15:00,PA,155,284,ELDORADO DO CARAJAS,Manobra de mudança de faixa,Colisão transversal,Com Vítimas Feridas,Pleno dia,Crescente,Céu Claro,Simples,Reta;Ponte,Sim,3,0,0,1,1,2,1,4,"-5,86016296","-49,19748207",SPRF-PA,DEL03-PA,UOP01-DEL03-PA
628502,15/09/2024,domingo,13:35:00,PA,222,56,DOM ELISEU,Curva acentuada,Saída de leito carroçável,Sem Vítimas,Pleno dia,Crescente,Céu Claro,Simples,Curva,Não,2,0,0,0,0,2,0,2,"-4,454846","-47,800752",SPRF-PA,DEL02-PA,UOP02-DEL02-PA
628676,17/09/2024,terça-feira,07:08:00,PA,316,"79,6",SAO FRANCISCO DO PARA,Manobra de mudança de faixa,Colisão lateral sentido oposto,Com Vítimas Fatais,Amanhecer,Crescente,Céu Claro,Simples,Reta,Não,3,2,0,0,1,0,0,2,"-1,30379211","-47,78865199",SPRF-PA,DEL01-PA,UOP02-DEL01-PA
628805,17/09/2024,terça-feira,13:59:00,PA,163,518,TRAIRAO,Demais falhas mecânicas ou elétricas,Incêndio,Com Vítimas Feridas,Pleno dia,Crescente,Céu Claro,Simples,Reta,Não,2,0,1,0,0,3,1,4,"-5,36932212","-55,88988638",SPRF-PA,DEL05-PA,UOP03-DEL05-PA
628857,18/09/2024,quarta-feira,05:20:00,PA,163,653,ITAITUBA,Reação tardia ou ineficiente do condutor,Tombamento,Sem Vítimas,Amanhecer,Decrescente,Céu Claro,Simples,Curva,Não,2,0,0,0,0,2,0,2,"-4,50624587","-55,86575279",SPRF-PA,DEL05-PA,UOP03-DEL05-PA
628878,18/09/2024,quarta-feira,02:12:00,PA,163,653,ITAITUBA,Ausência de reação do condutor,Tombamento,Com Vítimas Feridas,Plena Noite,Crescente,Céu Claro,Simples,Curva,Não,2,0,1,0,0,3,1,4,"-4,50624587","-55,86575279",SPRF-PA,DEL05-PA,UOP02-DEL05-PA
629568,21/09/2024,sábado,10:30:00,PA,10,"7,8",DOM ELISEU,Curva acentuada,Tombamento,Com Vítimas Feridas,Pleno dia,Decrescente,Céu Claro,Simples,Declive;Curva;Ponte,Sim,2,0,1,0,0,2,1,3,"-4,38439306","-47,53529121",SPRF-PA,DEL02-PA,UOP02-DEL02-PA
630401,25/09/2024,quarta-feira,06:40:00,PA,155,"300,5",MARABA,Ultrapassagem Indevida,Colisão traseira,Com Vítimas Feridas,Pleno dia,Crescente,Céu Claro,Simples,Reta,Não,4,0,0,1,1,3,1,5,"-5,73211405","-49,14484986",SPRF-PA,DEL03-PA,UOP01-DEL03-PA
630425,25/09/2024,quarta-feira,06:15:00,PA,10,243,AURORA DO PARA,Ultrapassagem Indevida,Colisão lateral mesmo sentido,Com Vítimas Feridas,Amanhecer,Decrescente,Ignorado,Simples,Aclive;Reta,Não,4,0,2,0,1,1,2,3,"-2,31290101","-47,56399577",SPRF-PA,DEL02-PA,UOP01-DEL02-PA
630438,25/09/2024,quarta-feira,08:51:00,PA,163,433,ITAITUBA,Problema com o freio,Saída de leito carroçável,Com Vítimas Feridas,Pleno dia,Crescente,Sol,Simples,Curva,Não,7,0,3,2,0,3,5,4,"-6,05507383","-55,67099188",SPRF-PA,DEL05-PA,UOP03-DEL05-PA
630589,26/09/2024,quinta-feira,02:46:00,PA,163,577,TRAIRAO,Acumulo de água sobre o pavimento,Colisão frontal,Com Vítimas Feridas,Pleno dia,Decrescente,Céu Claro,Simples,Reta,Não,3,0,1,0,1,5,1,7,"-5,00308296","-56,1781068",SPRF-PA,DEL05-PA,UOP03-DEL05-PA
630706,26/09/2024,quinta-feira,12:30:00,PA,316,60,CASTANHAL,Condutor deixou de manter distância do veículo da frente,Colisão traseira,Com Vítimas Feridas,Pleno dia,Crescente,Céu Claro,Dupla,Reta,Sim,4,0,1,0,3,0,1,2,"-1,30608532","-48,00803597",SPRF-PA,DEL01-PA,UOP01-DEL01-PA
630726,26/09/2024,quinta-feira,15:00:00,PA,10,176,PARAGOMINAS,Ausência de reação do condutor,Tombamento,Com Vítimas Feridas,Pleno dia,Decrescente,Céu Claro,Simples,Rotatória,Não,2,0,1,0,0,1,1,2,"-2,88543382","-47,43499311",SPRF-PA,DEL02-PA,UOP01-DEL02-PA
630838,19/09/2024,quinta-feira,17:07:00,PA,163,309,NOVO PROGRESSO,Ultrapassagem Indevida,Colisão lateral mesmo sentido,Com Vítimas Feridas,Anoitecer,Crescente,Ignorado,Simples,Reta,Não,2,0,1,0,0,1,1,2,"-7,06564196","-55,40776445",SPRF-PA,DEL05-PA,UOP03-DEL05-PA
631417,29/09/2024,domingo,01:53:00,PA,163,111,ALTAMIRA,Manobra de mudança de faixa,Colisão lateral sentido oposto,Com Vítimas Feridas,Plena Noite,Crescente,Céu Claro,Simples,Reta,Não,5,0,1,0,0,4,1,2,"-8,69011718","-55,01007618",SPRF-MT,DEL06-MT,UOP03-DEL06-MT
631751,30/09/2024,segunda-feira,19:10:00,PA,316,240,CACHOEIRA DO PIRIA,Reação tardia ou ineficiente do condutor,Queda de ocupante de veículo,Com Vítimas Fatais,Plena Noite,Crescente,Céu Claro,Simples,Reta;Declive,Não,3,1,0,0,0,2,0,2,"-1,7354367","-46,5924439",SPRF-PA,DEL01-PA,UOP04-DEL01-PA
631842,14/09/2024,sábado,06:30:00,PA,316,"73,5",SAO FRANCISCO DO PARA,Manobra de mudança de faixa,Colisão lateral sentido oposto,Com Vítimas Fatais,Pleno dia,Decrescente,Céu Claro,Simples,Reta,Não,4,1,0,1,1,1,1,4,"-1,28948029","-47,83952902",SPRF-PA,DEL01-PA,UOP01-DEL01-PA
631856,15/09/2024,domingo,18:45:00,PA,163,314,NOVO PROGRESSO,Reação tardia ou ineficiente do condutor,Colisão traseira,Com Vítimas Feridas,Anoitecer,Crescente,Céu Claro,Simples,Curva,Não,3,0,1,0,1,2,1,4,"-7,01260307","-55,42739868",SPRF-PA,DEL05-PA,UOP03-DEL05-PA
632438,04/10/2024,sexta-feira,06:10:00,PA,10,318,IRITUIA,Acessar a via sem observar a presença dos outros veículos,Colisão traseira,Com Vítimas Feridas,Amanhecer,Crescente,Céu Claro,Simples,Reta;Declive,Não,3,0,2,0,1,0,2,3,"-1,65093714","-47,49023165",SPRF-PA,DEL01-PA,UOP02-DEL01-PA
632481,04/10/2024,sexta-feira,14:05:00,PA,316,13,MARITUBA,Trafegar com motocicleta (ou similar) entre as faixas,Colisão lateral mesmo sentido,Com Vítimas Feridas,Pleno dia,Decrescente,Céu Claro,Dupla,Reta,Sim,2,0,0,1,0,1,1,2,"-1,36593798","-48,33188399",SPRF-PA,DEL01-PA,UOP01-DEL01-PA
632486,25/08/2024,domingo,17:00:00,PA,316,30,SANTA IZABEL DO PARA,Manobra de mudança de faixa,Colisão lateral mesmo sentido,Com Vítimas Feridas,Pleno dia,Decrescente,Céu Claro,Dupla,Reta,Não,4,0,2,0,1,2,2,4,"-1,30604012","-48,20471397",SPRF-PA,DEL01-PA,UOP01-DEL01-PA
632559,04/10/2024,sexta-feira,18:40:00,PA,10,21,DOM ELISEU,Conversão proibida,Colisão com objeto,Com Vítimas Feridas,Plena Noite,Decrescente,Céu Claro,Simples,Reta,Não,4,0,0,1,0,4,1,5,"-4,26636302","-47,56070012",SPRF-PA,DEL02-PA,UOP02-DEL02-PA
632802,05/10/2024,sábado,16:00:00,PA,163,"405,2",ITAITUBA,Velocidade Incompatível,Tombamento,Com Vítimas Feridas,Pleno dia,Crescente,Garoa/Chuvisco,Simples,Reta,Não,2,0,1,0,0,2,1,3,"-6,25978751","-55,60634337",SPRF-PA,DEL05-PA,UOP03-DEL05-PA
632846,05/10/2024,sábado,20:00:00,PA,230,724,MEDICILANDIA,Ausência de reação do condutor,Colisão frontal,Com Vítimas Fatais,Plena Noite,Crescente,Céu Claro,Simples,Curva,Não,2,1,0,0,1,0,0,2,"-3,39205302","-52,72256698",SPRF-PA,DEL04-PA,UOP01-DEL04-PA
633922,21/09/2024,sábado,23:15:00,PA,316,"139,7",PEIXE-BOI,Ausência de reação do condutor,Colisão lateral mesmo sentido,Com Vítimas Feridas,Plena Noite,Crescente,Céu Claro,Simples,Declive,Não,2,0,1,0,0,1,1,2,"-1,26637177","-47,27492515",SPRF-PA,DEL01-PA,UOP03-DEL01-PA
634119,11/10/2024,sexta-feira,09:45:00,PA,163,989,SANTAREM,Acostamento em desnível,Colisão transversal,Com Vítimas Feridas,Pleno dia,Decrescente,Céu Claro,Simples,Reta,Não,2,0,1,0,1,0,1,2,"-2,565797","-54,721375",SPRF-PA,DEL05-PA,UOP01-DEL05-PA
634169,11/10/2024,sexta-feira,15:55:00,PA,230,119,MARABA,Acessar a via sem observar a presença dos outros veículos,Colisão lateral mesmo sentido,Sem Vítimas,Pleno dia,Decrescente,Céu Claro,Múltipla,Reta,Sim,2,0,0,0,2,0,0,2,"-5,350407","-49,105981",SPRF-PA,DEL03-PA,UOP01-DEL03-PA
634469,12/10/2024,sábado,15:00:00,PA,163,"656,9",ITAITUBA,Transitar na contramão,Colisão frontal,Com Vítimas Fatais,Pleno dia,Crescente,Chuva,Simples,Curva;Declive,Não,4,2,1,0,0,3,1,5,"-4,475013","-55,856702",SPRF-PA,DEL05-PA,UOP02-DEL05-PA
634681,13/10/2024,domingo,18:00:00,PA,316,128,NOVA TIMBOTEUA,Transitar na contramão,Colisão frontal,Sem Vítimas,Pleno dia,Crescente,Sol,Simples,Reta,Não,2,0,0,0,1,1,0,2,"-1,29435615","-47,36879826",SPRF-PA,DEL01-PA,UOP03-DEL01-PA
634884,14/10/2024,segunda-feira,11:40:00,PA,155,343,MARABA,Ausência de reação do condutor,Colisão lateral mesmo sentido,Com Vítimas Feridas,Pleno dia,Crescente,Céu Claro,Simples,Aclive;Reta,Não,3,0,1,0,1,2,1,4,"-5,36957395","-49,07796968",SPRF-PA,DEL03-PA,UOP01-DEL03-PA
635124,15/10/2024,terça-feira,16:30:00,PA,316,106,SANTA MARIA DO PARA,Transitar no Acostamento,Colisão transversal,Com Vítimas Feridas,Pleno dia,Decrescente,Céu Claro,Simples,Reta,Não,4,0,0,1,1,2,1,4,"-1,34101996","-47,55122901",SPRF-PA,DEL01-PA,UOP02-DEL01-PA
635500,17/10/2024,quinta-feira,10:30:00,PA,163,924,BELTERRA,Ultrapassagem Indevida,Colisão frontal,Com Vítimas Feridas,Pleno dia,Crescente,Céu Claro,Simples,Reta;Aclive,Não,8,0,1,1,4,5,2,9,"-3,02718303","-54,92871534",SPRF-PA,DEL05-PA,UOP01-DEL05-PA
635505,17/10/2024,quinta-feira,09:22:00,PA,163,539,TRAIRAO,Reação tardia ou ineficiente do condutor,Colisão traseira,Com Vítimas Feridas,Pleno dia,Crescente,Céu Claro,Simples,Aclive,Não,5,0,1,0,2,4,1,7,"-5,26695606","-56,03643007",SPRF-PA,DEL05-PA,UOP03-DEL05-PA
635845,19/10/2024,sábado,04:41:00,PA,222,"83,1",RONDON DO PARA,Objeto estático sobre o leito carroçável,Colisão traseira,Com Vítimas Feridas,Plena Noite,Crescente,Céu Claro,Simples,Reta;Declive,Não,32,0,16,0,13,3,16,5,"-4,657123","-47,922001",SPRF-PA,DEL02-PA,UOP02-DEL02-PA
635896,11/09/2024,quarta-feira,07:26:00,PA,163,241,NOVO PROGRESSO,Reação tardia ou ineficiente do condutor,Saída de leito carroçável,Com Vítimas Feridas,Amanhecer,Decrescente,Céu Claro,Simples,Curva,Não,3,0,1,0,1,1,1,2,"-7,59972595","-55,24093893",SPRF-PA,DEL05-PA,UOP03-DEL05-PA
635923,19/10/2024,sábado,09:17:00,PA,230,1107,ITAITUBA,Acessar a via sem observar a presença dos outros veículos,Colisão lateral mesmo sentido,Com Vítimas Fatais,Pleno dia,Decrescente,Sol,Simples,Reta,Não,5,1,0,0,2,4,0,6,"-4,383952","-55,871678",SPRF-PA,DEL05-PA,UOP02-DEL05-PA
635967,19/10/2024,sábado,13:30:00,PA,163,893,BELTERRA,Reação tardia ou ineficiente do condutor,Saída de leito carroçável,Com Vítimas Feridas,Pleno dia,Crescente,Céu Claro,Simples,Reta,Não,2,0,0,1,0,3,1,4,"-3,306851","-54,935307",SPRF-PA,DEL05-PA,UOP01-DEL05-PA
636139,18/10/2024,sexta-feira,06:00:00,PA,155,314,MARABA,Transitar na contramão,Colisão frontal,Com Vítimas Feridas,Amanhecer,Crescente,Chuva,Simples,Reta,Não,3,0,1,1,0,3,2,5,"-5,62300298","-49,09502888",SPRF-PA,DEL03-PA,UOP01-DEL03-PA
636384,21/10/2024,segunda-feira,04:30:00,PA,316,23,BENEVIDES,Ausência de reação do condutor,Colisão traseira,Com Vítimas Fatais,Plena Noite,Decrescente,Céu Claro,Dupla,Reta,Sim,4,1,0,0,1,2,0,4,"-1,34599732","-48,25152822",SPRF-PA,DEL01-PA,UOP01-DEL01-PA
637046,28/07/2024,domingo,13:30:00,PA,163,571,TRAIRAO,Ultrapassagem Indevida,Tombamento,Com Vítimas Feridas,Pleno dia,Decrescente,Céu Claro,Simples,Reta,Não,4,0,2,1,0,8,3,11,"-5,04900585","-56,17760981",SPRF-PA,DEL05-PA,UOP03-DEL05-PA
637086,24/10/2024,quinta-feira,12:45:00,PA,230,126,MARABA,Condutor deixou de manter distância do veículo da frente,Colisão traseira,Com Vítimas Feridas,Pleno dia,Crescente,Céu Claro,Simples,Reta;Declive,Sim,3,0,1,0,2,0,1,3,"-5,37587385","-49,15164398",SPRF-PA,DEL03-PA,UOP01-DEL03-PA
637162,24/10/2024,quinta-feira,11:35:00,PA,230,799,URUARA,Demais falhas na via,Colisão lateral mesmo sentido,Sem Vítimas,Pleno dia,Crescente,Céu Claro,Simples,Reta,Não,3,0,0,0,2,1,0,2,"-3,61790391","-53,33801901",SPRF-PA,DEL04-PA,UOP01-DEL04-PA
637267,25/10/2024,sexta-feira,09:15:00,PA,316,"45,3",SANTA IZABEL DO PARA,Manobra de mudança de faixa,Colisão transversal,Com Vítimas Feridas,Pleno dia,Decrescente,Céu Claro,Dupla,Reta,Não,3,0,1,0,1,1,1,3,"-1,277567","-48,078326",SPRF-PA,DEL01-PA,UOP01-DEL01-PA
637488,26/10/2024,sábado,06:10:00,PA,163,"992,5",SANTAREM,Ingestão de álcool pelo condutor,Colisão frontal,Com Vítimas Fatais,Pleno dia,Crescente,Céu Claro,Simples,Reta,Sim,7,2,0,2,2,1,2,3,"-2,525213","-54,722683",SPRF-PA,DEL05-PA,UOP01-DEL05-PA
637591,25/10/2024,sexta-feira,06:45:00,PA,230,564,VITORIA DO XINGU,Problema com o freio,Colisão lateral mesmo sentido,Com Vítimas Feridas,Pleno dia,Decrescente,Céu Claro,Simples,Curva;Declive,Sim,5,0,1,1,2,1,2,4,"-3,12704812","-51,70055173",SPRF-PA,DEL04-PA,UOP01-DEL04-PA
637642,26/10/2024,sábado,15:30:00,PA,155,339,MARABA,Ausência de reação do condutor,Colisão lateral mesmo sentido,Sem Vítimas,Pleno dia,Crescente,Céu Claro,Simples,Declive,Não,5,0,0,0,3,2,0,4,"-5,404939","-49,07640105",SPRF-PA,DEL03-PA,UOP01-DEL03-PA
637844,27/10/2024,domingo,19:10:00,PA,316,172,SANTA LUZIA DO PARA,Transitar na contramão,Colisão transversal,Com Vítimas Fatais,Plena Noite,Crescente,Céu Claro,Simples,Reta,Não,2,1,0,0,0,1,0,2,"-1,35154192","-47,0538519",SPRF-PA,DEL01-PA,UOP03-DEL01-PA