id,data_inversa,dia_semana,horario,uf,br,km,municipio,causa_acidente,tipo_acidente,classificacao_acidente,fase_dia,sentido_via,condicao_metereologica,tipo_pista,tracado_via,uso_solo,pessoas,mortos,feridos_leves,feridos_graves,ilesos,ignorados,feridos,veiculos,latitude,longitude,regional,delegacia,uop
638279,29/10/2024,terça-feira,20:15:00,PA,230,115,MARABA,Ingestão de álcool pelo condutor,Colisão traseira,Com Vítimas Feridas,Plena Noite,Decrescente,Céu Claro,Dupla,Reta,Sim,3,0,0,1,1,1,1,3,"-5,36241425","-49,07496007",SPRF-PA,DEL03-PA,UOP01-DEL03-PA
638465,30/10/2024,quarta-feira,19:15:00,PA,10,353,SANTA MARIA DO PARA,Acessar a via sem observar a presença dos outros veículos,Colisão transversal,Sem Vítimas,Plena Noite,Crescente,Céu Claro,Simples,Reta,Sim,2,0,0,0,1,1,0,2,"-1,35646249","-47,57423141",SPRF-PA,DEL01-PA,UOP02-DEL01-PA
638474,29/10/2024,terça-feira,12:00:00,PA,10,0,DOM ELISEU,Acessar a via sem observar a presença dos outros veículos,Colisão lateral mesmo sentido,Sem Vítimas,Pleno dia,Decrescente,Céu Claro,Simples,Curva,Sim,6,0,0,0,3,5,0,6,"-4,44038895","-47,53580742",SPRF-PA,DEL02-PA,UOP02-DEL02-PA
639719,10/10/2024,quinta-feira,07:20:00,PA,163,175,ALTAMIRA,Transitar na contramão,Colisão frontal,Sem Vítimas,Amanhecer,Crescente,Ignorado,Simples,Reta,Não,3,0,0,0,0,4,0,4,"-8,16985897","-55,12662635",SPRF-PA,DEL05-PA,UOP03-DEL05-PA
639898,21/10/2024,segunda-feira,18:09:00,PA,163,423,ITAITUBA,Ausência de reação do condutor,Saída de leito carroçável,Sem Vítimas,Anoitecer,Crescente,Céu Claro,Simples,Curva,Não,1,0,0,0,0,1,0,1,"-6,11510701","-55,61595693",SPRF-PA,DEL05-PA,UOP03-DEL05-PA
639902,04/09/2024,quarta-feira,18:10:00,PA,10,297,IRITUIA,Demais falhas mecânicas ou elétricas,Incêndio,Sem Vítimas,Anoitecer,Crescente,Céu Claro,Simples,Curva,Não,1,0,0,0,1,0,0,1,"-1,83530303","-47,51547651",SPRF-PA,DEL02-PA,UOP01-DEL02-PA
640258,12/10/2024,sábado,04:25:00,PA,316,"102,1",SANTA MARIA DO PARA,Transitar na contramão,Colisão frontal,Com Vítimas Fatais,Plena Noite,Decrescente,Ignorado,Simples,Reta,Não,3,1,0,0,1,1,0,3,"-1,33808348","-47,58656009",SPRF-PA,DEL01-PA,UOP02-DEL01-PA
640681,10/09/2024,terça-feira,11:30:00,PA,163,"919,5",URUARA,Demais falhas mecânicas ou elétricas,Incêndio,Com Vítimas Feridas,Pleno dia,Crescente,Sol,Simples,Reta,Não,2,0,1,0,0,1,1,2,-3,-54,SPRF-PA,DEL05-PA,UOP01-DEL05-PA
640812,21/09/2024,sábado,23:55:00,PA,163,295,NOVO PROGRESSO,Reação tardia ou ineficiente do condutor,Colisão traseira,Com Vítimas Fatais,Plena Noite,Crescente,Ignorado,Simples,Reta,Não,3,1,0,0,1,2,0,4,"-7,17762002","-55,36468489",SPRF-PA,DEL05-PA,UOP03-DEL05-PA
620211,09/08/2024,sexta-feira,18:00:00,PA,163,633,TRAIRAO,Reação tardia ou ineficiente do condutor,Colisão traseira,Sem Vítimas,Pleno dia,Crescente,Céu Claro,Simples,Curva,Não,2,0,0,0,1,1,0,2,"-4,647112","-55,952896",SPRF-PA,DEL05-PA,UOP03-DEL05-PA
627772,01/09/2024,domingo,19:00:00,PA,230,140,MARABA,Manobra de mudança de faixa,Colisão lateral sentido oposto,Com Vítimas Feridas,Plena Noite,Crescente,Céu Claro,Simples,Reta,Não,4,0,0,1,2,1,1,3,"-5,32134782","-49,24231676",SPRF-PA,DEL03-PA,UOP01-DEL03-PA
586865,12/03/2024,terça-feira,10:00:00,PA,155,331,MARABA,Reação tardia ou ineficiente do condutor,Colisão traseira,Sem Vítimas,Pleno dia,Decrescente,Céu Claro,Simples,Declive,Não,4,0,0,0,3,1,0,4,"-5,47732298","-49,07593648",SPRF-PA,DEL03-PA,UOP01-DEL03-PA
595013,19/04/2024,sexta-feira,17:00:00,PA,230,697,BRASIL NOVO,Acessar a via sem observar a presença dos outros veículos,Colisão lateral mesmo sentido,Com Vítimas Fatais,Pleno dia,Decrescente,Céu Claro,Simples,Reta,Sim,3,1,0,0,1,1,0,3,"-3,30774068","-52,52129799",SPRF-PA,DEL04-PA,UOP01-DEL04-PA
609988,25/06/2024,terça-feira,16:46:00,PA,316,143,PEIXE-BOI,Condutor deixou de manter distância do veículo da frente,Colisão traseira,Com Vítimas Feridas,Pleno dia,Crescente,Céu Claro,Simples,Reta;Aclive,Não,6,0,3,0,2,1,3,3,"-1,24766892","-47,24422205",SPRF-PA,DEL01-PA,UOP03-DEL01-PA
615559,19/07/2024,sexta-feira,20:20:00,PA,230,119,MARABA,Ausência de reação do condutor,Colisão lateral mesmo sentido,Sem Vítimas,Plena Noite,Crescente,Céu Claro,Dupla,Reta,Sim,4,0,0,0,3,1,0,4,"-5,350407","-49,105981",SPRF-PA,DEL03-PA,UOP01-DEL03-PA
571996,01/01/2024,segunda-feira,15:00:00,PA,316,94,SAO FRANCISCO DO PARA,Mal súbito do condutor,Saída de leito carroçável,Com Vítimas Fatais,Pleno dia,Crescente,Chuva,Simples,Declive,Não,1,1,0,0,0,0,0,1,"-1,32568297","-47,656705",SPRF-PA,DEL01-PA,UOP02-DEL01-PA
572546,04/01/2024,quinta-feira,08:40:00,PA,230,117,MARABA,Ausência de reação do condutor,Colisão transversal,Com Vítimas Feridas,Pleno dia,Decrescente,Céu Claro,Dupla,Reta;Retorno Regulamentado,Sim,3,0,1,1,1,0,2,2,"-5,35569904","-49,09047302",SPRF-PA,DEL03-PA,UOP01-DEL03-PA
572785,05/01/2024,sexta-feira,16:00:00,PA,316,55,CASTANHAL,Acessar a via sem observar a presença dos outros veículos,Colisão transversal,Com Vítimas Feridas,Pleno dia,Crescente,Chuva,Dupla,Reta,Não,2,0,0,1,1,0,1,2,"-1,30561339","-47,99919919",SPRF-PA,DEL01-PA,UOP01-DEL01-PA
572986,06/01/2024,sábado,16:32:00,PA,10,323,SAO MIGUEL DO GUAMA,Transitar na contramão,Colisão frontal,Com Vítimas Feridas,Anoitecer,Crescente,Céu Claro,Simples,Reta,Não,2,0,0,1,1,0,1,2,"-1,61088202","-47,48281005",SPRF-PA,DEL01-PA,UOP02-DEL01-PA
573030,06/01/2024,sábado,21:10:00,PA,230,647,ALTAMIRA,Iluminação deficiente,Colisão traseira,Com Vítimas Feridas,Plena Noite,Decrescente,Céu Claro,Simples,Declive;Reta,Sim,2,0,1,0,0,1,1,2,"-3,22320618","-52,25794799",SPRF-PA,DEL04-PA,UOP01-DEL04-PA
573036,06/01/2024,sábado,16:50:00,PA,316,100,SANTA MARIA DO PARA,Ausência de reação do condutor,Colisão traseira,Com Vítimas Feridas,Pleno dia,Decrescente,Céu Claro,Simples,Reta,Não,2,0,1,0,1,0,1,2,"-1,33498375","-47,60407895",SPRF-PA,DEL01-PA,UOP02-DEL01-PA
573074,07/01/2024,domingo,01:00:00,PA,10,"17,3",DOM ELISEU,Acesso irregular,Colisão transversal,Com Vítimas Feridas,Plena Noite,Decrescente,Chuva,Simples,Reta,Não,2,0,0,2,0,0,2,2,"-4,30201297","-47,55571979",SPRF-PA,DEL02-PA,UOP02-DEL02-PA
573202,07/01/2024,domingo,11:30:00,PA,222,"118,5",RONDON DO PARA,Acumulo de água sobre o pavimento,Saída de leito carroçável,Com Vítimas Feridas,Pleno dia,Decrescente,Chuva,Simples,Aclive;Reta,Não,2,0,2,0,0,0,2,1,"-4,827045","-48,172356",SPRF-PA,DEL02-PA,UOP02-DEL02-PA
573223,07/01/2024,domingo,19:40:00,PA,230,107,SAO JOAO DO ARAGUAIA,Reação tardia ou ineficiente do condutor,Colisão traseira,Com Vítimas Feridas,Plena Noite,Decrescente,Céu Claro,Simples,Reta,Não,2,0,0,1,0,1,1,2,"-5,42984186","-48,93289947",SPRF-PA,DEL03-PA,UOP01-DEL03-PA
573281,07/01/2024,domingo,23:30:00,PA,10,204,IPIXUNA DO PARA,Acostamento em desnível,Saída de leito carroçável,Com Vítimas Feridas,Pleno dia,Decrescente,Céu Claro,Simples,Reta;Declive,Não,2,0,1,1,0,0,2,1,"-2,64533","-47,47846145",SPRF-PA,DEL02-PA,UOP01-DEL02-PA
573363,08/01/2024,segunda-feira,12:40:00,PA,230,115,MARABA,Manobra de mudança de faixa,Colisão lateral mesmo sentido,Com Vítimas Feridas,Pleno dia,Crescente,Céu Claro,Dupla,Reta,Sim,2,0,2,0,0,0,2,2,"-5,36241425","-49,07496007",SPRF-PA,DEL03-PA,UOP01-DEL03-PA
573479,08/01/2024,segunda-feira,22:30:00,PA,230,116,MARABA,Retorno proibido,Colisão transversal,Com Vítimas Feridas,Plena Noite,Crescente,Nublado,Dupla,Reta,Sim,4,0,0,2,1,1,2,3,"-5,35947454","-49,08301084",SPRF-PA,DEL03-PA,UOP01-DEL03-PA
573656,09/01/2024,terça-feira,10:10:00,PA,230,1,ALTAMIRA,Reação tardia ou ineficiente do condutor,Tombamento,Com Vítimas Feridas,Pleno dia,Decrescente,Céu Claro,Dupla,Declive;Reta;Interseção de Vias,Sim,2,0,0,1,1,0,1,2,"-3,203721","-52,206787",SPRF-PA,DEL04-PA,UOP01-DEL04-PA
573662,09/01/2024,terça-feira,22:05:00,PA,316,105,SANTA MARIA DO PARA,Acesso irregular,Colisão transversal,Sem Vítimas,Plena Noite,Crescente,Céu Claro,Simples,Reta,Não,2,0,0,0,2,0,0,2,"-1,34280151","-47,55991892",SPRF-PA,DEL01-PA,UOP02-DEL01-PA
573756,09/01/2024,terça-feira,07:30:00,PA,222,65,DOM ELISEU,Avarias e/ou desgaste excessivo no pneu,Saída de leito carroçável,Com Vítimas Feridas,Pleno dia,Crescente,Céu Claro,Simples,Reta,Não,1,0,0,1,0,0,1,1,"-4,529181","-47,828461",SPRF-PA,DEL02-PA,UOP02-DEL02-PA
573831,10/01/2024,quarta-feira,17:30:00,PA,155,343,MARABA,Acessar a via sem observar a presença dos outros veículos,Atropelamento de Pedestre,Com Vítimas Feridas,Pleno dia,Decrescente,Nublado,Simples,Declive;Reta,Sim,3,0,1,1,0,1,2,2,"-5,36957395","-49,07796968",SPRF-PA,DEL03-PA,UOP01-DEL03-PA
573873,10/01/2024,quarta-feira,19:30:00,PA,163,659,ITAITUBA,Ausência de reação do condutor,Tombamento,Com Vítimas Feridas,Plena Noite,Decrescente,Céu Claro,Simples,Reta,Não,2,0,2,0,0,0,2,1,"-4,45985712","-55,84675684",SPRF-PA,DEL05-PA,UOP02-DEL05-PA
574215,12/01/2024,sexta-feira,09:50:00,PA,163,648,ITAITUBA,Reação tardia ou ineficiente do condutor,Colisão lateral mesmo sentido,Com Vítimas Feridas,Pleno dia,Crescente,Garoa/Chuvisco,Simples,Reta;Declive,Não,3,0,1,0,2,0,1,2,"-4,53404005","-55,89418797",SPRF-PA,DEL05-PA,UOP02-DEL05-PA
574231,12/01/2024,sexta-feira,16:30:00,PA,155,341,MARABA,Ausência de reação do condutor,Tombamento,Com Vítimas Feridas,Pleno dia,Crescente,Sol,Simples,Reta,Sim,1,0,1,0,0,0,1,1,"-5,387271","-49,079014",SPRF-PA,DEL03-PA,UOP01-DEL03-PA
574459,13/01/2024,sábado,15:10:00,PA,230,128,MARABA,Manobra de mudança de faixa,Colisão lateral sentido oposto,Com Vítimas Feridas,Pleno dia,Decrescente,Céu Claro,Simples,Declive,Sim,2,0,0,1,1,0,1,2,"-5,3732012","-49,16779803",SPRF-PA,DEL03-PA,UOP01-DEL03-PA
574763,14/01/2024,domingo,05:40:00,PA,163,970,SANTAREM,Acessar a via sem observar a presença dos outros veículos,Atropelamento de Pedestre,Com Vítimas Feridas,Amanhecer,Crescente,Céu Claro,Simples,Curva,Não,2,0,0,1,0,1,1,2,"-2,65771572","-54,83456847",SPRF-PA,DEL05-PA,UOP01-DEL05-PA
574806,15/01/2024,segunda-feira,01:00:00,PA,10,"7,1",DOM ELISEU,Manobra de mudança de faixa,Colisão frontal,Com Vítimas Feridas,Plena Noite,Decrescente,Céu Claro,Simples,Reta;Aclive,Não,2,0,2,0,0,0,2,2,"-4,38439306","-47,53529121",SPRF-PA,DEL02-PA,UOP02-DEL02-PA
575406,17/01/2024,quarta-feira,19:20:00,PA,316,111,SANTA MARIA DO PARA,Desrespeitar a preferência no cruzamento,Colisão transversal,Com Vítimas Feridas,Plena Noite,Crescente,Céu Claro,Simples,Curva;Interseção de Vias,Não,3,0,0,2,1,0,2,2,"-1,31708992","-47,51316503",SPRF-PA,DEL01-PA,UOP02-DEL01-PA
575811,19/01/2024,sexta-feira,20:30:00,PA,316,"63,8",CASTANHAL,Acessar a via sem observar a presença dos outros veículos,Colisão transversal,Com Vítimas Feridas,Plena Noite,Crescente,Nublado,Dupla,Interseção de Vias,Sim,2,0,0,1,1,0,1,2,"-1,29679363","-47,92878096",SPRF-PA,DEL01-PA,UOP01-DEL01-PA
576443,22/01/2024,segunda-feira,12:20:00,PA,230,116,MARABA,Ausência de reação do condutor,Colisão traseira,Com Vítimas Feridas,Pleno dia,Crescente,Céu Claro,Dupla,Reta,Sim,3,0,1,0,0,2,1,3,"-5,35947454","-49,08301084",SPRF-PA,DEL03-PA,UOP01-DEL03-PA
576474,22/01/2024,segunda-feira,17:00:00,PA,155,273,ELDORADO DO CARAJAS,Animais na Pista,Saída de leito carroçável,Com Vítimas Feridas,Pleno dia,Crescente,Céu Claro,Simples,Reta,Não,1,0,1,0,0,0,1,1,"-5,95626497","-49,2223761",SPRF-PA,DEL03-PA,UOP01-DEL03-PA
576522,22/01/2024,segunda-feira,14:30:00,PA,155,250,ELDORADO DO CARAJAS,Ingestão de álcool pelo condutor,Colisão lateral mesmo sentido,Com Vítimas Feridas,Pleno dia,Decrescente,Céu Claro,Simples,Interseção de Vias,Sim,3,0,1,0,2,0,1,2,"-6,105512","-49,355614",SPRF-PA,DEL03-PA,UOP01-DEL03-PA
576627,23/01/2024,terça-feira,14:10:00,PA,316,21,BENEVIDES,Acessar a via sem observar a presença dos outros veículos,Colisão transversal,Com Vítimas Feridas,Pleno dia,Crescente,Céu Claro,Dupla,Retorno Regulamentado;Reta,Sim,3,0,2,0,1,0,2,2,"-1,36097138","-48,26241527",SPRF-PA,DEL01-PA,UOP01-DEL01-PA
576646,23/01/2024,terça-feira,15:00:00,PA,230,122,MARABA,Reação tardia ou ineficiente do condutor,Colisão lateral mesmo sentido,Sem Vítimas,Pleno dia,Crescente,Céu Claro,Dupla,Reta,Sim,3,0,0,0,3,0,0,2,"-5,36137537","-49,12376139",SPRF-PA,DEL03-PA,UOP01-DEL03-PA
576962,25/01/2024,quinta-feira,09:00:00,PA,316,31,SANTA IZABEL DO PARA,Ausência de reação do condutor,Saída de leito carroçável,Com Vítimas Feridas,Pleno dia,Crescente,Sol,Dupla,Reta,Não,2,0,1,1,0,0,2,1,"-1,3025866","-48,1965672",SPRF-PA,DEL01-PA,UOP01-DEL01-PA
577014,25/01/2024,quinta-feira,14:10:00,PA,316,"38,4",SANTA IZABEL DO PARA,Ausência de reação do condutor,Saída de leito carroçável,Com Vítimas Feridas,Pleno dia,Crescente,Chuva,Dupla,Reta,Não,2,0,2,0,0,0,2,1,"-1,28327779","-48,13995604",SPRF-PA,DEL01-PA,UOP01-DEL01-PA
577253,26/01/2024,sexta-feira,19:00:00,PA,316,53,CASTANHAL,Ausência de reação do condutor,Colisão traseira,Com Vítimas Feridas,Plena Noite,Crescente,Céu Claro,Dupla,Reta,Não,2,0,1,0,1,0,1,2,"-1,30643485","-48,01696002",SPRF-PA,DEL01-PA,UOP01-DEL01-PA
577449,27/01/2024,sábado,03:20:00,PA,222,28,DOM ELISEU,Ausência de reação do condutor,Saída de leito carroçável,Com Vítimas Fatais,Anoitecer,Crescente,Nublado,Simples,Curva;Declive,Não,3,1,0,1,0,1,1,2,"-4,31721","-47,644073",SPRF-PA,DEL02-PA,UOP02-DEL02-PA
577548,28/01/2024,domingo,05:30:00,PA,230,"642,6",ALTAMIRA,Ausência de reação do condutor,Colisão traseira,Com Vítimas Feridas,Amanhecer,Crescente,Garoa/Chuvisco,Simples,Reta,Não,3,0,0,2,1,0,2,3,"-3,21710924","-52,24466801",SPRF-PA,DEL04-PA,UOP01-DEL04-PA
577683,28/01/2024,domingo,21:35:00,PA,163,984,SANTAREM,Pedestre andava na pista,Atropelamento de Pedestre,Com Vítimas Fatais,Plena Noite,Decrescente,Céu Claro,Simples,Reta;Declive,Não,3,1,0,0,2,0,0,2,"-2,60947104","-54,72295996",SPRF-PA,DEL05-PA,UOP01-DEL05-PA
577862,27/01/2024,sábado,00:30:00,PA,230,98,SAO JOAO DO ARAGUAIA,Acesso irregular,Colisão lateral sentido oposto,Sem Vítimas,Plena Noite,Decrescente,Chuva,Simples,Reta,Não,4,0,0,0,4,0,0,2,"-5,41919096","-48,93656196",SPRF-PA,DEL03-PA,UOP01-DEL03-PA
577900,29/01/2024,segunda-feira,20:50:00,PA,316,46,SANTA IZABEL DO PARA,Ausência de reação do condutor,Saída de leito carroçável,Com Vítimas Feridas,Plena Noite,Decrescente,Nublado,Dupla,Curva,Não,1,0,1,0,0,0,1,1,"-1,28003179","-48,06971495",SPRF-PA,DEL01-PA,UOP01-DEL01-PA
578018,26/01/2024,sexta-feira,19:05:00,PA,230,121,MARABA,Ausência de reação do condutor,Colisão traseira,Sem Vítimas,Plena Noite,Decrescente,Chuva,Simples,Curva,Sim,3,0,0,0,3,0,0,2,"-5,35297407","-49,12143673",SPRF-PA,DEL03-PA,UOP01-DEL03-PA
578097,30/01/2024,terça-feira,18:18:00,PA,230,121,MARABA,Ultrapassagem Indevida,Colisão lateral mesmo sentido,Com Vítimas Fatais,Plena Noite,Crescente,Céu Claro,Dupla,Reta,Sim,2,1,0,0,1,0,0,2,"-5,35297407","-49,12143673",SPRF-PA,DEL03-PA,UOP01-DEL03-PA
578243,31/01/2024,quarta-feira,19:30:00,PA,10,"323,1",SAO MIGUEL DO GUAMA,Reação tardia ou ineficiente do condutor,Colisão traseira,Com Vítimas Feridas,Plena Noite,Decrescente,Céu Claro,Simples,Reta,Sim,3,0,1,1,1,0,2,2,"-1,61088202","-47,48281005",SPRF-PA,DEL01-PA,UOP02-DEL01-PA
578462,01/02/2024,quinta-feira,19:00:00,PA,230,"93,9",SAO JOAO DO ARAGUAIA,Acessar a via sem observar a presença dos outros veículos,Colisão transversal,Com Vítimas Feridas,Plena Noite,Decrescente,Nublado,Simples,Reta;Aclive,Não,2,0,0,1,0,1,1,2,"-5,44787864","-48,90256682",SPRF-PA,DEL03-PA,UOP01-DEL03-PA
578766,03/02/2024,sábado,12:20:00,PA,230,124,MARABA,Acessar a via sem observar a presença dos outros veículos,Colisão transversal,Com Vítimas Feridas,Pleno dia,Crescente,Céu Claro,Simples,Reta,Não,2,0,0,1,1,0,1,2,"-5,37407079","-49,13575802",SPRF-PA,DEL03-PA,UOP01-DEL03-PA
578852,04/02/2024,domingo,00:50:00,PA,230,120,MARABA,Reação tardia ou ineficiente do condutor,Colisão traseira,Sem Vítimas,Anoitecer,Crescente,Céu Claro,Dupla,Reta;Interseção de Vias,Sim,2,0,0,0,2,0,0,2,"-5,35038318","-49,11434",SPRF-PA,DEL03-PA,UOP01-DEL03-PA
578978,04/02/2024,domingo,14:30:00,PA,230,663,ALTAMIRA,Transitar na contramão,Colisão frontal,Com Vítimas Feridas,Pleno dia,Crescente,Céu Claro,Simples,Curva;Declive,Não,6,0,2,1,3,0,3,2,"-3,25043643","-52,34664559",SPRF-PA,DEL04-PA,UOP01-DEL04-PA
578991,04/02/2024,domingo,18:00:00,PA,230,116,MARABA,Ausência de reação do condutor,Colisão lateral mesmo sentido,Com Vítimas Feridas,Plena Noite,Crescente,Céu Claro,Dupla,Reta;Declive,Sim,2,0,1,0,1,0,1,2,"-5,35947454","-49,08301084",SPRF-PA,DEL03-PA,UOP01-DEL03-PA
579016,04/02/2024,domingo,20:00:00,PA,10,354,SANTA MARIA DO PARA,Deixar de acionar o farol da motocicleta (ou similar),Colisão transversal,Com Vítimas Feridas,Plena Noite,Decrescente,Céu Claro,Simples,Reta,Sim,2,0,2,0,0,0,2,2,"-1,34759789","-47,57735696",SPRF-PA,DEL01-PA,UOP02-DEL01-PA
579465,06/02/2024,terça-feira,18:37:00,PA,230,157,ITUPIRANGA,Animais na Pista,Atropelamento de Animal,Com Vítimas Feridas,Plena Noite,Decrescente,Céu Claro,Simples,Reta;Declive,Não,2,0,1,0,0,1,1,2,"-5,193521","-49,361963",SPRF-PA,DEL03-PA,UOP01-DEL03-PA
579522,07/02/2024,quarta-feira,05:30:00,PA,10,351,SANTA MARIA DO PARA,Ausência de reação do condutor,Atropelamento de Animal,Com Vítimas Feridas,Pleno dia,Crescente,Céu Claro,Simples,Reta,Não,3,0,3,0,0,0,3,1,"-1,37081","-47,569096",SPRF-PA,DEL01-PA,UOP02-DEL01-PA
579960,09/02/2024,sexta-feira,07:49:00,PA,163,991,SANTAREM,Velocidade Incompatível,Colisão frontal,Com Vítimas Feridas,Pleno dia,Crescente,Céu Claro,Simples,Reta,Sim,4,0,1,2,1,0,3,2,"-2,547851","-54,72278",SPRF-PA,DEL05-PA,UOP01-DEL05-PA
580370,10/02/2024,sábado,19:50:00,PA,10,353,SANTA MARIA DO PARA,Transitar na contramão,Colisão frontal,Com Vítimas Feridas,Plena Noite,Decrescente,Céu Claro,Simples,Reta,Sim,2,0,0,2,0,0,2,2,"-1,35646249","-47,57423141",SPRF-PA,DEL01-PA,UOP02-DEL01-PA
580470,11/02/2024,domingo,05:15:00,PA,230,1112,ITAITUBA,Ausência de reação do condutor,Saída de leito carroçável,Com Vítimas Feridas,Amanhecer,Crescente,Nublado,Simples,Reta,Não,1,0,1,0,0,0,1,1,"-4,33991891","-55,77511606",SPRF-PA,DEL05-PA,UOP02-DEL05-PA
580737,12/02/2024,segunda-feira,06:51:00,PA,308,202,BRAGANCA,Transitar na contramão,Colisão frontal,Com Vítimas Fatais,Amanhecer,Decrescente,Céu Claro,Simples,Curva;Rotatória,Sim,3,1,0,0,2,0,0,3,"-1,065242","-46,764686",SPRF-PA,DEL01-PA,UOP03-DEL01-PA
580818,11/02/2024,domingo,13:44:00,PA,316,19,BENEVIDES,Manobra de mudança de faixa,Colisão traseira,Com Vítimas Feridas,Pleno dia,Crescente,Sol,Dupla,Reta,Sim,3,0,2,0,1,0,2,2,"-1,3642339","-48,266582",SPRF-PA,DEL01-PA,UOP01-DEL01-PA
580865,13/02/2024,terça-feira,03:00:00,PA,316,"26,5",BENEVIDES,Ausência de reação do condutor,Colisão traseira,Sem Vítimas,Plena Noite,Decrescente,Nublado,Dupla,Reta,Não,4,0,0,0,3,1,0,2,"-1,3252697","-48,232117",SPRF-PA,DEL01-PA,UOP01-DEL01-PA
580939,13/02/2024,terça-feira,15:30:00,PA,230,119,MARABA,Avarias e/ou desgaste excessivo no pneu,Eventos atípicos,Com Vítimas Feridas,Pleno dia,Crescente,Nublado,Dupla,Reta,Sim,2,0,2,0,0,0,2,1,"-5,350407","-49,105981",SPRF-PA,DEL03-PA,UOP01-DEL03-PA
580954,13/02/2024,terça-feira,16:45:00,PA,10,"221,2",IPIXUNA DO PARA,Condutor Dormindo,Saída de leito carroçável,Com Vítimas Feridas,Pleno dia,Decrescente,Céu Claro,Simples,Curva,Não,4,0,2,0,2,0,2,1,"-2,49604797","-47,50976192",SPRF-PA,DEL02-PA,UOP01-DEL02-PA
581024,13/02/2024,terça-feira,22:40:00,PA,316,73,SAO FRANCISCO DO PARA,Transitar na contramão,Colisão lateral sentido oposto,Sem Vítimas,Plena Noite,Decrescente,Ignorado,Simples,Reta,Não,3,0,0,0,3,0,0,2,"-1,2897166","-47,8360199",SPRF-PA,DEL01-PA,UOP01-DEL01-PA
581220,14/02/2024,quarta-feira,23:00:00,PA,230,121,MARABA,Ausência de reação do condutor,Colisão traseira,Com Vítimas Feridas,Plena Noite,Crescente,Céu Claro,Dupla,Reta,Não,2,0,1,0,0,1,1,2,"-5,35297407","-49,12143673",SPRF-PA,DEL03-PA,UOP01-DEL03-PA
581446,16/02/2024,sexta-feira,09:12:00,PA,316,32,SANTA IZABEL DO PARA,Ausência de reação do condutor,Colisão com objeto,Com Vítimas Feridas,Pleno dia,Crescente,Céu Claro,Dupla,Curva,Não,2,0,1,0,1,0,1,1,"-1,29833956","-48,18889696",SPRF-PA,DEL01-PA,UOP01-DEL01-PA
581558,16/02/2024,sexta-feira,18:30:00,PA,230,118,MARABA,Ausência de reação do condutor,Colisão lateral mesmo sentido,Com Vítimas Feridas,Anoitecer,Decrescente,Garoa/Chuvisco,Dupla,Viaduto;Reta,Sim,3,0,1,0,1,1,1,3,"-5,35193706","-49,09794103",SPRF-PA,DEL03-PA,UOP01-DEL03-PA
581775,17/02/2024,sábado,20:20:00,PA,153,124,SAO GERALDO DO ARAGUAIA,Transitar na contramão,Colisão frontal,Com Vítimas Fatais,Plena Noite,Crescente,Céu Claro,Simples,Curva,Não,2,1,0,0,1,0,0,2,"-6,175991","-48,595367",SPRF-PA,DEL03-PA,UOP01-DEL03-PA
581813,18/02/2024,domingo,05:30:00,PA,316,"62,8",CASTANHAL,Pedestre cruzava a pista fora da faixa,Atropelamento de Pedestre,Com Vítimas Fatais,Amanhecer,Crescente,Chuva,Dupla,Reta,Sim,2,1,0,0,1,0,0,2,"-1,296354","-47,922478",SPRF-PA,DEL01-PA,UOP01-DEL01-PA
582200,20/02/2024,terça-feira,09:20:00,PA,316,139,PEIXE-BOI,Acessar a via sem observar a presença dos outros veículos,Colisão transversal,Com Vítimas Feridas,Pleno dia,Crescente,Céu Claro,Simples,Reta,Não,2,0,1,0,1,0,1,2,"-1,26637177","-47,27492515",SPRF-PA,DEL01-PA,UOP03-DEL01-PA
582236,20/02/2024,terça-feira,01:15:00,PA,230,"169,5",ITUPIRANGA,Animais na Pista,Atropelamento de Animal,Sem Vítimas,Plena Noite,Decrescente,Chuva,Simples,Reta,Não,5,0,0,0,5,0,0,1,"-5,14560797","-49,38950692",SPRF-PA,DEL03-PA,UOP01-DEL03-PA
582377,21/02/2024,quarta-feira,09:40:00,PA,316,49,SANTA IZABEL DO PARA,Avarias e/ou desgaste excessivo no pneu,Queda de ocupante de veículo,Com Vítimas Feridas,Pleno dia,Decrescente,Céu Claro,Simples,Reta,Não,1,0,0,1,0,0,1,1,"-1,29792183","-48,04943584",SPRF-PA,DEL01-PA,UOP01-DEL01-PA