id,data_inversa,dia_semana,horario,uf,br,km,municipio,causa_acidente,tipo_acidente,classificacao_acidente,fase_dia,sentido_via,condicao_metereologica,tipo_pista,tracado_via,uso_solo,pessoas,mortos,feridos_leves,feridos_graves,ilesos,ignorados,feridos,veiculos,latitude,longitude,regional,delegacia,uop
582379,21/02/2024,quarta-feira,08:40:00,PA,316,65,CASTANHAL,Retorno proibido,Colisão transversal,Com Vítimas Feridas,Pleno dia,Decrescente,Céu Claro,Dupla,Reta,Sim,2,0,1,0,1,0,1,2,"-1,29580361","-47,91084002",SPRF-PA,DEL01-PA,UOP01-DEL01-PA
582679,22/02/2024,quinta-feira,21:10:00,PA,316,55,CASTANHAL,Reação tardia ou ineficiente do condutor,Queda de ocupante de veículo,Com Vítimas Feridas,Plena Noite,Crescente,Nublado,Dupla,Reta;Aclive,Não,1,0,0,1,0,0,1,1,"-1,30561339","-47,99919919",SPRF-PA,DEL01-PA,UOP01-DEL01-PA
582943,23/02/2024,sexta-feira,21:20:00,PA,230,123,MARABA,Condutor deixou de manter distância do veículo da frente,Colisão traseira,Sem Vítimas,Plena Noite,Crescente,Chuva,Dupla,Reta,Sim,2,0,0,0,2,0,0,2,"-5,36838526","-49,12886078",SPRF-PA,DEL03-PA,UOP01-DEL03-PA
583016,24/02/2024,sábado,12:15:00,PA,316,111,SANTA MARIA DO PARA,Acessar a via sem observar a presença dos outros veículos,Colisão transversal,Com Vítimas Feridas,Pleno dia,Decrescente,Chuva,Simples,Curva;Interseção de Vias,Não,2,0,1,0,1,0,1,2,"-1,31708992","-47,51316503",SPRF-PA,DEL01-PA,UOP02-DEL01-PA
583260,25/02/2024,domingo,16:00:00,PA,10,322,SAO MIGUEL DO GUAMA,Acessar a via sem observar a presença dos outros veículos,Colisão transversal,Com Vítimas Feridas,Pleno dia,Decrescente,Chuva,Simples,Reta,Sim,4,0,1,0,2,1,1,2,"-1,61939568","-47,47970107",SPRF-PA,DEL01-PA,UOP02-DEL01-PA
583344,25/02/2024,domingo,15:45:00,PA,230,220,NOVO REPARTIMENTO,Transitar na contramão,Colisão frontal,Com Vítimas Fatais,Pleno dia,Crescente,Céu Claro,Simples,Curva,Não,2,1,0,0,1,0,0,2,"-4,80931615","-49,56715219",SPRF-PA,DEL03-PA,UOP01-DEL03-PA
583472,26/02/2024,segunda-feira,12:30:00,PA,308,189,TRACUATEUA,Manobra de mudança de faixa,Colisão lateral sentido oposto,Com Vítimas Feridas,Pleno dia,Crescente,Chuva,Simples,Declive;Reta,Não,3,0,1,0,2,0,1,2,"-1,08294451","-46,89141694",SPRF-PA,DEL01-PA,UOP03-DEL01-PA
583512,26/02/2024,segunda-feira,19:00:00,PA,163,989,SANTAREM,Acessar a via sem observar a presença dos outros veículos,Colisão transversal,Com Vítimas Feridas,Anoitecer,Crescente,Céu Claro,Simples,Reta,Não,3,0,2,0,1,0,2,2,"-2,565797","-54,721375",SPRF-PA,DEL05-PA,UOP01-DEL05-PA
583521,26/02/2024,segunda-feira,19:00:00,PA,316,113,SANTA MARIA DO PARA,Ausência de reação do condutor,Tombamento,Com Vítimas Feridas,Plena Noite,Crescente,Chuva,Simples,Reta,Não,1,0,1,0,0,0,1,1,"-1,31670708","-47,495285",SPRF-PA,DEL01-PA,UOP02-DEL01-PA
583653,27/02/2024,terça-feira,12:30:00,PA,316,22,BENEVIDES,Acessar a via sem observar a presença dos outros veículos,Colisão transversal,Com Vítimas Feridas,Pleno dia,Crescente,Céu Claro,Dupla,Reta,Sim,4,0,1,1,2,0,2,3,"-1,3534463","-48,2570266",SPRF-PA,DEL01-PA,UOP01-DEL01-PA
583671,04/02/2024,domingo,09:25:00,PA,316,80,SAO FRANCISCO DO PARA,Ausência de reação do condutor,Colisão traseira,Com Vítimas Fatais,Pleno dia,Decrescente,Céu Claro,Simples,Reta,Não,3,1,1,0,0,1,1,3,"-1,304611","-47,776382",SPRF-PA,DEL01-PA,UOP02-DEL01-PA
583729,27/02/2024,terça-feira,19:00:00,PA,230,750,MEDICILANDIA,Transitar na contramão,Colisão frontal,Com Vítimas Fatais,Plena Noite,Crescente,Céu Claro,Simples,Reta,Sim,2,1,0,0,0,1,0,2,"-3,46293657","-52,93686568",SPRF-PA,DEL04-PA,UOP01-DEL04-PA
583847,28/02/2024,quarta-feira,13:30:00,PA,10,18,DOM ELISEU,Ausência de reação do condutor,Atropelamento de Animal,Com Vítimas Feridas,Pleno dia,Decrescente,Céu Claro,Simples,Reta,Sim,2,0,1,1,0,0,2,1,"-4,293095","-47,556904",SPRF-PA,DEL02-PA,UOP02-DEL02-PA
583909,28/02/2024,quarta-feira,19:00:00,PA,230,105,MARABA,Manobra de mudança de faixa,Colisão frontal,Com Vítimas Feridas,Plena Noite,Decrescente,Céu Claro,Simples,Aclive;Reta,Não,3,0,1,1,1,0,2,2,"-5,38442309","-48,98761403",SPRF-PA,DEL03-PA,UOP01-DEL03-PA
583927,28/02/2024,quarta-feira,20:10:00,PA,163,624,TRAIRAO,Curva acentuada,Colisão lateral sentido oposto,Com Vítimas Feridas,Plena Noite,Crescente,Nublado,Simples,Curva;Aclive,Sim,9,0,2,1,6,0,3,2,"-4,70629765","-56,00399883",SPRF-PA,DEL05-PA,UOP02-DEL05-PA
584317,01/03/2024,sexta-feira,19:10:00,PA,316,67,CASTANHAL,Ausência de reação do condutor,Tombamento,Com Vítimas Feridas,Plena Noite,Decrescente,Céu Claro,Dupla,Reta,Sim,1,0,0,1,0,0,1,1,"-1,2948794","-47,89280703",SPRF-PA,DEL01-PA,UOP01-DEL01-PA
584534,02/03/2024,sábado,18:30:00,PA,230,122,MARABA,Ingestão de álcool pelo condutor,Colisão traseira,Com Vítimas Feridas,Anoitecer,Crescente,Céu Claro,Dupla,Reta,Sim,2,0,1,0,1,0,1,2,"-5,36137537","-49,12376139",SPRF-PA,DEL03-PA,UOP01-DEL03-PA
584617,03/03/2024,domingo,03:00:00,PA,10,12,DOM ELISEU,Ingestão de álcool pelo condutor,Queda de ocupante de veículo,Com Vítimas Fatais,Plena Noite,Crescente,Nublado,Simples,Reta,Não,2,1,0,0,0,1,0,2,"-4,339672","-47,53645995",SPRF-PA,DEL02-PA,UOP02-DEL02-PA
584680,03/03/2024,domingo,07:40:00,PA,163,617,TRAIRAO,Reação tardia ou ineficiente do condutor,Tombamento,Com Vítimas Feridas,Pleno dia,Decrescente,Nublado,Simples,Declive;Curva,Não,1,0,0,1,0,0,1,1,"-4,73795095","-56,05091106",SPRF-PA,DEL05-PA,UOP02-DEL05-PA
584847,04/03/2024,segunda-feira,03:25:00,PA,316,"27,9",BENEVIDES,Ausência de reação do condutor,Colisão com objeto,Sem Vítimas,Plena Noite,Decrescente,Ignorado,Dupla,Curva,Sim,1,0,0,0,0,1,0,1,"-1,31824794","-48,22663008",SPRF-PA,DEL01-PA,UOP01-DEL01-PA
584955,04/03/2024,segunda-feira,13:20:00,PA,10,33,DOM ELISEU,Acessar a via sem observar a presença dos outros veículos,Colisão transversal,Com Vítimas Feridas,Pleno dia,Crescente,Céu Claro,Simples,Reta,Não,2,0,0,1,1,0,1,2,"-4,16074668","-47,54490137",SPRF-PA,DEL02-PA,UOP02-DEL02-PA
584968,04/03/2024,segunda-feira,13:40:00,PA,316,103,SANTA MARIA DO PARA,Acessar a via sem observar a presença dos outros veículos,Colisão transversal,Com Vítimas Feridas,Pleno dia,Crescente,Céu Claro,Simples,Reta,Sim,2,0,0,1,1,0,1,2,"-1,33965249","-47,57773209",SPRF-PA,DEL01-PA,UOP02-DEL01-PA
585075,04/03/2024,segunda-feira,23:50:00,PA,10,27,DOM ELISEU,Deficiência do Sistema de Iluminação/Sinalização,Colisão traseira,Com Vítimas Feridas,Plena Noite,Crescente,Nublado,Simples,Declive;Reta,Não,5,0,1,0,4,0,1,2,"-4,216738","-47,54512",SPRF-PA,DEL02-PA,UOP02-DEL02-PA
585135,05/03/2024,terça-feira,09:51:00,PA,230,123,MARABA,Acessar a via sem observar a presença dos outros veículos,Colisão transversal,Com Vítimas Feridas,Pleno dia,Decrescente,Sol,Dupla,Retorno Regulamentado;Reta,Não,3,0,1,0,1,1,1,2,"-5,36838526","-49,12886078",SPRF-PA,DEL03-PA,UOP01-DEL03-PA
585219,05/03/2024,terça-feira,10:00:00,PA,316,34,SANTA IZABEL DO PARA,Reação tardia ou ineficiente do condutor,Colisão traseira,Sem Vítimas,Pleno dia,Crescente,Sol,Dupla,Reta,Sim,4,0,0,0,4,0,0,2,"-1,29444763","-48,17249938",SPRF-PA,DEL01-PA,UOP01-DEL01-PA
585660,07/03/2024,quinta-feira,10:30:00,PA,230,94,SAO JOAO DO ARAGUAIA,Ausência de reação do condutor,Colisão traseira,Com Vítimas Feridas,Pleno dia,Decrescente,Céu Claro,Simples,Reta,Não,3,0,1,0,1,1,1,3,"-5,44399464","-48,91070283",SPRF-PA,DEL03-PA,UOP01-DEL03-PA
585700,07/03/2024,quinta-feira,19:10:00,PA,230,115,MARABA,Ausência de reação do condutor,Colisão traseira,Com Vítimas Feridas,Plena Noite,Crescente,Céu Claro,Dupla,Reta;Declive,Sim,2,0,0,1,1,0,1,2,"-5,36241425","-49,07496007",SPRF-PA,DEL03-PA,UOP01-DEL03-PA
586178,09/03/2024,sábado,18:30:00,PA,230,7,ALTAMIRA,Ingestão de álcool pelo condutor,Saída de leito carroçável,Sem Vítimas,Anoitecer,Decrescente,Chuva,Simples,Reta,Sim,1,0,0,0,1,0,0,1,"-3,203721","-52,206787",SPRF-PA,DEL04-PA,UOP01-DEL04-PA
586411,10/03/2024,domingo,19:05:00,PA,230,120,MARABA,Acessar a via sem observar a presença dos outros veículos,Colisão lateral mesmo sentido,Com Vítimas Feridas,Plena Noite,Decrescente,Céu Claro,Simples,Curva,Sim,2,0,1,0,1,0,1,2,"-5,35038318","-49,11434",SPRF-PA,DEL03-PA,UOP01-DEL03-PA
586451,10/03/2024,domingo,19:10:00,PA,308,157,CAPANEMA,Estacionar ou parar em local proibido,Colisão lateral sentido oposto,Com Vítimas Feridas,Plena Noite,Crescente,Garoa/Chuvisco,Simples,Reta,Não,2,0,1,0,1,0,1,2,"-1,21124791","-47,132118",SPRF-PA,DEL01-PA,UOP03-DEL01-PA
586627,11/03/2024,segunda-feira,18:25:00,PA,230,115,MARABA,Ausência de reação do condutor,Colisão traseira,Com Vítimas Feridas,Anoitecer,Crescente,Céu Claro,Dupla,Reta,Sim,3,0,0,1,2,0,1,3,"-5,36241425","-49,07496007",SPRF-PA,DEL03-PA,UOP01-DEL03-PA
586654,11/03/2024,segunda-feira,20:30:00,PA,230,120,MARABA,Ingestão de álcool pelo condutor,Colisão traseira,Sem Vítimas,Plena Noite,Crescente,Nublado,Dupla,Reta,Sim,2,0,0,0,2,0,0,2,"-5,35038318","-49,11434",SPRF-PA,DEL03-PA,UOP01-DEL03-PA
586828,11/03/2024,segunda-feira,19:30:00,PA,163,980,SANTAREM,Estacionar ou parar em local proibido,Colisão traseira,Com Vítimas Feridas,Plena Noite,Decrescente,Céu Claro,Simples,Reta,Não,3,0,0,2,1,0,2,2,"-2,63482156","-54,74836014",SPRF-PA,DEL05-PA,UOP01-DEL05-PA
586867,12/03/2024,terça-feira,17:00:00,PA,155,344,MARABA,Acessar a via sem observar a presença dos outros veículos,Colisão transversal,Com Vítimas Feridas,Pleno dia,Crescente,Céu Claro,Simples,Reta,Não,2,0,0,1,1,0,1,2,"-5,36957395","-49,07796968",SPRF-PA,DEL03-PA,UOP01-DEL03-PA
587757,16/03/2024,sábado,22:30:00,PA,230,7,ALTAMIRA,Condutor Dormindo,Colisão com objeto,Com Vítimas Feridas,Plena Noite,Decrescente,Céu Claro,Simples,Declive;Reta,Sim,1,0,1,0,0,0,1,1,"-3,203721","-52,206787",SPRF-PA,DEL04-PA,UOP01-DEL04-PA
587839,17/03/2024,domingo,06:00:00,PA,153,42,SAO DOMINGOS DO ARAGUAIA,Ausência de reação do condutor,Atropelamento de Pedestre,Com Vítimas Fatais,Amanhecer,Decrescente,Céu Claro,Simples,Reta,Não,2,1,0,0,0,1,0,2,"-5,490425","-48,739429",SPRF-PA,DEL03-PA,UOP01-DEL03-PA
587922,17/03/2024,domingo,14:20:00,PA,230,"10,2",ALTAMIRA,Conversão proibida,Colisão transversal,Com Vítimas Feridas,Pleno dia,Decrescente,Céu Claro,Simples,Declive;Reta,Sim,2,0,1,0,1,0,1,2,"-3,203721","-52,206787",SPRF-PA,DEL04-PA,UOP01-DEL04-PA
588055,11/03/2024,segunda-feira,16:10:00,PA,230,701,BRASIL NOVO,Ingestão de álcool pelo condutor,Queda de ocupante de veículo,Com Vítimas Feridas,Pleno dia,Decrescente,Céu Claro,Simples,Ponte;Reta,Não,1,0,1,0,0,0,1,1,"-3,31018997","-52,54836303",SPRF-PA,DEL04-PA,UOP01-DEL04-PA
588388,19/03/2024,terça-feira,12:41:00,PA,163,981,SANTAREM,Entrada inopinada do pedestre,Atropelamento de Pedestre,Com Vítimas Fatais,Pleno dia,Decrescente,Céu Claro,Simples,Reta;Declive,Sim,2,1,0,0,1,0,0,2,"-2,62917092","-54,74150509",SPRF-PA,DEL05-PA,UOP01-DEL05-PA
588441,19/03/2024,terça-feira,19:58:00,PA,10,176,PARAGOMINAS,Reação tardia ou ineficiente do condutor,Saída de leito carroçável,Sem Vítimas,Anoitecer,Crescente,Nublado,Simples,Rotatória,Não,4,0,0,0,4,0,0,1,"-2,89433295","-47,4335408",SPRF-PA,DEL02-PA,UOP01-DEL02-PA
588657,20/03/2024,quarta-feira,17:10:00,PA,230,695,BRASIL NOVO,Acumulo de água sobre o pavimento,Saída de leito carroçável,Sem Vítimas,Pleno dia,Decrescente,Chuva,Simples,Reta,Não,2,0,0,0,2,0,0,1,"-3,30776982","-52,5209951",SPRF-PA,DEL04-PA,UOP01-DEL04-PA
588835,21/03/2024,quinta-feira,17:50:00,PA,230,122,MARABA,Acessar a via sem observar a presença dos outros veículos,Colisão lateral mesmo sentido,Com Vítimas Feridas,Pleno dia,Crescente,Céu Claro,Dupla,Reta;Retorno Regulamentado,Não,2,0,1,0,1,0,1,2,"-5,36137537","-49,12376139",SPRF-PA,DEL03-PA,UOP01-DEL03-PA
588856,21/03/2024,quinta-feira,19:30:00,PA,230,119,MARABA,Manobra de mudança de faixa,Colisão lateral mesmo sentido,Sem Vítimas,Plena Noite,Crescente,Céu Claro,Dupla,Reta;Ponte,Sim,2,0,0,0,2,0,0,2,"-5,350407","-49,105981",SPRF-PA,DEL03-PA,UOP01-DEL03-PA
589117,22/03/2024,sexta-feira,20:20:00,PA,10,15,DOM ELISEU,Pedestre andava na pista,Atropelamento de Pedestre,Com Vítimas Feridas,Plena Noite,Decrescente,Chuva,Simples,Curva,Sim,2,0,1,0,1,0,1,2,"-4,31943382","-47,5520678",SPRF-PA,DEL02-PA,UOP02-DEL02-PA
589130,22/03/2024,sexta-feira,23:30:00,PA,316,127,NOVA TIMBOTEUA,Transitar na contramão,Colisão frontal,Com Vítimas Feridas,Plena Noite,Crescente,Nublado,Simples,Interseção de Vias;Reta,Sim,6,0,4,2,0,0,6,2,"-1,29421671","-47,36798286",SPRF-PA,DEL01-PA,UOP02-DEL01-PA
589276,23/03/2024,sábado,16:50:00,PA,155,313,MARABA,Manobra de mudança de faixa,Colisão lateral sentido oposto,Sem Vítimas,Pleno dia,Crescente,Céu Claro,Simples,Curva,Não,4,0,0,0,3,1,0,2,"-5,63103584","-49,09737018",SPRF-PA,DEL03-PA,UOP01-DEL03-PA
589282,23/03/2024,sábado,16:30:00,PA,163,547,TRAIRAO,Reação tardia ou ineficiente do condutor,Tombamento,Com Vítimas Feridas,Pleno dia,Crescente,Sol,Simples,Reta,Não,2,0,2,0,0,0,2,1,"-5,20790223","-56,04198478",SPRF-PA,DEL05-PA,UOP02-DEL05-PA
589379,24/03/2024,domingo,04:00:00,PA,230,121,MARABA,Acessar a via sem observar a presença dos outros veículos,Colisão lateral mesmo sentido,Com Vítimas Feridas,Plena Noite,Decrescente,Céu Claro,Dupla,Reta,Sim,3,0,1,0,2,0,1,2,"-5,35297407","-49,12143673",SPRF-PA,DEL03-PA,UOP01-DEL03-PA
589532,24/03/2024,domingo,18:00:00,PA,230,116,MARABA,Ausência de reação do condutor,Colisão traseira,Com Vítimas Feridas,Anoitecer,Crescente,Céu Claro,Dupla,Reta,Sim,3,0,1,0,2,0,1,2,"-5,35947454","-49,08301084",SPRF-PA,DEL03-PA,UOP01-DEL03-PA
589647,25/03/2024,segunda-feira,11:40:00,PA,230,117,MARABA,Ausência de reação do condutor,Colisão traseira,Com Vítimas Feridas,Pleno dia,Decrescente,Chuva,Dupla,Reta,Sim,3,0,1,0,2,0,1,3,"-5,35038083","-49,10325408",SPRF-PA,DEL03-PA,UOP01-DEL03-PA
590080,26/03/2024,terça-feira,13:20:00,PA,10,"60,6",CASTANHAL,Condutor desrespeitou a iluminação vermelha do semáforo,Colisão transversal,Com Vítimas Feridas,Pleno dia,Crescente,Céu Claro,Dupla,Reta,Sim,2,0,1,1,0,0,2,2,"-1,2977885","-47,94216871",SPRF-PA,DEL02-PA,UOP02-DEL02-PA
590245,28/03/2024,quinta-feira,07:45:00,PA,316,28,BENEVIDES,Condutor Dormindo,Colisão transversal,Com Vítimas Feridas,Pleno dia,Crescente,Céu Claro,Dupla,Reta,Não,4,0,2,0,2,0,2,3,"-1,31121896","-48,22115206",SPRF-PA,DEL01-PA,UOP01-DEL01-PA
590500,29/03/2024,sexta-feira,04:30:00,PA,316,64,CASTANHAL,Transitar na contramão,Colisão frontal,Com Vítimas Feridas,Amanhecer,Crescente,Céu Claro,Dupla,Reta,Sim,3,0,0,1,1,1,1,2,"-1,298609","-47,964132",SPRF-PA,DEL01-PA,UOP01-DEL01-PA
590504,29/03/2024,sexta-feira,06:30:00,PA,316,"58,2",CASTANHAL,Ausência de reação do condutor,Colisão com objeto,Com Vítimas Feridas,Pleno dia,Decrescente,Céu Claro,Dupla,Reta;Declive,Sim,4,0,2,0,1,1,2,2,"-1,2998299","-47,97307488",SPRF-PA,DEL01-PA,UOP01-DEL01-PA
590587,29/03/2024,sexta-feira,17:45:00,PA,230,6,ALTAMIRA,Condutor desrespeitou a iluminação vermelha do semáforo,Colisão frontal,Com Vítimas Feridas,Anoitecer,Decrescente,Chuva,Simples,Interseção de Vias;Reta,Sim,4,0,2,0,2,0,2,2,"-3,18951494","-52,20911264",SPRF-PA,DEL03-PA,UOP01-DEL03-PA
591008,31/03/2024,domingo,14:50:00,PA,316,24,BENEVIDES,Demais falhas mecânicas ou elétricas,Tombamento,Com Vítimas Feridas,Pleno dia,Decrescente,Céu Claro,Dupla,Reta,Sim,2,0,1,1,0,0,2,1,"-1,34599732","-48,25152822",SPRF-PA,DEL01-PA,UOP01-DEL01-PA
591084,31/03/2024,domingo,22:20:00,PA,308,"184,5",TRACUATEUA,Transitar na contramão,Colisão frontal,Com Vítimas Feridas,Plena Noite,Crescente,Céu Claro,Simples,Reta,Não,3,0,1,2,0,0,3,2,"-1,109593","-46,924723",SPRF-PA,DEL01-PA,UOP03-DEL01-PA
591736,04/04/2024,quinta-feira,10:35:00,PA,316,"20,6",BENEVIDES,Ausência de reação do condutor,Tombamento,Com Vítimas Feridas,Pleno dia,Crescente,Céu Claro,Dupla,Reta,Sim,2,0,2,0,0,0,2,1,"-1,3642339","-48,266582",SPRF-PA,DEL01-PA,UOP01-DEL01-PA
591820,04/04/2024,quinta-feira,19:00:00,PA,308,151,CAPANEMA,Manobra de mudança de faixa,Colisão transversal,Com Vítimas Feridas,Plena Noite,Decrescente,Nublado,Simples,Reta,Sim,3,0,0,1,2,0,1,2,"-1,21064","-47,182743",SPRF-PA,DEL01-PA,UOP03-DEL01-PA
591871,16/03/2024,sábado,08:30:00,PA,230,"122,7",MARABA,Acessar a via sem observar a presença dos outros veículos,Colisão transversal,Com Vítimas Feridas,Pleno dia,Decrescente,Nublado,Dupla,Reta,Sim,3,0,1,0,2,0,1,3,"-5,36137537","-49,12376139",SPRF-PA,DEL03-PA,UOP01-DEL03-PA
591936,24/03/2024,domingo,03:46:00,PA,316,"63,8",CASTANHAL,Acessar a via sem observar a presença dos outros veículos,Colisão transversal,Com Vítimas Feridas,Plena Noite,Crescente,Chuva,Dupla,Interseção de Vias;Reta,Sim,3,0,1,1,1,0,2,2,"-1,29679363","-47,92878096",SPRF-PA,DEL01-PA,UOP01-DEL01-PA
591971,05/04/2024,sexta-feira,16:27:00,PA,230,"118,8",MARABA,Ingestão de álcool pelo condutor,Colisão com objeto,Com Vítimas Feridas,Pleno dia,Crescente,Céu Claro,Dupla,Interseção de Vias,Sim,1,0,0,1,0,0,1,1,"-5,35193706","-49,09794103",SPRF-PA,DEL03-PA,UOP01-DEL03-PA
592083,06/04/2024,sábado,06:20:00,PA,222,53,DOM ELISEU,Velocidade Incompatível,Saída de leito carroçável,Com Vítimas Feridas,Amanhecer,Crescente,Nevoeiro/Neblina,Simples,Reta,Não,2,0,1,1,0,0,2,1,"-4,4273","-47,80125",SPRF-PA,DEL02-PA,UOP02-DEL02-PA
592204,06/04/2024,sábado,15:30:00,PA,230,124,MARABA,Conversão proibida,Colisão lateral mesmo sentido,Com Vítimas Feridas,Pleno dia,Crescente,Nublado,Simples,Reta,Sim,2,0,1,0,1,0,1,2,"-5,37407079","-49,13575802",SPRF-PA,DEL03-PA,UOP01-DEL03-PA
592214,06/04/2024,sábado,19:15:00,PA,155,327,MARABA,Retorno proibido,Colisão transversal,Sem Vítimas,Plena Noite,Crescente,Céu Claro,Simples,Reta,Não,2,0,0,0,2,0,0,2,"-5,51314591","-49,07405227",SPRF-PA,DEL03-PA,UOP01-DEL03-PA
592219,06/04/2024,sábado,18:30:00,PA,308,152,CAPANEMA,Ausência de reação do condutor,Colisão traseira,Com Vítimas Feridas,Plena Noite,Crescente,Céu Claro,Simples,Reta,Não,3,0,1,1,1,0,2,2,"-1,20594664","-47,17506821",SPRF-PA,DEL01-PA,UOP03-DEL01-PA
592331,06/04/2024,sábado,23:10:00,PA,10,354,SANTA MARIA DO PARA,Ingestão de substâncias psicoativas pelo condutor,Colisão transversal,Com Vítimas Feridas,Plena Noite,Crescente,Céu Claro,Simples,Reta,Sim,2,0,1,1,0,0,2,2,"-1,345684","-47,578111",SPRF-PA,DEL01-PA,UOP02-DEL01-PA
592336,07/04/2024,domingo,03:10:00,PA,10,323,SAO MIGUEL DO GUAMA,Deixar de acionar o farol da motocicleta (ou similar),Colisão frontal,Com Vítimas Feridas,Plena Noite,Crescente,Céu Claro,Simples,Reta,Sim,5,0,0,3,1,1,3,2,"-1,61088202","-47,48281005",SPRF-PA,DEL01-PA,UOP02-DEL01-PA
592369,07/04/2024,domingo,05:20:00,PA,308,153,CAPANEMA,Ausência de reação do condutor,Saída de leito carroçável,Sem Vítimas,Amanhecer,Crescente,Céu Claro,Simples,Reta;Declive,Sim,1,0,0,0,1,0,0,1,"-1,2039773","-47,1668111",SPRF-PA,DEL01-PA,UOP03-DEL01-PA
592533,07/04/2024,domingo,19:10:00,PA,222,97,RONDON DO PARA,Condutor deixou de manter distância do veículo da frente,Colisão traseira,Com Vítimas Fatais,Plena Noite,Decrescente,Nublado,Simples,Aclive,Não,3,2,0,0,0,1,0,2,"-4,731023","-48,019905",SPRF-PA,DEL02-PA,UOP02-DEL02-PA
593114,10/04/2024,quarta-feira,17:00:00,PA,316,77,SAO FRANCISCO DO PARA,Ausência de reação do condutor,Colisão traseira,Com Vítimas Feridas,Pleno dia,Crescente,Céu Claro,Simples,Reta,Não,3,0,0,1,2,0,1,2,"-1,30223447","-47,80628622",SPRF-PA,DEL01-PA,UOP01-DEL01-PA
593532,12/04/2024,sexta-feira,18:00:00,PA,230,116,MARABA,Demais falhas mecânicas ou elétricas,Incêndio,Sem Vítimas,Anoitecer,Decrescente,Céu Claro,Dupla,Declive,Sim,1,0,0,0,1,0,0,1,"-5,35947454","-49,08301084",SPRF-PA,DEL03-PA,UOP01-DEL03-PA
593603,12/04/2024,sexta-feira,17:20:00,PA,230,612,VITORIA DO XINGU,Ingestão de substâncias psicoativas pelo condutor,Capotamento,Com Vítimas Feridas,Pleno dia,Decrescente,Sol,Simples,Reta;Declive,Não,4,0,2,1,1,0,3,1,"-3,16061437","-51,99869183",SPRF-PA,DEL04-PA,UOP01-DEL04-PA
593939,14/04/2024,domingo,12:00:00,PA,316,"54,5",CASTANHAL,Ausência de reação do condutor,Colisão com objeto,Com Vítimas Feridas,Pleno dia,Crescente,Chuva,Dupla,Interseção de Vias;Curva,Sim,2,0,2,0,0,0,2,1,"-1,30608532","-48,00803597",SPRF-PA,DEL01-PA,UOP01-DEL01-PA
594404,16/04/2024,terça-feira,09:30:00,PA,230,117,MARABA,Reação tardia ou ineficiente do condutor,Colisão traseira,Com Vítimas Feridas,Pleno dia,Crescente,Nublado,Dupla,Aclive,Sim,3,0,2,0,1,0,2,2,"-5,35569904","-49,09047302",SPRF-PA,DEL03-PA,UOP01-DEL03-PA
594433,16/04/2024,terça-feira,23:00:00,PA,10,"50,5",SANTA IZABEL DO PARA,Ausência de reação do condutor,Saída de leito carroçável,Com Vítimas Feridas,Plena Noite,Decrescente,Céu Claro,Dupla,Curva,Não,1,0,1,0,0,0,1,1,"-1,306765","-48,039771",SPRF-PA,DEL02-PA,UOP02-DEL02-PA
594706,18/04/2024,quinta-feira,08:55:00,PA,230,616,VITORIA DO XINGU,Acesso irregular,Colisão transversal,Com Vítimas Feridas,Pleno dia,Decrescente,Céu Claro,Simples,Declive,Não,4,0,2,1,1,0,3,2,"-3,17010353","-52,03298199",SPRF-PA,DEL04-PA,UOP01-DEL04-PA
594734,18/04/2024,quinta-feira,10:33:00,PA,230,1120,ITAITUBA,Reação tardia ou ineficiente do condutor,Tombamento,Sem Vítimas,Pleno dia,Crescente,Céu Claro,Simples,Reta;Aclive,Não,1,0,0,0,0,1,0,1,"-4,3739758","-55,84671907",SPRF-PA,DEL05-PA,UOP02-DEL05-PA
594738,19/03/2024,terça-feira,12:00:00,PA,308,152,CAPANEMA,Acessar a via sem observar a presença dos outros veículos,Colisão transversal,Com Vítimas Feridas,Pleno dia,Decrescente,Céu Claro,Simples,Reta,Sim,2,0,1,0,1,0,1,2,"-1,20776503","-47,17798818",SPRF-PA,DEL01-PA,UOP03-DEL01-PA
594784,18/04/2024,quinta-feira,11:00:00,PA,222,161,ABEL FIGUEIREDO,Afundamento ou ondulação no pavimento,Saída de leito carroçável,Com Vítimas Feridas,Pleno dia,Crescente,Chuva,Simples,Reta,Não,1,0,1,0,0,0,1,1,"-5,007687","-48,499268",SPRF-PA,DEL03-PA,UOP01-DEL03-PA
594817,18/04/2024,quinta-feira,19:00:00,PA,316,49,CASTANHAL,Ausência de reação do condutor,Saída de leito carroçável,Com Vítimas Feridas,Plena Noite,Decrescente,Garoa/Chuvisco,Dupla,Curva,Não,1,0,1,0,0,0,1,1,"-1,29792183","-48,04943584",SPRF-PA,DEL01-PA,UOP01-DEL01-PA