id,data_inversa,dia_semana,horario,uf,br,km,municipio,causa_acidente,tipo_acidente,classificacao_acidente,fase_dia,sentido_via,condicao_metereologica,tipo_pista,tracado_via,uso_solo,pessoas,mortos,feridos_leves,feridos_graves,ilesos,ignorados,feridos,veiculos,latitude,longitude,regional,delegacia,uop
594845,18/04/2024,quinta-feira,19:15:00,PA,10,317,IRITUIA,Ausência de reação do condutor,Colisão traseira,Com Vítimas Feridas,Plena Noite,Crescente,Nublado,Simples,Reta,Não,3,0,0,2,1,0,2,2,"-1,653696","-47,491277",SPRF-PA,DEL01-PA,UOP02-DEL01-PA
595316,20/04/2024,sábado,18:10:00,PA,10,318,IRITUIA,Ausência de reação do condutor,Engavetamento,Com Vítimas Fatais,Plena Noite,Crescente,Chuva,Simples,Reta,Não,5,2,0,0,2,1,0,4,"-1,63698332","-47,48763084",SPRF-PA,DEL01-PA,UOP02-DEL01-PA
595408,20/04/2024,sábado,05:15:00,PA,230,120,MARABA,Reação tardia ou ineficiente do condutor,Queda de ocupante de veículo,Com Vítimas Fatais,Amanhecer,Crescente,Céu Claro,Dupla,Reta,Sim,2,1,0,1,0,0,1,1,"-5,35038318","-49,11434",SPRF-PA,DEL03-PA,UOP01-DEL03-PA
595566,21/04/2024,domingo,20:40:00,PA,163,969,SANTAREM,Ausência de reação do condutor,Atropelamento de Pedestre,Com Vítimas Feridas,Plena Noite,Crescente,Céu Claro,Simples,Reta,Não,2,0,0,1,0,1,1,2,"-2,66566","-54,838745",SPRF-PA,DEL05-PA,UOP01-DEL05-PA
595680,22/04/2024,segunda-feira,13:00:00,PA,230,121,MARABA,Ausência de reação do condutor,Colisão transversal,Com Vítimas Feridas,Pleno dia,Crescente,Céu Claro,Dupla,Retorno Regulamentado,Sim,2,0,1,0,1,0,1,2,"-5,35297407","-49,12143673",SPRF-PA,DEL03-PA,UOP01-DEL03-PA
596287,25/04/2024,quinta-feira,12:20:00,PA,230,120,MARABA,Ausência de reação do condutor,Colisão traseira,Com Vítimas Feridas,Pleno dia,Decrescente,Céu Claro,Dupla,Ponte;Reta,Sim,2,0,0,1,1,0,1,2,"-5,35038318","-49,11434",SPRF-PA,DEL03-PA,UOP01-DEL03-PA
596363,25/04/2024,quinta-feira,21:20:00,PA,316,"65,8",CASTANHAL,Condutor deixou de manter distância do veículo da frente,Colisão traseira,Com Vítimas Feridas,Plena Noite,Decrescente,Garoa/Chuvisco,Dupla,Reta,Sim,3,0,1,0,2,0,1,2,"-1,29580361","-47,91084002",SPRF-PA,DEL01-PA,UOP01-DEL01-PA
596600,26/04/2024,sexta-feira,21:35:00,PA,163,984,SANTAREM,Conversão proibida,Colisão transversal,Com Vítimas Feridas,Plena Noite,Decrescente,Nublado,Simples,Reta;Em Obras,Não,2,0,1,0,0,1,1,2,"-2,60947104","-54,72295996",SPRF-PA,DEL05-PA,UOP01-DEL05-PA
596767,27/04/2024,sábado,16:30:00,PA,230,620,ALTAMIRA,Acessar a via sem observar a presença dos outros veículos,Colisão transversal,Com Vítimas Feridas,Pleno dia,Decrescente,Céu Claro,Simples,Reta;Interseção de Vias,Não,2,0,2,0,0,0,2,2,"-3,17136829","-52,12704778",SPRF-PA,DEL04-PA,UOP01-DEL04-PA
596829,27/04/2024,sábado,21:45:00,PA,230,117,MARABA,Manobra de mudança de faixa,Colisão lateral mesmo sentido,Com Vítimas Feridas,Plena Noite,Crescente,Chuva,Dupla,Declive,Sim,5,0,2,0,3,0,2,2,"-5,35569904","-49,09047302",SPRF-PA,DEL03-PA,UOP01-DEL03-PA
596904,28/04/2024,domingo,08:15:00,PA,316,35,SANTA IZABEL DO PARA,Acessar a via sem observar a presença dos outros veículos,Colisão transversal,Sem Vítimas,Pleno dia,Crescente,Céu Claro,Dupla,Interseção de Vias,Sim,2,0,0,0,1,1,0,2,"-1,29146197","-48,164561",SPRF-PA,DEL01-PA,UOP01-DEL01-PA
596930,28/04/2024,domingo,04:30:00,PA,316,180,SANTA LUZIA DO PARA,Ausência de reação do condutor,Colisão com objeto,Com Vítimas Feridas,Amanhecer,Decrescente,Céu Claro,Simples,Reta,Não,1,0,0,1,0,0,1,1,"-1,40583911","-47,00639613",SPRF-PA,DEL01-PA,UOP03-DEL01-PA
597032,28/04/2024,domingo,18:15:00,PA,10,37,DOM ELISEU,Ingestão de álcool pelo condutor,Queda de ocupante de veículo,Com Vítimas Feridas,Anoitecer,Decrescente,Céu Claro,Simples,Reta,Não,1,0,0,1,0,0,1,1,"-4,126907","-47,548706",SPRF-PA,DEL02-PA,UOP02-DEL02-PA
597085,28/04/2024,domingo,22:45:00,PA,230,121,MARABA,Ausência de reação do condutor,Colisão com objeto,Com Vítimas Fatais,Plena Noite,Crescente,Céu Claro,Dupla,Reta,Sim,2,1,1,0,0,0,1,1,"-5,35297407","-49,12143673",SPRF-PA,DEL03-PA,UOP01-DEL03-PA
597166,29/04/2024,segunda-feira,07:30:00,PA,230,111,MARABA,Ausência de reação do condutor,Engavetamento,Com Vítimas Feridas,Pleno dia,Crescente,Céu Claro,Simples,Reta,Sim,8,0,2,0,6,0,2,3,"-5,37139594","-49,04004698",SPRF-PA,DEL03-PA,UOP01-DEL03-PA
597416,30/04/2024,terça-feira,09:00:00,PA,230,88,SAO JOAO DO ARAGUAIA,Acessar a via sem observar a presença dos outros veículos,Colisão transversal,Com Vítimas Fatais,Pleno dia,Crescente,Céu Claro,Simples,Reta,Não,2,1,0,0,1,0,0,2,"-5,47572","-48,86145",SPRF-PA,DEL03-PA,UOP01-DEL03-PA
597669,01/05/2024,quarta-feira,19:00:00,PA,163,"985,8",SANTAREM,Conversão proibida,Colisão frontal,Com Vítimas Feridas,Plena Noite,Crescente,Céu Claro,Simples,Reta,Sim,2,0,1,0,1,0,1,2,"-2,60170904","-54,7193154",SPRF-PA,DEL05-PA,UOP01-DEL05-PA
597997,03/05/2024,sexta-feira,11:30:00,PA,316,36,SANTA IZABEL DO PARA,Entrada inopinada do pedestre,Atropelamento de Pedestre,Com Vítimas Feridas,Pleno dia,Decrescente,Céu Claro,Dupla,Reta,Sim,2,0,0,1,1,0,1,2,"-1,29009976","-48,15602469",SPRF-PA,DEL01-PA,UOP01-DEL01-PA
598094,03/05/2024,sexta-feira,20:25:00,PA,230,1129,ITAITUBA,Ausência de reação do condutor,Colisão frontal,Com Vítimas Feridas,Plena Noite,Decrescente,Céu Claro,Simples,Curva;Aclive,Sim,3,0,1,1,1,0,2,2,"-4,39738563","-55,91015508",SPRF-PA,DEL05-PA,UOP02-DEL05-PA
598310,04/05/2024,sábado,18:00:00,PA,230,134,MARABA,Ausência de reação do condutor,Colisão com objeto,Com Vítimas Feridas,Plena Noite,Decrescente,Céu Claro,Simples,Ponte,Não,1,0,1,0,0,0,1,1,"-5,355738","-49,21170299",SPRF-PA,DEL03-PA,UOP01-DEL03-PA
598422,05/05/2024,domingo,09:10:00,PA,230,99,SAO JOAO DO ARAGUAIA,Manobra de mudança de faixa,Colisão frontal,Com Vítimas Fatais,Pleno dia,Decrescente,Céu Claro,Simples,Reta,Não,4,1,0,0,3,0,0,2,"-5,41297822","-48,9430982",SPRF-PA,DEL03-PA,UOP01-DEL03-PA
598547,05/05/2024,domingo,18:40:00,PA,10,78,ULIANOPOLIS,Conversão proibida,Colisão transversal,Com Vítimas Fatais,Plena Noite,Decrescente,Céu Claro,Simples,Reta;Declive,Sim,4,1,0,3,0,0,3,2,"-3,76491806","-47,50060976",SPRF-PA,DEL02-PA,UOP02-DEL02-PA
598680,06/05/2024,segunda-feira,15:00:00,PA,230,113,MARABA,Ausência de reação do condutor,Colisão traseira,Com Vítimas Feridas,Pleno dia,Decrescente,Céu Claro,Simples,Reta,Não,2,0,0,1,1,0,1,2,"-5,36689576","-49,05750094",SPRF-PA,DEL03-PA,UOP01-DEL03-PA
598767,06/05/2024,segunda-feira,23:40:00,PA,230,117,MARABA,Reação tardia ou ineficiente do condutor,Colisão com objeto,Com Vítimas Feridas,Plena Noite,Crescente,Nublado,Simples,Reta,Não,1,0,1,0,0,0,1,1,"-5,35569904","-49,09047302",SPRF-PA,DEL03-PA,UOP01-DEL03-PA
598811,07/05/2024,terça-feira,09:00:00,PA,316,36,SANTA IZABEL DO PARA,Acessar a via sem observar a presença dos outros veículos,Colisão transversal,Com Vítimas Feridas,Pleno dia,Crescente,Céu Claro,Dupla,Reta,Sim,2,0,1,1,0,0,2,2,"-1,29009976","-48,15602469",SPRF-PA,DEL01-PA,UOP01-DEL01-PA
598848,07/05/2024,terça-feira,13:00:00,PA,163,"985,8",MOJUI DOS CAMPOS,Acessar a via sem observar a presença dos outros veículos,Colisão transversal,Com Vítimas Feridas,Pleno dia,Decrescente,Céu Claro,Simples,Retorno Regulamentado,Sim,3,0,2,0,1,0,2,2,"-2,60170904","-54,7193154",SPRF-PA,DEL05-PA,UOP01-DEL05-PA
599263,09/05/2024,quinta-feira,11:45:00,PA,230,115,MARABA,Reação tardia ou ineficiente do condutor,Colisão traseira,Sem Vítimas,Pleno dia,Crescente,Céu Claro,Dupla,Retorno Regulamentado,Sim,3,0,0,0,3,0,0,2,"-5,36241425","-49,07496007",SPRF-PA,DEL03-PA,UOP01-DEL03-PA
599393,09/05/2024,quinta-feira,19:30:00,PA,316,82,SAO FRANCISCO DO PARA,Transitar na contramão,Colisão lateral sentido oposto,Com Vítimas Fatais,Plena Noite,Crescente,Céu Claro,Simples,Reta,Não,4,1,1,0,0,2,1,3,"-1,30709738","-47,76215689",SPRF-PA,DEL01-PA,UOP02-DEL01-PA
599435,24/04/2024,quarta-feira,17:30:00,PA,316,"60,9",CASTANHAL,Acessar a via sem observar a presença dos outros veículos,Colisão transversal,Com Vítimas Feridas,Anoitecer,Crescente,Ignorado,Dupla,Reta;Retorno Regulamentado,Sim,2,0,1,0,1,0,1,2,"-1,29686015","-47,94639002",SPRF-PA,DEL01-PA,UOP01-DEL01-PA
599563,10/05/2024,sexta-feira,18:00:00,PA,316,53,CASTANHAL,Condutor deixou de manter distância do veículo da frente,Colisão traseira,Sem Vítimas,Anoitecer,Crescente,Nublado,Dupla,Reta,Não,2,0,0,0,2,0,0,2,"-1,30643485","-48,01696002",SPRF-PA,DEL01-PA,UOP01-DEL01-PA
599588,10/05/2024,sexta-feira,19:30:00,PA,155,344,MARABA,Ultrapassagem Indevida,Colisão frontal,Com Vítimas Feridas,Plena Noite,Crescente,Céu Claro,Simples,Reta,Sim,2,0,1,0,1,0,1,2,"-5,36957395","-49,07796968",SPRF-PA,DEL03-PA,UOP01-DEL03-PA
599722,11/05/2024,sábado,06:30:00,PA,10,19,DOM ELISEU,Ingestão de álcool pelo condutor,Queda de ocupante de veículo,Com Vítimas Feridas,Amanhecer,Crescente,Nevoeiro/Neblina,Simples,Reta,Sim,1,0,1,0,0,0,1,1,"-4,28420096","-47,55821975",SPRF-PA,DEL02-PA,UOP02-DEL02-PA
600211,13/05/2024,segunda-feira,09:40:00,PA,230,118,MARABA,Demais falhas mecânicas ou elétricas,Incêndio,Sem Vítimas,Pleno dia,Crescente,Céu Claro,Dupla,Reta,Sim,1,0,0,0,1,0,0,1,"-5,35193706","-49,09794103",SPRF-PA,DEL03-PA,UOP01-DEL03-PA
600295,13/05/2024,segunda-feira,11:00:00,PA,316,62,CASTANHAL,Ausência de reação do condutor,Colisão traseira,Com Vítimas Feridas,Pleno dia,Crescente,Céu Claro,Dupla,Reta,Sim,4,0,2,0,2,0,2,2,"-1,29786885","-47,93764104",SPRF-PA,DEL01-PA,UOP01-DEL01-PA
600419,12/05/2024,domingo,20:30:00,PA,230,736,MEDICILANDIA,Reação tardia ou ineficiente do condutor,Colisão traseira,Com Vítimas Fatais,Plena Noite,Crescente,Céu Claro,Simples,Reta,Não,3,1,0,1,0,1,1,2,"-3,442839","-52,848124",SPRF-PA,DEL04-PA,UOP01-DEL04-PA
600555,14/05/2024,terça-feira,18:50:00,PA,316,91,SAO FRANCISCO DO PARA,Transitar no Acostamento,Colisão com objeto,Com Vítimas Feridas,Plena Noite,Crescente,Céu Claro,Simples,Reta,Não,1,0,1,0,0,0,1,1,"-1,322976","-47,671758",SPRF-PA,DEL01-PA,UOP02-DEL01-PA
600635,15/05/2024,quarta-feira,08:45:00,PA,316,"61,2",CASTANHAL,Manobra de mudança de faixa,Colisão lateral mesmo sentido,Com Vítimas Feridas,Pleno dia,Decrescente,Céu Claro,Dupla,Reta,Sim,2,0,1,0,1,0,1,2,"-1,29686015","-47,94639002",SPRF-PA,DEL01-PA,UOP01-DEL01-PA
600819,15/05/2024,quarta-feira,15:45:00,PA,10,340,SAO MIGUEL DO GUAMA,Demais falhas mecânicas ou elétricas,Saída de leito carroçável,Com Vítimas Feridas,Pleno dia,Crescente,Nublado,Simples,Reta,Não,3,0,3,0,0,0,3,1,"-1,46695196","-47,53338287",SPRF-PA,DEL01-PA,UOP02-DEL01-PA
600854,16/05/2024,quinta-feira,08:40:00,PA,316,110,SANTA MARIA DO PARA,Acessar a via sem observar a presença dos outros veículos,Colisão transversal,Com Vítimas Feridas,Pleno dia,Crescente,Céu Claro,Simples,Reta;Interseção de Vias,Sim,4,0,3,0,1,0,3,2,"-1,316513","-47,510799",SPRF-PA,DEL01-PA,UOP02-DEL01-PA
601027,17/05/2024,sexta-feira,09:00:00,PA,230,122,MARABA,Reação tardia ou ineficiente do condutor,Colisão traseira,Sem Vítimas,Pleno dia,Decrescente,Céu Claro,Dupla,Reta,Sim,2,0,0,0,2,0,0,2,"-5,36137537","-49,12376139",SPRF-PA,DEL03-PA,UOP01-DEL03-PA
601112,17/05/2024,sexta-feira,17:00:00,PA,316,65,CASTANHAL,Ausência de reação do condutor,Colisão traseira,Sem Vítimas,Pleno dia,Crescente,Céu Claro,Dupla,Reta,Sim,7,0,0,0,5,2,0,3,"-1,29573","-47,90829",SPRF-PA,DEL01-PA,UOP01-DEL01-PA
601119,22/03/2024,sexta-feira,01:07:00,PA,163,311,NOVO PROGRESSO,Pedestre - Ingestão de álcool/ substâncias psicoativas,Atropelamento de Pedestre,Com Vítimas Fatais,Plena Noite,Decrescente,Ignorado,Simples,Reta,Sim,2,1,0,0,0,1,0,2,"-7,0420774","-55,41388035",SPRF-PA,DEL05-PA,UOP02-DEL05-PA
601181,17/05/2024,sexta-feira,19:15:00,PA,230,93,SAO JOAO DO ARAGUAIA,Reação tardia ou ineficiente do condutor,Colisão traseira,Sem Vítimas,Plena Noite,Crescente,Céu Claro,Simples,Reta,Não,2,0,0,0,1,1,0,2,"-5,44787864","-48,90256682",SPRF-PA,DEL03-PA,UOP01-DEL03-PA
601561,19/05/2024,domingo,07:00:00,PA,163,603,ITAITUBA,Ingestão de álcool pelo condutor,Tombamento,Com Vítimas Feridas,Pleno dia,Crescente,Céu Claro,Simples,Reta,Não,1,0,0,1,0,0,1,1,"-4,82294307","-56,12476891",SPRF-PA,DEL05-PA,UOP02-DEL05-PA
601592,19/05/2024,domingo,08:30:00,PA,316,66,CASTANHAL,Transitar na contramão,Colisão lateral sentido oposto,Com Vítimas Feridas,Pleno dia,Crescente,Céu Claro,Dupla,Reta,Sim,2,0,2,0,0,0,2,2,"-1,29533525","-47,90182499",SPRF-PA,DEL01-PA,UOP01-DEL01-PA
601604,19/05/2024,domingo,03:45:00,PA,10,"7,5",DOM ELISEU,Ingestão de álcool pelo condutor,Colisão com objeto,Com Vítimas Fatais,Plena Noite,Crescente,Nublado,Simples,Reta;Ponte,Não,3,1,1,0,1,0,1,3,"-4,38439306","-47,53529121",SPRF-PA,DEL02-PA,UOP02-DEL02-PA
601665,19/05/2024,domingo,19:00:00,PA,316,80,SAO FRANCISCO DO PARA,Ausência de reação do condutor,Colisão traseira,Com Vítimas Feridas,Plena Noite,Crescente,Nublado,Simples,Reta,Não,2,0,0,1,1,0,1,2,"-1,30406","-47,779755",SPRF-PA,DEL01-PA,UOP02-DEL01-PA
601850,20/05/2024,segunda-feira,16:20:00,PA,316,71,CASTANHAL,Acessar a via sem observar a presença dos outros veículos,Colisão transversal,Com Vítimas Feridas,Pleno dia,Decrescente,Céu Claro,Simples,Reta,Não,2,0,0,1,1,0,1,2,"-1,29062917","-47,85733898",SPRF-PA,DEL01-PA,UOP01-DEL01-PA
601900,20/05/2024,segunda-feira,20:27:00,PA,316,59,CASTANHAL,Acessar a via sem observar a presença dos outros veículos,Colisão traseira,Com Vítimas Feridas,Plena Noite,Crescente,Nublado,Dupla,Retorno Regulamentado;Reta,Sim,5,0,2,0,3,0,2,2,"-1,29878288","-47,96418102",SPRF-PA,DEL01-PA,UOP01-DEL01-PA
602056,21/05/2024,terça-feira,09:30:00,PA,10,"124,4",PARAGOMINAS,Transitar na contramão,Colisão transversal,Com Vítimas Feridas,Pleno dia,Crescente,Céu Claro,Simples,Reta;Declive,Não,7,0,7,0,0,0,7,2,"-3,35695004","-47,45237316",SPRF-PA,DEL02-PA,UOP01-DEL02-PA
602094,21/05/2024,terça-feira,18:40:00,PA,316,24,BENEVIDES,Reação tardia ou ineficiente do condutor,Colisão traseira,Com Vítimas Feridas,Plena Noite,Crescente,Chuva,Dupla,Reta,Não,3,0,1,1,1,0,2,2,"-1,34599732","-48,25152822",SPRF-PA,DEL01-PA,UOP01-DEL01-PA
602213,22/05/2024,quarta-feira,10:50:00,PA,316,93,IGARAPE-ACU,Manobra de mudança de faixa,Colisão transversal,Sem Vítimas,Pleno dia,Crescente,Céu Claro,Simples,Reta,Não,3,0,0,0,3,0,0,2,"-1,32412974","-47,66551295",SPRF-PA,DEL01-PA,UOP02-DEL01-PA
602224,22/05/2024,quarta-feira,13:30:00,PA,230,116,MARABA,Ausência de reação do condutor,Queda de ocupante de veículo,Com Vítimas Feridas,Pleno dia,Crescente,Céu Claro,Dupla,Reta;Declive,Sim,2,0,0,1,1,0,1,1,"-5,35947454","-49,08301084",SPRF-PA,DEL03-PA,UOP01-DEL03-PA
602276,22/05/2024,quarta-feira,18:15:00,PA,316,"64,8",CASTANHAL,Ausência de reação do condutor,Tombamento,Com Vítimas Feridas,Anoitecer,Decrescente,Nublado,Dupla,Reta,Sim,2,0,2,0,0,0,2,1,"-1,29629557","-47,91983997",SPRF-PA,DEL01-PA,UOP01-DEL01-PA
602400,23/05/2024,quinta-feira,09:15:00,PA,230,120,MARABA,Ausência de reação do condutor,Engavetamento,Sem Vítimas,Pleno dia,Decrescente,Céu Claro,Dupla,Reta;Ponte,Sim,4,0,0,0,4,0,0,4,"-5,35038318","-49,11434",SPRF-PA,DEL03-PA,UOP01-DEL03-PA
602435,23/05/2024,quinta-feira,15:40:00,PA,163,"992,6",SANTAREM,Conversão proibida,Colisão transversal,Com Vítimas Feridas,Pleno dia,Crescente,Céu Claro,Simples,Reta,Sim,5,0,2,0,3,0,2,2,"-2,538837","-54,722717",SPRF-PA,DEL05-PA,UOP01-DEL05-PA
602661,24/05/2024,sexta-feira,12:40:00,PA,230,"11,7",ALTAMIRA,Acessar a via sem observar a presença dos outros veículos,Colisão transversal,Com Vítimas Feridas,Pleno dia,Decrescente,Céu Claro,Simples,Aclive;Curva,Sim,3,0,1,0,2,0,1,2,"-3,19793851","-52,23623157",SPRF-PA,DEL04-PA,UOP01-DEL04-PA
602737,24/05/2024,sexta-feira,18:50:00,PA,155,313,MARABA,Transitar na contramão,Colisão frontal,Com Vítimas Fatais,Anoitecer,Decrescente,Céu Claro,Simples,Reta;Ponte,Não,3,1,0,1,0,1,1,3,"-5,63103584","-49,09737018",SPRF-PA,DEL03-PA,UOP01-DEL03-PA
603283,26/05/2024,domingo,23:15:00,PA,10,"161,3",PARAGOMINAS,Manobra de mudança de faixa,Colisão transversal,Com Vítimas Feridas,Plena Noite,Decrescente,Nublado,Simples,Reta,Sim,2,0,0,1,0,1,1,2,"-3,0272761","-47,46507953",SPRF-PA,DEL02-PA,UOP01-DEL02-PA
603286,27/05/2024,segunda-feira,07:00:00,PA,316,107,SANTA MARIA DO PARA,Ausência de reação do condutor,Colisão lateral mesmo sentido,Sem Vítimas,Pleno dia,Decrescente,Céu Claro,Simples,Reta,Sim,2,0,0,0,2,0,0,2,"-1,33767446","-47,54282581",SPRF-PA,DEL01-PA,UOP02-DEL01-PA
603294,27/05/2024,segunda-feira,07:00:00,PA,316,"41,7",SANTA IZABEL DO PARA,Ausência de reação do condutor,Colisão lateral mesmo sentido,Com Vítimas Feridas,Pleno dia,Crescente,Céu Claro,Dupla,Reta,Não,3,0,2,0,1,0,2,2,"-1,27865788","-48,113552",SPRF-PA,DEL01-PA,UOP01-DEL01-PA
603646,28/05/2024,terça-feira,20:30:00,PA,230,117,MARABA,Condutor deixou de manter distância do veículo da frente,Colisão traseira,Com Vítimas Feridas,Plena Noite,Crescente,Céu Claro,Dupla,Retorno Regulamentado;Declive,Sim,4,0,2,1,0,1,3,3,"-5,35569904","-49,09047302",SPRF-PA,DEL03-PA,UOP01-DEL03-PA
603651,28/05/2024,terça-feira,20:15:00,PA,10,0,DOM ELISEU,Reação tardia ou ineficiente do condutor,Colisão lateral mesmo sentido,Com Vítimas Fatais,Plena Noite,Crescente,Céu Claro,Simples,Reta,Não,3,1,0,0,0,2,0,2,"-4,4441293","-47,5312754",SPRF-PA,DEL02-PA,UOP02-DEL02-PA
603716,29/05/2024,quarta-feira,07:30:00,PA,230,120,MARABA,Ausência de reação do condutor,Colisão traseira,Com Vítimas Feridas,Pleno dia,Decrescente,Céu Claro,Dupla,Reta,Sim,3,0,0,1,2,0,1,2,"-5,35038318","-49,11434",SPRF-PA,DEL03-PA,UOP01-DEL03-PA
603871,29/05/2024,quarta-feira,16:10:00,PA,155,"343,9",MARABA,Condutor deixou de manter distância do veículo da frente,Colisão lateral mesmo sentido,Com Vítimas Feridas,Pleno dia,Crescente,Céu Claro,Simples,Reta,Sim,2,0,0,1,1,0,1,2,"-5,36957395","-49,07796968",SPRF-PA,DEL03-PA,UOP01-DEL03-PA
604275,31/05/2024,sexta-feira,14:50:00,PA,316,40,SANTA IZABEL DO PARA,Avarias e/ou desgaste excessivo no pneu,Saída de leito carroçável,Com Vítimas Feridas,Pleno dia,Decrescente,Céu Claro,Dupla,Reta,Não,1,0,0,1,0,0,1,1,"-1,2795637","-48,12243407",SPRF-PA,DEL01-PA,UOP01-DEL01-PA
604554,01/06/2024,sábado,22:33:00,PA,230,98,SAO JOAO DO ARAGUAIA,Ausência de reação do condutor,Colisão frontal,Com Vítimas Feridas,Plena Noite,Decrescente,Céu Claro,Simples,Interseção de Vias;Reta,Sim,2,0,1,0,0,1,1,2,"-5,41919096","-48,93656196",SPRF-PA,DEL03-PA,UOP01-DEL03-PA
604609,02/06/2024,domingo,04:20:00,PA,230,562,ANAPU,Ingestão de álcool pelo condutor,Colisão frontal,Com Vítimas Feridas,Plena Noite,Crescente,Céu Claro,Simples,Curva;Declive,Sim,2,0,1,0,1,0,1,2,"-3,11028754","-51,63119979",SPRF-PA,DEL04-PA,UOP01-DEL04-PA
604645,02/06/2024,domingo,10:20:00,PA,316,106,SANTA MARIA DO PARA,Ausência de reação do condutor,Colisão transversal,Com Vítimas Feridas,Pleno dia,Crescente,Céu Claro,Simples,Reta,Não,3,0,2,1,0,0,3,2,"-1,34101996","-47,55122901",SPRF-PA,DEL01-PA,UOP02-DEL01-PA
604662,02/06/2024,domingo,12:05:00,PA,155,"343,4",MARABA,Ultrapassagem Indevida,Colisão frontal,Com Vítimas Fatais,Pleno dia,Decrescente,Céu Claro,Simples,Reta,Não,4,1,2,0,1,0,2,2,"-5,36957395","-49,07796968",SPRF-PA,DEL03-PA,UOP01-DEL03-PA
604750,29/05/2024,quarta-feira,15:00:00,PA,230,"804,5",URUARA,Reação tardia ou ineficiente do condutor,Colisão frontal,Com Vítimas Fatais,Pleno dia,Crescente,Céu Claro,Simples,Reta;Declive,Sim,2,1,0,1,0,0,1,2,"-3,65078833","-53,48640399",SPRF-PA,DEL04-PA,UOP01-DEL04-PA
604836,02/06/2024,domingo,22:30:00,PA,163,980,SANTAREM,Ausência de reação do condutor,Saída de leito carroçável,Com Vítimas Feridas,Plena Noite,Crescente,Céu Claro,Simples,Reta,Sim,1,0,1,0,0,0,1,1,"-2,63482156","-54,74836014",SPRF-PA,DEL05-PA,UOP01-DEL05-PA
604974,03/06/2024,segunda-feira,09:35:00,PA,163,982,SANTAREM,Acesso irregular,Colisão lateral mesmo sentido,Com Vítimas Feridas,Pleno dia,Crescente,Céu Claro,Simples,Reta,Sim,3,0,0,2,1,0,2,2,"-2,6226074","-54,73532058",SPRF-PA,DEL05-PA,UOP01-DEL05-PA
605084,04/06/2024,terça-feira,03:50:00,PA,163,994,SANTAREM,Acessar a via sem observar a presença dos outros veículos,Colisão traseira,Com Vítimas Feridas,Plena Noite,Crescente,Chuva,Simples,Reta,Não,2,0,1,0,1,0,1,2,"-2,52083003","-54,72278618",SPRF-PA,DEL05-PA,UOP01-DEL05-PA
605320,05/06/2024,quarta-feira,12:07:00,PA,316,61,CASTANHAL,Ausência de reação do condutor,Colisão traseira,Com Vítimas Feridas,Pleno dia,Crescente,Céu Claro,Dupla,Reta,Sim,3,0,0,1,2,0,1,2,"-1,29686015","-47,94639002",SPRF-PA,DEL01-PA,UOP01-DEL01-PA
605769,07/06/2024,sexta-feira,15:30:00,PA,316,99,SAO FRANCISCO DO PARA,Ausência de reação do condutor,Colisão traseira,Com Vítimas Feridas,Pleno dia,Crescente,Céu Claro,Simples,Reta,Não,2,0,0,1,1,0,1,2,"-1,33342734","-47,61283806",SPRF-PA,DEL01-PA,UOP02-DEL01-PA
606191,08/06/2024,sábado,20:00:00,PA,155,275,ELDORADO DO CARAJAS,Animais na Pista,Atropelamento de Animal,Sem Vítimas,Plena Noite,Crescente,Céu Claro,Simples,Reta,Não,1,0,0,0,1,0,0,1,"-5,93879594","-49,21790341",SPRF-PA,DEL03-PA,UOP01-DEL03-PA
606479,10/06/2024,segunda-feira,08:30:00,PA,230,121,MARABA,Condutor desrespeitou a iluminação vermelha do semáforo,Colisão transversal,Sem Vítimas,Pleno dia,Crescente,Céu Claro,Simples,Interseção de Vias,Sim,2,0,0,0,2,0,0,2,"-5,35038318","-49,11434",SPRF-PA,DEL03-PA,UOP01-DEL03-PA
606525,10/06/2024,segunda-feira,11:30:00,PA,316,61,CASTANHAL,Acessar a via sem observar a presença dos outros veículos,Colisão transversal,Com Vítimas Feridas,Pleno dia,Crescente,Céu Claro,Simples,Reta,Sim,2,0,0,1,1,0,1,2,"-1,29686015","-47,94639002",SPRF-PA,DEL01-PA,UOP01-DEL01-PA