id,data_inversa,dia_semana,horario,uf,br,km,municipio,causa_acidente,tipo_acidente,classificacao_acidente,fase_dia,sentido_via,condicao_metereologica,tipo_pista,tracado_via,uso_solo,pessoas,mortos,feridos_leves,feridos_graves,ilesos,ignorados,feridos,veiculos,latitude,longitude,regional,delegacia,uop
628540,16/09/2024,segunda-feira,13:35:00,PA,163,982,SANTAREM,Acessar a via sem observar a presença dos outros veículos,Colisão transversal,Com Vítimas Feridas,Pleno dia,Crescente,Céu Claro,Simples,Interseção de Vias;Reta,Sim,2,0,1,0,1,0,1,2,"-2,6226074","-54,73532058",SPRF-PA,DEL05-PA,UOP01-DEL05-PA
628562,16/09/2024,segunda-feira,11:45:00,PA,316,"194,9",SANTA LUZIA DO PARA,Manobra de mudança de faixa,Colisão lateral sentido oposto,Com Vítimas Feridas,Pleno dia,Crescente,Céu Claro,Simples,Reta;Aclive,Sim,4,0,0,3,1,0,3,2,"-1,514245","-46,9079",SPRF-PA,DEL01-PA,UOP03-DEL01-PA
629182,19/09/2024,quinta-feira,13:30:00,PA,163,562,TRAIRAO,Transitar na contramão,Colisão frontal,Com Vítimas Feridas,Pleno dia,Crescente,Sol,Simples,Reta,Não,4,0,1,0,3,0,1,2,"-5,10709729","-56,12305817",SPRF-PA,DEL05-PA,UOP03-DEL05-PA
629321,20/09/2024,sexta-feira,08:36:00,PA,0,0,BELEM,Conversão proibida,Colisão transversal,Com Vítimas Feridas,Pleno dia,Não Informado,Céu Claro,Múltipla,Reta,Sim,2,0,1,0,1,0,1,2,"-1,42223583","-48,45124915",SPRF-PA,,
629521,21/09/2024,sábado,05:10:00,PA,316,30,SANTA IZABEL DO PARA,Ausência de reação do condutor,Saída de leito carroçável,Com Vítimas Fatais,Amanhecer,Decrescente,Céu Claro,Dupla,Reta,Não,1,1,0,0,0,0,0,1,"-1,30604012","-48,20471397",SPRF-PA,DEL01-PA,UOP01-DEL01-PA
629983,22/09/2024,domingo,23:45:00,PA,230,119,MARABA,Transitar na contramão,Colisão lateral sentido oposto,Com Vítimas Feridas,Plena Noite,Decrescente,Céu Claro,Dupla,Reta,Sim,3,0,1,0,2,0,1,2,"-5,350407","-49,105981",SPRF-PA,DEL03-PA,UOP01-DEL03-PA
630138,23/09/2024,segunda-feira,17:30:00,PA,10,1,DOM ELISEU,Ingestão de álcool pelo condutor,Tombamento,Com Vítimas Feridas,Pleno dia,Decrescente,Céu Claro,Simples,Reta,Sim,3,0,2,1,0,0,3,2,"-4,436798","-47,536163",SPRF-PA,DEL02-PA,UOP02-DEL02-PA
630145,23/09/2024,segunda-feira,19:10:00,PA,10,313,IRITUIA,Condutor deixou de manter distância do veículo da frente,Colisão lateral mesmo sentido,Com Vítimas Fatais,Plena Noite,Crescente,Céu Claro,Simples,Reta,Não,3,1,2,0,0,0,2,2,"-1,69309796","-47,50215758",SPRF-PA,DEL01-PA,UOP02-DEL01-PA
630511,25/09/2024,quarta-feira,18:10:00,PA,10,339,SAO MIGUEL DO GUAMA,Acessar a via sem observar a presença dos outros veículos,Colisão lateral mesmo sentido,Com Vítimas Feridas,Plena Noite,Decrescente,Céu Claro,Simples,Reta,Não,3,0,1,1,1,0,2,2,"-1,47568203","-47,53096212",SPRF-PA,DEL01-PA,UOP02-DEL01-PA
630554,25/09/2024,quarta-feira,20:30:00,PA,230,4,ALTAMIRA,Ingestão de álcool pelo condutor,Colisão traseira,Sem Vítimas,Plena Noite,Decrescente,Céu Claro,Simples,Reta,Sim,2,0,0,0,2,0,0,2,"-3,203721","-52,206787",SPRF-PA,DEL04-PA,UOP01-DEL04-PA
630789,26/09/2024,quinta-feira,13:20:00,PA,10,61,CASTANHAL,Acessar a via sem observar a presença dos outros veículos,Colisão transversal,Com Vítimas Feridas,Pleno dia,Decrescente,Sol,Dupla,Reta,Sim,2,0,0,1,1,0,1,2,"-1,297057","-47,933688",SPRF-PA,DEL02-PA,UOP02-DEL02-PA
630856,27/09/2024,sexta-feira,11:50:00,PA,10,"213,8",IPIXUNA DO PARA,Reação tardia ou ineficiente do condutor,Colisão traseira,Com Vítimas Feridas,Pleno dia,Decrescente,Sol,Simples,Reta,Não,2,0,1,0,1,0,1,2,"-2,56547102","-47,49270611",SPRF-PA,DEL02-PA,UOP01-DEL02-PA
630882,27/09/2024,sexta-feira,12:43:00,PA,0,0,ITAITUBA,Ausência de reação do condutor,Colisão transversal,Sem Vítimas,Pleno dia,Não Informado,Céu Claro,Simples,Interseção de Vias,Sim,5,0,0,0,5,0,0,3,"-4,252359","-55,996167",SPRF-PA,DEL05-PA,UOP02-DEL05-PA
630942,11/09/2024,quarta-feira,14:22:00,PA,163,310,NOVO PROGRESSO,Reação tardia ou ineficiente do condutor,Queda de ocupante de veículo,Com Vítimas Feridas,Pleno dia,Crescente,Céu Claro,Dupla,Reta,Não,2,0,2,0,0,0,2,1,"-7,05689687","-55,40799968",SPRF-PA,DEL05-PA,UOP03-DEL05-PA
630947,27/09/2024,sexta-feira,14:30:00,PA,163,593,TRAIRAO,Conversão proibida,Colisão transversal,Com Vítimas Feridas,Pleno dia,Decrescente,Céu Claro,Simples,Reta,Não,4,0,1,1,2,0,2,2,"-4,8884589","-56,17556711",SPRF-PA,DEL05-PA,UOP03-DEL05-PA
631096,28/09/2024,sábado,08:03:00,PA,230,120,MARABA,Ausência de reação do condutor,Colisão transversal,Com Vítimas Feridas,Pleno dia,Decrescente,Céu Claro,Dupla,Reta,Sim,2,0,1,0,1,0,1,2,"-5,35038318","-49,11434",SPRF-PA,DEL03-PA,UOP01-DEL03-PA
631270,28/09/2024,sábado,22:30:00,PA,230,582,VITORIA DO XINGU,Animais na Pista,Atropelamento de Animal,Com Vítimas Feridas,Plena Noite,Crescente,Céu Claro,Simples,Declive;Reta,Não,1,0,1,0,0,0,1,1,"-3,121691","-51,77373",SPRF-PA,DEL04-PA,UOP01-DEL04-PA
631330,28/09/2024,sábado,22:10:00,PA,10,355,SANTA MARIA DO PARA,Acessar a via sem observar a presença dos outros veículos,Colisão frontal,Com Vítimas Feridas,Plena Noite,Decrescente,Céu Claro,Simples,Reta,Sim,2,0,0,1,1,0,1,2,"-1,34360669","-47,57872903",SPRF-PA,DEL01-PA,UOP02-DEL01-PA
631512,30/09/2024,segunda-feira,02:30:00,PA,230,119,MARABA,Reação tardia ou ineficiente do condutor,Colisão com objeto,Com Vítimas Feridas,Plena Noite,Crescente,Céu Claro,Dupla,Reta,Sim,2,0,2,0,0,0,2,1,"-5,350407","-49,105981",SPRF-PA,DEL03-PA,UOP01-DEL03-PA
631652,30/09/2024,segunda-feira,09:20:00,PA,230,720,MEDICILANDIA,Condutor deixou de manter distância do veículo da frente,Colisão traseira,Sem Vítimas,Pleno dia,Crescente,Sol,Simples,Reta;Declive,Não,2,0,0,0,2,0,0,2,"-3,38679021","-52,68895792",SPRF-PA,DEL04-PA,UOP01-DEL04-PA
631819,01/10/2024,terça-feira,11:00:00,PA,316,56,CASTANHAL,Ausência de reação do condutor,Colisão lateral mesmo sentido,Com Vítimas Feridas,Pleno dia,Decrescente,Sol,Dupla,Reta,Sim,4,0,2,0,1,1,2,3,"-1,30296976","-47,99063907",SPRF-PA,DEL01-PA,UOP01-DEL01-PA
631912,01/10/2024,terça-feira,17:20:00,PA,10,"164,5",PARAGOMINAS,Conversão proibida,Colisão lateral mesmo sentido,Com Vítimas Feridas,Pleno dia,Decrescente,Sol,Simples,Reta,Sim,3,0,0,1,2,0,1,2,"-3,00069103","-47,45901787",SPRF-PA,DEL02-PA,UOP01-DEL02-PA
632074,02/10/2024,quarta-feira,14:40:00,PA,0,0,BELEM,Acessar a via sem observar a presença dos outros veículos,Colisão transversal,Sem Vítimas,Pleno dia,Não Informado,Céu Claro,Múltipla,Reta,Sim,2,0,0,0,2,0,0,2,"-1,43270223","-48,49080208",SPRF-PA,,
632155,02/10/2024,quarta-feira,18:20:00,PA,10,10,DOM ELISEU,Ultrapassagem Indevida,Colisão frontal,Com Vítimas Feridas,Plena Noite,Crescente,Céu Claro,Simples,Reta,Não,4,0,0,1,3,0,1,2,"-4,357685","-47,536694",SPRF-PA,DEL02-PA,UOP02-DEL02-PA
632244,03/10/2024,quinta-feira,09:00:00,PA,316,150,CAPANEMA,Ingestão de álcool pelo condutor,Colisão transversal,Com Vítimas Feridas,Pleno dia,Decrescente,Sol,Simples,Reta,Sim,3,0,0,1,2,0,1,2,"-1,213505","-47,180537",SPRF-PA,DEL01-PA,UOP03-DEL01-PA
632337,03/10/2024,quinta-feira,17:35:00,PA,316,102,SANTA MARIA DO PARA,Ausência de reação do condutor,Colisão traseira,Com Vítimas Feridas,Pleno dia,Decrescente,Nublado,Simples,Curva,Sim,2,0,2,0,0,0,2,2,"-1,33808348","-47,58656009",SPRF-PA,DEL01-PA,UOP02-DEL01-PA
632345,19/09/2024,quinta-feira,19:22:00,PA,0,0,BELEM,Demais falhas na via,Tombamento,Com Vítimas Feridas,Plena Noite,Não Informado,Garoa/Chuvisco,Simples,Reta,Sim,2,0,1,0,1,0,1,2,"-1,455113","-48,504425",SPRF-PA,,
632505,04/10/2024,sexta-feira,11:30:00,PA,222,"18,2",DOM ELISEU,Acessar a via sem observar a presença dos outros veículos,Colisão transversal,Com Vítimas Fatais,Pleno dia,Decrescente,Sol,Simples,Reta,Não,3,1,0,0,2,0,0,3,"-4,293095","-47,556904",SPRF-PA,DEL02-PA,UOP02-DEL02-PA
632604,04/10/2024,sexta-feira,20:30:00,PA,10,246,AURORA DO PARA,Condutor deixou de manter distância do veículo da frente,Colisão traseira,Com Vítimas Feridas,Plena Noite,Decrescente,Céu Claro,Simples,Reta,Sim,2,0,1,0,1,0,1,2,"-2,28581501","-47,56352781",SPRF-PA,DEL02-PA,UOP01-DEL02-PA
632674,05/10/2024,sábado,06:30:00,PA,163,"994,3",SANTAREM,Afundamento ou ondulação no pavimento,Saída de leito carroçável,Com Vítimas Feridas,Amanhecer,Crescente,Céu Claro,Simples,Reta,Não,4,0,3,0,1,0,3,1,"-2,52083003","-54,72278618",SPRF-PA,DEL05-PA,UOP01-DEL05-PA
632724,05/10/2024,sábado,10:20:00,PA,316,62,CASTANHAL,Manobra de mudança de faixa,Colisão lateral mesmo sentido,Sem Vítimas,Pleno dia,Crescente,Céu Claro,Dupla,Reta,Sim,2,0,0,0,2,0,0,2,"-1,296805","-47,930181",SPRF-PA,DEL01-PA,UOP01-DEL01-PA
632749,05/10/2024,sábado,09:40:00,PA,163,951,BELTERRA,Acostamento em desnível,Saída de leito carroçável,Com Vítimas Feridas,Pleno dia,Crescente,Céu Claro,Simples,Reta,Não,1,0,1,0,0,0,1,1,"-2,79412901","-54,90000471",SPRF-PA,DEL05-PA,UOP01-DEL05-PA
632757,03/10/2024,quinta-feira,04:35:00,PA,316,51,SANTA IZABEL DO PARA,Ausência de reação do condutor,Tombamento,Com Vítimas Feridas,Plena Noite,Crescente,Céu Claro,Dupla,Reta,Não,1,0,1,0,0,0,1,1,"-1,30696138","-48,03478",SPRF-PA,DEL01-PA,UOP01-DEL01-PA
632822,05/10/2024,sábado,19:45:00,PA,230,102,SAO JOAO DO ARAGUAIA,Transitar na contramão,Colisão frontal,Com Vítimas Feridas,Plena Noite,Crescente,Céu Claro,Simples,Reta,Não,5,0,5,0,0,0,5,2,"-5,39453222","-48,96289821",SPRF-PA,DEL03-PA,UOP01-DEL03-PA
632853,05/10/2024,sábado,20:45:00,PA,230,579,VITORIA DO XINGU,Animais na Pista,Atropelamento de Animal,Com Vítimas Feridas,Plena Noite,Crescente,Céu Claro,Simples,Reta,Não,2,0,1,0,1,0,1,1,"-3,12599245","-51,76296723",SPRF-PA,DEL04-PA,UOP01-DEL04-PA
633004,06/10/2024,domingo,13:40:00,PA,10,18,DOM ELISEU,Pedestre - Ingestão de álcool/ substâncias psicoativas,Atropelamento de Pedestre,Com Vítimas Feridas,Pleno dia,Decrescente,Sol,Simples,Reta,Sim,2,0,2,0,0,0,2,2,"-4,293095","-47,556904",SPRF-PA,DEL02-PA,UOP02-DEL02-PA
633065,06/10/2024,domingo,12:00:00,PA,230,92,SAO JOAO DO ARAGUAIA,Acessar a via sem observar a presença dos outros veículos,Colisão transversal,Com Vítimas Feridas,Pleno dia,Decrescente,Céu Claro,Simples,Reta,Não,2,0,0,1,0,1,1,2,"-5,45190108","-48,89450606",SPRF-PA,DEL03-PA,UOP01-DEL03-PA
633083,06/10/2024,domingo,20:00:00,PA,230,4,ALTAMIRA,Reação tardia ou ineficiente do condutor,Colisão frontal,Com Vítimas Feridas,Plena Noite,Decrescente,Céu Claro,Simples,Reta,Não,2,0,0,1,0,1,1,2,"-3,203721","-52,206787",SPRF-PA,DEL04-PA,UOP01-DEL04-PA
633124,06/10/2024,domingo,21:08:00,PA,163,9,NOVO PROGRESSO,Reação tardia ou ineficiente do condutor,Atropelamento de Pedestre,Com Vítimas Feridas,Plena Noite,Decrescente,Céu Claro,Simples,Reta,Não,3,0,1,1,1,0,2,2,"-9,49188501","-54,85864536",SPRF-MT,DEL06-MT,UOP03-DEL06-MT
633272,07/10/2024,segunda-feira,14:00:00,PA,316,40,SANTA IZABEL DO PARA,Reação tardia ou ineficiente do condutor,Queda de ocupante de veículo,Com Vítimas Feridas,Pleno dia,Crescente,Nublado,Dupla,Reta,Sim,2,0,1,0,1,0,1,1,"-1,2795637","-48,12243407",SPRF-PA,DEL01-PA,UOP01-DEL01-PA
633475,10/08/2024,sábado,17:30:00,PA,230,136,MARABA,Reação tardia ou ineficiente do condutor,Colisão traseira,Com Vítimas Feridas,Pleno dia,Crescente,Céu Claro,Simples,Curva;Declive,Não,10,0,5,0,5,0,5,3,"-5,34007902","-49,21659807",SPRF-PA,DEL03-PA,UOP01-DEL03-PA
633581,09/10/2024,quarta-feira,02:30:00,PA,316,19,BENEVIDES,Manobra de mudança de faixa,Colisão traseira,Com Vítimas Feridas,Plena Noite,Crescente,Céu Claro,Dupla,Reta,Sim,2,0,2,0,0,0,2,2,"-1,3642339","-48,266582",SPRF-PA,DEL01-PA,UOP01-DEL01-PA
633704,09/10/2024,quarta-feira,14:00:00,PA,163,30,NOVO PROGRESSO,Ingestão de álcool pelo condutor,Queda de ocupante de veículo,Sem Vítimas,Pleno dia,Decrescente,Céu Claro,Simples,Reta;Declive,Não,1,0,0,0,0,1,0,1,"-9,31472607","-54,83789176",SPRF-MT,DEL06-MT,UOP03-DEL06-MT
633946,10/10/2024,quinta-feira,17:05:00,PA,308,"151,3",CAPANEMA,Ausência de reação do condutor,Colisão traseira,Sem Vítimas,Pleno dia,Crescente,Céu Claro,Simples,Reta,Sim,2,0,0,0,1,1,0,2,"-1,208957","-47,179988",SPRF-PA,DEL01-PA,UOP03-DEL01-PA
633966,10/10/2024,quinta-feira,17:30:00,PA,230,116,MARABA,Manobra de mudança de faixa,Colisão lateral mesmo sentido,Com Vítimas Feridas,Anoitecer,Crescente,Céu Claro,Dupla,Reta,Sim,2,0,1,0,1,0,1,2,"-5,35947454","-49,08301084",SPRF-PA,DEL03-PA,UOP01-DEL03-PA
633969,10/10/2024,quinta-feira,16:40:00,PA,230,117,MARABA,Manobra de mudança de faixa,Colisão lateral mesmo sentido,Com Vítimas Feridas,Pleno dia,Crescente,Céu Claro,Dupla,Reta,Não,2,0,1,0,1,0,1,2,"-5,35569904","-49,09047302",SPRF-PA,DEL03-PA,UOP01-DEL03-PA
633988,10/10/2024,quinta-feira,19:20:00,PA,316,62,CASTANHAL,Acessar a via sem observar a presença dos outros veículos,Colisão lateral mesmo sentido,Com Vítimas Feridas,Plena Noite,Decrescente,Céu Claro,Dupla,Reta,Sim,2,0,2,0,0,0,2,2,"-1,29786885","-47,93764104",SPRF-PA,DEL01-PA,UOP01-DEL01-PA
634015,10/10/2024,quinta-feira,20:10:00,PA,163,983,SANTAREM,Acessar a via sem observar a presença dos outros veículos,Colisão transversal,Com Vítimas Fatais,Plena Noite,Crescente,Céu Claro,Simples,Reta,Não,2,1,0,0,0,1,0,2,"-2,61603292","-54,72914708",SPRF-PA,DEL05-PA,UOP01-DEL05-PA
634127,11/10/2024,sexta-feira,11:30:00,PA,316,77,CASTANHAL,Transitar no Acostamento,Colisão lateral mesmo sentido,Com Vítimas Feridas,Pleno dia,Decrescente,Céu Claro,Simples,Reta,Não,3,0,1,1,1,0,2,3,"-1,30223447","-47,80628622",SPRF-PA,DEL01-PA,UOP01-DEL01-PA
634207,11/10/2024,sexta-feira,13:00:00,PA,10,"78,8",ULIANOPOLIS,Demais falhas mecânicas ou elétricas,Colisão transversal,Com Vítimas Feridas,Pleno dia,Crescente,Céu Claro,Simples,Reta,Sim,5,0,1,3,1,0,4,3,"-3,74745289","-47,49622342",SPRF-PA,DEL02-PA,UOP02-DEL02-PA
634225,11/10/2024,sexta-feira,19:00:00,PA,10,1,DOM ELISEU,Ingestão de álcool pelo condutor,Colisão frontal,Sem Vítimas,Plena Noite,Crescente,Céu Claro,Simples,Reta,Sim,2,0,0,0,2,0,0,2,"-4,436798","-47,536163",SPRF-PA,DEL02-PA,UOP02-DEL02-PA
634616,12/10/2024,sábado,19:26:00,PA,155,282,ELDORADO DO CARAJAS,Manobra de mudança de faixa,Colisão frontal,Com Vítimas Feridas,Anoitecer,Crescente,Nublado,Simples,Reta,Não,3,0,0,2,1,0,2,2,"-5,8772901","-49,20296457",SPRF-PA,DEL03-PA,UOP01-DEL03-PA
634727,13/10/2024,domingo,19:15:00,PA,10,"15,8",DOM ELISEU,Condutor deixou de manter distância do veículo da frente,Colisão traseira,Com Vítimas Feridas,Plena Noite,Decrescente,Céu Claro,Simples,Reta,Sim,1,0,1,0,0,0,1,1,"-4,31943382","-47,5520678",SPRF-PA,DEL02-PA,UOP02-DEL02-PA
634728,13/10/2024,domingo,20:30:00,PA,230,593,VITORIA DO XINGU,Reação tardia ou ineficiente do condutor,Queda de ocupante de veículo,Com Vítimas Feridas,Plena Noite,Crescente,Céu Claro,Simples,Reta,Não,2,0,0,2,0,0,2,1,"-3,09481025","-51,85849003",SPRF-PA,DEL04-PA,UOP01-DEL04-PA
634767,13/10/2024,domingo,23:40:00,PA,230,622,ALTAMIRA,Animais na Pista,Atropelamento de Animal,Sem Vítimas,Plena Noite,Decrescente,Céu Claro,Simples,Reta,Não,3,0,0,0,3,0,0,1,"-3,17014185","-52,088718",SPRF-PA,DEL04-PA,UOP01-DEL04-PA
634795,13/10/2024,domingo,23:05:00,PA,163,981,SANTAREM,Ingestão de álcool pelo condutor,Atropelamento de Pedestre,Com Vítimas Fatais,Plena Noite,Decrescente,Céu Claro,Simples,Reta,Sim,5,1,0,1,1,2,1,2,"-2,62917092","-54,74150509",SPRF-PA,DEL05-PA,UOP01-DEL05-PA
634925,10/10/2024,quinta-feira,05:15:00,PA,316,35,SANTA IZABEL DO PARA,Condutor usando celular,Saída de leito carroçável,Sem Vítimas,Plena Noite,Crescente,Céu Claro,Dupla,Reta,Sim,1,0,0,0,1,0,0,1,"-1,29146197","-48,164561",SPRF-PA,DEL01-PA,UOP01-DEL01-PA
634941,14/10/2024,segunda-feira,12:15:00,PA,316,58,CASTANHAL,Ausência de reação do condutor,Saída de leito carroçável,Com Vítimas Fatais,Pleno dia,Crescente,Céu Claro,Dupla,Reta,Sim,6,1,1,3,0,1,4,2,"-1,2998299","-47,97307488",SPRF-PA,DEL01-PA,UOP01-DEL01-PA
635028,11/10/2024,sexta-feira,05:00:00,PA,0,0,BELEM,Ausência de reação do condutor,Colisão traseira,Sem Vítimas,Amanhecer,Não Informado,Ignorado,Dupla,Curva,Sim,6,0,0,0,6,0,0,2,"-1,40939087","-48,46595049",SPRF-PA,,
635199,16/10/2024,quarta-feira,00:00:00,PA,316,52,CASTANHAL,Demais falhas mecânicas ou elétricas,Incêndio,Sem Vítimas,Plena Noite,Crescente,Céu Claro,Dupla,Reta,Não,1,0,0,0,1,0,0,1,"-1,30732485","-48,02586802",SPRF-PA,DEL01-PA,UOP01-DEL01-PA
635333,16/10/2024,quarta-feira,16:10:00,PA,230,119,MARABA,Reação tardia ou ineficiente do condutor,Colisão traseira,Sem Vítimas,Pleno dia,Decrescente,Céu Claro,Dupla,Reta;Declive,Sim,2,0,0,0,2,0,0,2,"-5,350407","-49,105981",SPRF-PA,DEL03-PA,UOP01-DEL03-PA
635356,16/10/2024,quarta-feira,18:30:00,PA,10,62,ULIANOPOLIS,Ausência de reação do condutor,Colisão traseira,Com Vítimas Feridas,Anoitecer,Decrescente,Céu Claro,Simples,Reta,Não,3,0,0,2,1,0,2,2,"-3,90537302","-47,52780394",SPRF-PA,DEL02-PA,UOP02-DEL02-PA
635406,17/10/2024,quinta-feira,05:30:00,PA,10,325,SAO MIGUEL DO GUAMA,Transitar na contramão,Colisão frontal,Com Vítimas Fatais,Amanhecer,Decrescente,Céu Claro,Simples,Reta,Não,4,1,0,3,0,0,3,2,"-1,59488118","-47,49117629",SPRF-PA,DEL01-PA,UOP02-DEL01-PA
635456,17/10/2024,quinta-feira,07:00:00,PA,316,"30,8",SANTA IZABEL DO PARA,Ausência de reação do condutor,Capotamento,Com Vítimas Feridas,Pleno dia,Crescente,Céu Claro,Dupla,Reta,Não,2,0,1,0,0,1,1,2,"-1,30604012","-48,20471397",SPRF-PA,DEL01-PA,UOP01-DEL01-PA
635662,18/10/2024,sexta-feira,08:40:00,PA,163,989,SANTAREM,Acessar a via sem observar a presença dos outros veículos,Colisão transversal,Com Vítimas Feridas,Pleno dia,Crescente,Céu Claro,Simples,Reta,Sim,2,0,0,1,1,0,1,2,"-2,561505","-54,721375",SPRF-PA,DEL05-PA,UOP01-DEL05-PA
635719,18/10/2024,sexta-feira,11:51:00,PA,163,"608,5",TRAIRAO,Reação tardia ou ineficiente do condutor,Saída de leito carroçável,Com Vítimas Feridas,Pleno dia,Crescente,Céu Claro,Simples,Reta,Não,1,0,0,1,0,0,1,1,"-4,78380574","-56,11178536",SPRF-PA,DEL05-PA,UOP03-DEL05-PA
635729,18/10/2024,sexta-feira,16:10:00,PA,316,"115,1",SANTA MARIA DO PARA,Transitar na contramão,Colisão frontal,Com Vítimas Fatais,Pleno dia,Crescente,Céu Claro,Simples,Reta;Declive,Não,2,1,0,1,0,0,1,2,"-1,313922","-47,476178",SPRF-PA,DEL01-PA,UOP02-DEL01-PA
635773,18/10/2024,sexta-feira,21:00:00,PA,10,339,SANTA MARIA DO PARA,Acessar a via sem observar a presença dos outros veículos,Colisão transversal,Com Vítimas Feridas,Plena Noite,Crescente,Céu Claro,Simples,Reta,Não,3,0,2,0,1,0,2,2,"-1,474239","-47,531273",SPRF-PA,DEL01-PA,UOP02-DEL01-PA
635893,19/10/2024,sábado,08:40:00,PA,10,223,IPIXUNA DO PARA,Reação tardia ou ineficiente do condutor,Tombamento,Com Vítimas Feridas,Pleno dia,Decrescente,Sol,Simples,Reta,Não,1,0,1,0,0,0,1,1,"-2,46907501","-47,50995468",SPRF-PA,DEL02-PA,UOP01-DEL02-PA
636101,20/10/2024,domingo,06:13:00,PA,230,120,MARABA,Reação tardia ou ineficiente do condutor,Colisão traseira,Com Vítimas Feridas,Pleno dia,Decrescente,Céu Claro,Dupla,Viaduto;Reta,Sim,2,0,1,0,1,0,1,2,"-5,35038318","-49,11434",SPRF-PA,DEL03-PA,UOP01-DEL03-PA
636279,20/10/2024,domingo,14:50:00,PA,316,"134,7",PEIXE-BOI,Demais falhas mecânicas ou elétricas,Incêndio,Sem Vítimas,Pleno dia,Decrescente,Céu Claro,Simples,Reta,Não,3,0,0,0,3,0,0,1,"-1,2810931","-47,31624298",SPRF-PA,DEL01-PA,UOP03-DEL01-PA
636312,20/10/2024,domingo,11:00:00,PA,230,1172,ITAITUBA,Reação tardia ou ineficiente do condutor,Capotamento,Com Vítimas Feridas,Pleno dia,Crescente,Céu Claro,Simples,Reta,Não,2,0,1,0,0,1,1,1,"-4,33960162","-56,1320973",SPRF-PA,DEL05-PA,UOP02-DEL05-PA
636336,20/10/2024,domingo,20:45:00,PA,308,150,CAPANEMA,Acessar a via sem observar a presença dos outros veículos,Colisão transversal,Sem Vítimas,Plena Noite,Decrescente,Céu Claro,Simples,Reta,Sim,3,0,0,0,3,0,0,2,"-1,215274","-47,19026",SPRF-PA,DEL01-PA,UOP03-DEL01-PA
636433,17/10/2024,quinta-feira,18:34:00,PA,163,165,ALTAMIRA,Animais na Pista,Atropelamento de Animal,Com Vítimas Feridas,Anoitecer,Crescente,Céu Claro,Simples,Reta,Não,1,0,1,0,0,0,1,1,"-8,25804408","-55,11015426",SPRF-PA,DEL05-PA,UOP03-DEL05-PA
636444,20/10/2024,domingo,20:15:00,PA,10,101,ULIANOPOLIS,Velocidade Incompatível,Colisão traseira,Com Vítimas Feridas,Plena Noite,Crescente,Céu Claro,Simples,Reta,Não,6,0,0,4,2,0,4,2,"-3,55790301","-47,49180822",SPRF-PA,DEL02-PA,UOP02-DEL02-PA
636633,29/09/2024,domingo,00:05:00,PA,230,80,SAO JOAO DO ARAGUAIA,Transitar na contramão,Colisão frontal,Com Vítimas Fatais,Plena Noite,Crescente,Céu Claro,Simples,Curva,Não,2,1,0,0,0,1,0,2,"-5,47363751","-48,79567711",SPRF-PA,DEL03-PA,UOP01-DEL03-PA
636703,16/09/2024,segunda-feira,10:00:00,PA,230,1470,JACAREACANGA,Demais falhas na via,Tombamento,Com Vítimas Feridas,Pleno dia,Decrescente,Céu Claro,Simples,Curva,Não,1,0,1,0,0,0,1,1,"-5,75874258","-57,601844",SPRF-PA,DEL05-PA,UOP02-DEL05-PA
636807,23/10/2024,quarta-feira,07:00:00,PA,316,80,SAO FRANCISCO DO PARA,Ausência de reação do condutor,Colisão traseira,Com Vítimas Feridas,Pleno dia,Crescente,Céu Claro,Simples,Reta,Sim,2,0,1,0,1,0,1,2,"-1,30406","-47,779755",SPRF-PA,DEL01-PA,UOP02-DEL01-PA
636945,23/10/2024,quarta-feira,10:30:00,PA,163,992,SANTAREM,Ultrapassagem Indevida,Colisão lateral mesmo sentido,Com Vítimas Feridas,Pleno dia,Crescente,Céu Claro,Simples,Reta,Não,3,0,2,0,1,0,2,2,"-2,538837","-54,722717",SPRF-PA,DEL05-PA,UOP01-DEL05-PA
637084,24/10/2024,quinta-feira,13:50:00,PA,230,4,ALTAMIRA,Reação tardia ou ineficiente do condutor,Colisão lateral sentido oposto,Com Vítimas Feridas,Pleno dia,Crescente,Sol,Simples,Reta;Interseção de Vias,Sim,2,0,0,1,1,0,1,2,"-3,19216086","-52,21832871",SPRF-PA,DEL03-PA,UOP01-DEL03-PA
637129,24/10/2024,quinta-feira,15:00:00,PA,10,267,MAE DO RIO,Reação tardia ou ineficiente do condutor,Capotamento,Com Vítimas Fatais,Pleno dia,Decrescente,Céu Claro,Simples,Reta,Não,2,1,0,0,0,1,0,1,"-2,09617098","-47,56002117",SPRF-PA,DEL02-PA,UOP01-DEL02-PA