id,data_inversa,dia_semana,horario,uf,br,km,municipio,causa_acidente,tipo_acidente,classificacao_acidente,fase_dia,sentido_via,condicao_metereologica,tipo_pista,tracado_via,uso_solo,pessoas,mortos,feridos_leves,feridos_graves,ilesos,ignorados,feridos,veiculos,latitude,longitude,regional,delegacia,uop
637196,25/10/2024,sexta-feira,01:00:00,PA,10,269,MAE DO RIO,Ausência de reação do condutor,Colisão traseira,Com Vítimas Feridas,Plena Noite,Crescente,Céu Claro,Simples,Reta,Não,2,0,1,1,0,0,2,2,"-2,07810902","-47,55961964",SPRF-PA,DEL02-PA,UOP01-DEL02-PA
637487,25/10/2024,sexta-feira,22:30:00,PA,316,156,CAPANEMA,Transitar na contramão,Colisão frontal,Com Vítimas Feridas,Plena Noite,Crescente,Céu Claro,Simples,Reta,Não,5,0,5,0,0,0,5,2,"-1,24381912","-47,14976112",SPRF-PA,DEL01-PA,UOP03-DEL01-PA
637525,26/10/2024,sábado,07:00:00,PA,230,644,ALTAMIRA,Conversão proibida,Colisão traseira,Com Vítimas Feridas,Pleno dia,Crescente,Céu Claro,Simples,Reta,Sim,2,0,1,1,0,0,2,2,"-3,21566675","-52,24195235",SPRF-PA,DEL04-PA,UOP01-DEL04-PA
637559,26/10/2024,sábado,14:50:00,PA,316,57,CASTANHAL,Demais falhas mecânicas ou elétricas,Incêndio,Sem Vítimas,Pleno dia,Decrescente,Céu Claro,Dupla,Reta,Sim,1,0,0,0,1,0,0,1,"-1,30088766","-47,98196704",SPRF-PA,DEL01-PA,UOP01-DEL01-PA
637592,26/10/2024,sábado,16:20:00,PA,230,7,ALTAMIRA,Reação tardia ou ineficiente do condutor,Colisão traseira,Com Vítimas Feridas,Anoitecer,Crescente,Céu Claro,Simples,Declive,Sim,2,0,1,1,0,0,2,2,"-3,203721","-52,206787",SPRF-PA,DEL04-PA,UOP01-DEL04-PA
637659,26/10/2024,sábado,17:06:00,PA,163,575,TRAIRAO,Reação tardia ou ineficiente do condutor,Colisão traseira,Com Vítimas Feridas,Pleno dia,Crescente,Ignorado,Simples,Declive;Reta,Não,2,0,1,0,0,1,1,2,"-5,0168803","-56,18685813",SPRF-PA,DEL05-PA,UOP03-DEL05-PA
637664,26/10/2024,sábado,18:47:00,PA,163,575,TRAIRAO,Reação tardia ou ineficiente do condutor,Queda de ocupante de veículo,Com Vítimas Feridas,Plena Noite,Crescente,Céu Claro,Simples,Reta,Sim,1,0,1,0,0,0,1,1,"-5,0168803","-56,18685813",SPRF-PA,DEL05-PA,UOP03-DEL05-PA
637780,27/10/2024,domingo,12:30:00,PA,163,626,TRAIRAO,Reação tardia ou ineficiente do condutor,Colisão transversal,Com Vítimas Feridas,Pleno dia,Crescente,Céu Claro,Simples,Reta,Sim,4,0,2,1,1,0,3,2,"-4,69594486","-55,99082066",SPRF-PA,DEL05-PA,UOP03-DEL05-PA
637873,27/10/2024,domingo,21:00:00,PA,316,19,BENEVIDES,Ausência de reação do condutor,Saída de leito carroçável,Com Vítimas Feridas,Plena Noite,Decrescente,Céu Claro,Dupla,Reta,Não,1,0,1,0,0,0,1,1,"-1,364304","-48,278147",SPRF-PA,DEL01-PA,UOP01-DEL01-PA
638049,28/10/2024,segunda-feira,18:10:00,PA,230,118,MARABA,Acessar a via sem observar a presença dos outros veículos,Colisão lateral mesmo sentido,Com Vítimas Feridas,Plena Noite,Decrescente,Céu Claro,Dupla,Reta,Sim,2,0,1,0,1,0,1,2,"-5,35193706","-49,09794103",SPRF-PA,DEL03-PA,UOP01-DEL03-PA
638123,28/10/2024,segunda-feira,19:00:00,PA,153,132,SAO GERALDO DO ARAGUAIA,Ultrapassagem Indevida,Colisão lateral sentido oposto,Com Vítimas Feridas,Plena Noite,Crescente,Céu Claro,Simples,Reta,Não,2,0,0,1,1,0,1,2,"-6,247045","-48,601635",SPRF-PA,DEL03-PA,UOP01-DEL03-PA
638168,29/10/2024,terça-feira,10:55:00,PA,163,991,SANTAREM,Condutor deixou de manter distância do veículo da frente,Colisão traseira,Com Vítimas Feridas,Pleno dia,Crescente,Sol,Simples,Reta,Não,2,0,1,0,1,0,1,2,"-2,547851","-54,72278",SPRF-PA,DEL05-PA,UOP01-DEL05-PA
638172,29/08/2024,quinta-feira,17:00:00,PA,316,59,CASTANHAL,Demais falhas mecânicas ou elétricas,Colisão com objeto,Sem Vítimas,Pleno dia,Decrescente,Céu Claro,Simples,Declive,Não,1,0,0,0,1,0,0,1,"-1,29878288","-47,96418102",SPRF-PA,DEL01-PA,UOP01-DEL01-PA
638354,30/10/2024,quarta-feira,09:20:00,PA,230,119,MARABA,Trafegar com motocicleta (ou similar) entre as faixas,Colisão lateral mesmo sentido,Com Vítimas Feridas,Pleno dia,Decrescente,Nublado,Dupla,Reta,Sim,2,0,1,0,1,0,1,2,"-5,350407","-49,105981",SPRF-PA,DEL03-PA,UOP01-DEL03-PA
638455,30/10/2024,quarta-feira,19:10:00,PA,316,61,CASTANHAL,Reação tardia ou ineficiente do condutor,Colisão traseira,Com Vítimas Feridas,Plena Noite,Crescente,Céu Claro,Dupla,Reta,Sim,3,0,1,0,2,0,1,3,"-1,29686015","-47,94639002",SPRF-PA,DEL01-PA,UOP01-DEL01-PA
638589,15/10/2024,terça-feira,13:30:00,PA,230,808,MEDICILANDIA,Transitar na contramão,Colisão frontal,Com Vítimas Feridas,Pleno dia,Crescente,Sol,Simples,Aclive,Não,3,0,1,0,2,0,1,2,"-3,50253819","-53,0591169",SPRF-PA,DEL04-PA,UOP01-DEL04-PA
638716,31/10/2024,quinta-feira,11:30:00,PA,163,986,SANTAREM,Reação tardia ou ineficiente do condutor,Colisão traseira,Sem Vítimas,Pleno dia,Decrescente,Céu Claro,Simples,Reta,Sim,2,0,0,0,2,0,0,2,"-2,59271401","-54,71976013",SPRF-PA,DEL05-PA,UOP01-DEL05-PA
639053,27/09/2024,sexta-feira,22:00:00,PA,230,124,MARABA,Reação tardia ou ineficiente do condutor,Colisão lateral sentido oposto,Com Vítimas Feridas,Plena Noite,Decrescente,Céu Claro,Simples,Reta,Sim,3,0,1,2,0,0,3,2,"-5,37407079","-49,13575802",SPRF-PA,DEL03-PA,UOP01-DEL03-PA
639598,01/09/2024,domingo,05:00:00,PA,230,159,ITUPIRANGA,Ausência de reação do condutor,Colisão traseira,Com Vítimas Fatais,Pleno dia,Decrescente,Céu Claro,Simples,Reta,Não,3,1,0,1,0,1,1,2,"-5,21507069","-49,34810258",SPRF-PA,DEL03-PA,UOP01-DEL03-PA
639912,26/10/2024,sábado,03:13:00,PA,163,297,NOVO PROGRESSO,Curva acentuada,Saída de leito carroçável,Sem Vítimas,Plena Noite,Decrescente,Ignorado,Simples,Curva,Não,1,0,0,0,0,1,0,1,"-7,16166992","-55,36785289",SPRF-PA,DEL05-PA,UOP03-DEL05-PA
639933,10/09/2024,terça-feira,16:45:00,PA,10,19,DOM ELISEU,Ultrapassagem Indevida,Colisão frontal,Com Vítimas Feridas,Pleno dia,Decrescente,Sol,Simples,Reta,Sim,2,0,1,0,1,0,1,2,"-4,28420096","-47,55821975",SPRF-PA,DEL02-PA,UOP02-DEL02-PA
642188,07/06/2024,sexta-feira,11:40:00,PA,230,995,RUROPOLIS,Acumulo de areia ou detritos sobre o pavimento,Colisão com objeto,Sem Vítimas,Pleno dia,Crescente,Sol,Simples,Declive;Curva,Não,2,0,0,0,2,0,0,1,"-4,08910809","-54,859784",SPRF-PA,DEL05-PA,UOP01-DEL05-PA
653676,2025-01-07,terça-feira,10:40:00,PA,163,146,ALTAMIRA,Objeto estático sobre o leito carroçável,Colisão com objeto,Com Vítimas Feridas,Pleno dia,Decrescente,Sol,Simples,Reta,Não,3,0,1,0,1,3,1,5,-8.42387326,-55.10583265,SPRF-MT,DEL06-MT,UOP03-DEL06-MT
653754,2025-01-07,terça-feira,19:40:00,PA,230,5,ALTAMIRA,Reação tardia ou ineficiente do condutor,Colisão lateral sentido oposto,Sem Vítimas,Plena Noite,Crescente,Céu Claro,Simples,Reta,Não,2,0,0,0,1,1,0,2,-3.18687974,-52.20033646,SPRF-PA,DEL03-PA,UOP01-DEL03-PA
653896,2025-01-08,quarta-feira,12:40:00,PA,230,128,MARABA,Condutor deixou de manter distância do veículo da frente,Colisão traseira,Com Vítimas Feridas,Pleno dia,Decrescente,Chuva,Simples,Aclive,Sim,3,0,1,0,1,2,1,4,-5.3732012,-49.16779803,SPRF-PA,DEL03-PA,UOP01-DEL03-PA
653930,2025-01-08,quarta-feira,20:00:00,PA,230,98,SAO JOAO DO ARAGUAIA,Transitar na contramão,Colisão lateral sentido oposto,Sem Vítimas,Plena Noite,Decrescente,Céu Claro,Simples,Reta,Sim,3,0,0,0,1,4,0,5,-5.41074234,-48.94556165,SPRF-PA,DEL03-PA,UOP01-DEL03-PA
654053,2025-01-09,quinta-feira,10:00:00,PA,316,195,SANTA LUZIA DO PARA,Entrada inopinada do pedestre,Atropelamento de Pedestre,Com Vítimas Fatais,Pleno dia,Decrescente,Nublado,Simples,Aclive,Não,2,1,0,0,1,0,0,2,-1.50574836,-46.9155624,SPRF-PA,DEL01-PA,UOP03-DEL01-PA
656074,2025-01-19,domingo,08:30:00,PA,10,156,PARAGOMINAS,Avarias e/ou desgaste excessivo no pneu,Tombamento,Com Vítimas Feridas,Pleno dia,Crescente,Céu Claro,Simples,Reta,Não,2,0,1,0,1,0,1,1,-3.07148295,-47.47564419,SPRF-PA,DEL02-PA,UOP01-DEL02-PA
656091,2025-01-19,domingo,09:50:00,PA,10,"299,9",IRITUIA,Carga excessiva e/ou mal acondicionada,Tombamento,Com Vítimas Feridas,Pleno dia,Crescente,Nublado,Simples,Declive,Não,2,0,1,0,0,1,1,2,-1.80828797,-47.51438083,SPRF-PA,DEL02-PA,UOP01-DEL02-PA
656186,2025-01-20,segunda-feira,06:00:00,PA,230,590,VITORIA DO XINGU,Avarias e/ou desgaste excessivo no pneu,Tombamento,Com Vítimas Feridas,Amanhecer,Decrescente,Céu Claro,Simples,Curva,Não,2,0,1,0,0,1,1,2,-3.08638,-51.89739,SPRF-PA,DEL04-PA,UOP01-DEL04-PA
657168,2025-01-24,sexta-feira,17:30:00,PA,230,767,MEDICILANDIA,Transitar na contramão,Colisão frontal,Com Vítimas Fatais,Plena Noite,Decrescente,Ignorado,Simples,Reta,Não,2,1,0,0,0,1,0,2,-3.4961764,-53.09979789,SPRF-PA,DEL04-PA,UOP01-DEL04-PA
657181,2025-01-24,sexta-feira,14:47:00,PA,163,"421,5",ITAITUBA,Acostamento em desnível,Saída de leito carroçável,Com Vítimas Feridas,Pleno dia,Crescente,Chuva,Simples,Reta,Não,2,0,1,0,0,1,1,2,-6.13110818,-55.61925136,SPRF-PA,DEL05-PA,UOP03-DEL05-PA
657419,2025-01-26,domingo,08:56:00,PA,10,353,SANTA MARIA DO PARA,Ultrapassagem Indevida,Colisão frontal,Com Vítimas Fatais,Pleno dia,Decrescente,Céu Claro,Simples,Reta,Sim,3,1,0,0,1,1,0,3,-1.37053441,-47.56138891,SPRF-PA,DEL01-PA,UOP02-DEL01-PA
657435,2025-01-26,domingo,09:00:00,PA,230,117,MARABA,Ingestão de álcool pelo condutor,Colisão transversal,Sem Vítimas,Pleno dia,Crescente,Céu Claro,Dupla,Reta,Sim,2,0,0,0,2,0,0,2,-5.35569904,-49.09047302,SPRF-PA,DEL03-PA,UOP01-DEL03-PA
658383,2025-01-30,quinta-feira,16:30:00,PA,10,160,PARAGOMINAS,Problema com o freio,Incêndio,Sem Vítimas,Pleno dia,Crescente,Céu Claro,Simples,Reta,Sim,2,0,0,0,1,1,0,2,-3.033007,-47.466543,SPRF-PA,DEL02-PA,UOP01-DEL02-PA
658592,2025-01-31,sexta-feira,23:30:00,PA,163,147,ALTAMIRA,Transitar na contramão,Colisão frontal,Com Vítimas Fatais,Plena Noite,Crescente,Nublado,Simples,Reta;Aclive,Não,5,1,1,1,1,3,2,5,-8.41616187,-55.10111522,SPRF-MT,DEL06-MT,UOP03-DEL06-MT
652568,2025-01-01,quarta-feira,14:00:00,PA,230,120,MARABA,Acesso irregular,Colisão transversal,Com Vítimas Feridas,Pleno dia,Crescente,Céu Claro,Dupla,Reta,Não,2,0,0,1,0,1,1,2,-5.35038318,-49.11434,SPRF-PA,DEL03-PA,UOP01-DEL03-PA
652765,2025-01-02,quinta-feira,13:00:00,PA,230,"666,6",ALTAMIRA,Ingestão de álcool pelo condutor,Saída de leito carroçável,Com Vítimas Feridas,Pleno dia,Crescente,Céu Claro,Simples,Declive;Reta,Não,1,0,0,1,0,0,1,1,-3.25634605,-52.35353196,SPRF-PA,DEL04-PA,UOP01-DEL04-PA
652772,2025-01-02,quinta-feira,11:00:00,PA,10,337,SANTA MARIA DO PARA,Ultrapassagem Indevida,Colisão frontal,Com Vítimas Feridas,Pleno dia,Decrescente,Céu Claro,Simples,Reta,Não,5,0,5,0,0,0,5,2,-1.49330205,-47.5266692,SPRF-PA,DEL01-PA,UOP02-DEL01-PA
652954,2025-01-03,sexta-feira,15:34:00,PA,230,111,MARABA,Ausência de reação do condutor,Colisão traseira,Com Vítimas Feridas,Pleno dia,Crescente,Céu Claro,Simples,Reta,Sim,2,0,1,0,1,0,1,2,-5.37139594,-49.04004698,SPRF-PA,DEL03-PA,UOP01-DEL03-PA
652991,2025-01-03,sexta-feira,16:10:00,PA,316,99,SANTA MARIA DO PARA,Chuva,Colisão frontal,Sem Vítimas,Pleno dia,Crescente,Chuva,Simples,Reta,Não,2,0,0,0,1,1,0,2,-1.33342734,-47.61283806,SPRF-PA,DEL01-PA,UOP02-DEL01-PA
653562,2025-01-06,segunda-feira,17:26:00,PA,316,151,CAPANEMA,Acessar a via sem observar a presença dos outros veículos,Colisão transversal,Com Vítimas Feridas,Pleno dia,Decrescente,Nublado,Simples,Curva,Sim,2,0,1,0,0,1,1,2,-1.212873,-47.181547,SPRF-PA,DEL01-PA,UOP03-DEL01-PA
653943,2025-01-08,quarta-feira,23:30:00,PA,230,139,MARABA,Animais na Pista,Atropelamento de Animal,Com Vítimas Feridas,Plena Noite,Crescente,Céu Claro,Simples,Declive,Não,2,0,1,0,1,0,1,1,-5.32771071,-49.23715374,SPRF-PA,DEL03-PA,UOP01-DEL03-PA
654020,2025-01-09,quinta-feira,12:30:00,PA,316,57,CASTANHAL,Reação tardia ou ineficiente do condutor,Tombamento,Com Vítimas Feridas,Pleno dia,Crescente,Céu Claro,Dupla,Reta;Aclive,Sim,2,0,2,0,0,0,2,1,-1.30088766,-47.98196704,SPRF-PA,DEL01-PA,UOP01-DEL01-PA
654110,2025-01-09,quinta-feira,21:30:00,PA,316,37,SANTA IZABEL DO PARA,Ausência de reação do condutor,Atropelamento de Pedestre,Com Vítimas Fatais,Plena Noite,Crescente,Céu Claro,Dupla,Reta,Não,2,1,0,0,0,1,0,2,-1.28522594,-48.14868959,SPRF-PA,DEL01-PA,UOP01-DEL01-PA
654372,2025-01-11,sábado,08:00:00,PA,155,300,MARABA,Ausência de reação do condutor,Colisão com objeto,Sem Vítimas,Pleno dia,Crescente,Nublado,Simples,Reta;Declive,Não,1,0,0,0,0,1,0,1,-5.73211405,-49.14484986,SPRF-PA,DEL03-PA,UOP01-DEL03-PA
654415,2025-01-11,sábado,11:10:00,PA,155,307,MARABA,Ingestão de álcool pelo condutor,Tombamento,Com Vítimas Feridas,Pleno dia,Decrescente,Céu Claro,Simples,Reta,Não,1,0,0,1,0,0,1,1,-5.67838705,-49.11460166,SPRF-PA,DEL03-PA,UOP01-DEL03-PA
654417,2025-01-11,sábado,11:44:00,PA,316,57,CASTANHAL,Pedestre cruzava a pista fora da faixa,Atropelamento de Pedestre,Sem Vítimas,Pleno dia,Crescente,Chuva,Dupla,Reta,Sim,2,0,0,0,1,1,0,2,-1.30088766,-47.98196704,SPRF-PA,DEL01-PA,UOP01-DEL01-PA
654658,2025-01-12,domingo,11:00:00,PA,163,104,ALTAMIRA,Curva acentuada,Queda de ocupante de veículo,Com Vítimas Feridas,Pleno dia,Decrescente,Céu Claro,Simples,Curva,Não,2,0,2,0,0,0,2,1,-8.72682171,-54.97298761,SPRF-MT,DEL06-MT,UOP03-DEL06-MT
654804,2025-01-13,segunda-feira,08:10:00,PA,230,118,MARABA,Condutor deixou de manter distância do veículo da frente,Colisão traseira,Com Vítimas Feridas,Pleno dia,Crescente,Garoa/Chuvisco,Dupla,Em Obras;Reta,Sim,3,0,1,0,2,0,1,3,-5.35569904,-49.09047302,SPRF-PA,DEL03-PA,UOP01-DEL03-PA
655110,2025-01-14,terça-feira,18:34:00,PA,316,44,SANTA IZABEL DO PARA,Demais falhas mecânicas ou elétricas,Tombamento,Com Vítimas Feridas,Anoitecer,Decrescente,Ignorado,Dupla,Reta,Não,2,0,1,0,1,0,1,1,-1.27592647,-48.08710906,SPRF-PA,DEL01-PA,UOP01-DEL01-PA
655218,2025-01-15,quarta-feira,11:20:00,PA,230,121,MARABA,Ausência de reação do condutor,Colisão traseira,Com Vítimas Feridas,Pleno dia,Crescente,Céu Claro,Dupla,Retorno Regulamentado,Sim,3,0,1,0,2,0,1,2,-5.35297407,-49.12143673,SPRF-PA,DEL03-PA,UOP01-DEL03-PA
655220,2025-01-15,quarta-feira,07:00:00,PA,316,40,SANTA IZABEL DO PARA,Ausência de reação do condutor,Saída de leito carroçável,Sem Vítimas,Pleno dia,Crescente,Nublado,Dupla,Reta,Não,1,0,0,0,0,1,0,1,-1.2795637,-48.12243407,SPRF-PA,DEL01-PA,UOP01-DEL01-PA
655352,2025-01-15,quarta-feira,16:00:00,PA,230,1230,ITAITUBA,Demais falhas na via,Saída de leito carroçável,Sem Vítimas,Pleno dia,Crescente,Chuva,Simples,Reta,Não,4,0,0,0,3,1,0,1,-4.62473602,-56.389,SPRF-PA,DEL05-PA,UOP02-DEL05-PA
655353,2025-01-16,quinta-feira,02:00:00,PA,230,6,ALTAMIRA,Ingestão de álcool pelo condutor,Saída de leito carroçável,Com Vítimas Feridas,Plena Noite,Decrescente,Nublado,Simples,Reta,Sim,2,0,2,0,0,0,2,1,-3.203721,-52.206787,SPRF-PA,DEL04-PA,UOP01-DEL04-PA
655376,2025-01-16,quinta-feira,07:37:00,PA,230,112,MARABA,Condutor deixou de manter distância do veículo da frente,Engavetamento,Com Vítimas Feridas,Pleno dia,Decrescente,Nublado,Simples,Reta,Sim,3,0,1,0,2,0,1,3,-5.36913479,-49.04877095,SPRF-PA,DEL03-PA,UOP01-DEL03-PA
655694,2025-01-17,sexta-feira,17:30:00,PA,230,"4,5",ALTAMIRA,Reação tardia ou ineficiente do condutor,Colisão frontal,Com Vítimas Feridas,Pleno dia,Decrescente,Nublado,Simples,Reta,Não,2,0,0,1,1,0,1,2,-3.18801523,-52.20411301,SPRF-PA,DEL03-PA,UOP01-DEL03-PA
655898,2025-01-18,sábado,18:30:00,PA,230,120,MARABA,Ausência de reação do condutor,Tombamento,Com Vítimas Feridas,Plena Noite,Decrescente,Nublado,Dupla,Curva,Sim,1,0,1,0,0,0,1,1,-5.35038318,-49.11434,SPRF-PA,DEL03-PA,UOP01-DEL03-PA
656058,2025-01-19,domingo,15:50:00,PA,316,64,CASTANHAL,Ausência de reação do condutor,Colisão traseira,Com Vítimas Feridas,Pleno dia,Crescente,Nublado,Dupla,Reta,Sim,2,0,1,0,1,0,1,2,-1.29629557,-47.91983997,SPRF-PA,DEL01-PA,UOP01-DEL01-PA
656207,2025-01-20,segunda-feira,08:50:00,PA,230,109,MARABA,Condutor deixou de manter distância do veículo da frente,Saída de leito carroçável,Com Vítimas Feridas,Pleno dia,Decrescente,Céu Claro,Simples,Reta,Não,4,0,1,0,2,1,1,2,-5.37536896,-49.02246799,SPRF-PA,DEL03-PA,UOP01-DEL03-PA
656338,2025-01-20,segunda-feira,17:30:00,PA,316,252,CACHOEIRA DO PIRIA,Avarias e/ou desgaste excessivo no pneu,Saída de leito carroçável,Com Vítimas Fatais,Pleno dia,Crescente,Céu Claro,Simples,Reta,Não,5,1,2,2,0,0,4,1,-1.78751233,-46.49904013,SPRF-PA,DEL01-PA,UOP04-DEL01-PA
656445,2025-01-21,terça-feira,07:00:00,PA,308,187,TRACUATEUA,Acessar a via sem observar a presença dos outros veículos,Colisão transversal,Com Vítimas Fatais,Pleno dia,Decrescente,Céu Claro,Simples,Reta,Não,3,1,2,0,0,0,2,2,-1.085483,-46.902207,SPRF-PA,DEL01-PA,UOP03-DEL01-PA
656461,2025-01-21,terça-feira,06:40:00,PA,316,119,SANTA MARIA DO PARA,Ultrapassagem Indevida,Colisão frontal,Com Vítimas Feridas,Pleno dia,Decrescente,Céu Claro,Simples,Reta,Sim,4,0,0,1,2,1,1,3,-1.31062901,-47.443276,SPRF-PA,DEL01-PA,UOP02-DEL01-PA
656727,2025-01-22,quarta-feira,16:04:00,PA,163,"64,8",ALTAMIRA,Reação tardia ou ineficiente do condutor,Saída de leito carroçável,Com Vítimas Feridas,Pleno dia,Crescente,Céu Claro,Simples,Declive,Não,2,0,2,0,0,0,2,1,-9.04260577,-54.92817587,SPRF-MT,DEL06-MT,UOP03-DEL06-MT
657048,2025-01-24,sexta-feira,15:20:00,PA,316,61,CASTANHAL,Transitar na contramão,Colisão frontal,Com Vítimas Feridas,Pleno dia,Crescente,Céu Claro,Dupla,Reta,Sim,3,0,1,2,0,0,3,2,-1.29686015,-47.94639002,SPRF-PA,DEL01-PA,UOP01-DEL01-PA
657058,2025-01-24,sexta-feira,17:00:00,PA,10,211,IPIXUNA DO PARA,Ausência de reação do condutor,Saída de leito carroçável,Com Vítimas Fatais,Pleno dia,Decrescente,Céu Claro,Simples,Reta,Não,1,1,0,0,0,0,0,1,-2.58325407,-47.48955144,SPRF-PA,DEL02-PA,UOP01-DEL02-PA
657065,2025-01-24,sexta-feira,06:50:00,PA,230,680,BRASIL NOVO,Transitar na contramão,Colisão lateral sentido oposto,Com Vítimas Feridas,Pleno dia,Decrescente,Céu Claro,Simples,Reta,Sim,3,0,1,1,1,0,2,2,-3.32825543,-52.57856548,SPRF-PA,DEL04-PA,UOP01-DEL04-PA
657274,2025-01-25,sábado,16:30:00,PA,230,117,MARABA,Animais na Pista,Atropelamento de Animal,Com Vítimas Feridas,Pleno dia,Crescente,Céu Claro,Dupla,Aclive;Reta,Sim,1,0,1,0,0,0,1,1,-5.35569904,-49.09047302,SPRF-PA,DEL03-PA,UOP01-DEL03-PA
657322,2025-01-25,sábado,17:50:00,PA,10,354,SANTA MARIA DO PARA,Acessar a via sem observar a presença dos outros veículos,Colisão transversal,Com Vítimas Feridas,Pleno dia,Decrescente,Céu Claro,Simples,Reta,Sim,2,0,1,0,1,0,1,2,-1.34759789,-47.57735696,SPRF-PA,DEL01-PA,UOP02-DEL01-PA
657360,2025-01-25,sábado,19:30:00,PA,316,252,CACHOEIRA DO PIRIA,Animais na Pista,Atropelamento de Animal,Com Vítimas Fatais,Plena Noite,Crescente,Nublado,Simples,Reta,Não,2,1,0,0,0,1,0,2,-1.78751233,-46.49904013,SPRF-PA,DEL01-PA,UOP04-DEL01-PA
657380,2025-01-25,sábado,21:32:00,PA,163,139,ALTAMIRA,Reação tardia ou ineficiente do condutor,Atropelamento de Animal,Sem Vítimas,Plena Noite,Crescente,Nublado,Simples,Aclive,Não,1,0,0,0,1,0,0,1,-8.4668,-55.134,SPRF-MT,DEL06-MT,UOP03-DEL06-MT
657411,2025-01-26,domingo,06:00:00,PA,10,"262,5",AURORA DO PARA,Ausência de reação do condutor,Colisão traseira,Com Vítimas Fatais,Amanhecer,Crescente,Ignorado,Simples,Reta;Declive,Sim,4,1,0,2,0,1,2,2,-2.141316,-47.560802,SPRF-PA,DEL02-PA,UOP01-DEL02-PA
657547,2025-01-26,domingo,11:05:00,PA,230,"726,3",MEDICILANDIA,Pista esburacada,Saída de leito carroçável,Com Vítimas Feridas,Pleno dia,Crescente,Céu Claro,Simples,Reta,Não,4,0,4,0,0,0,4,1,-3.35708059,-52.76922703,SPRF-PA,DEL04-PA,UOP01-DEL04-PA
657769,2025-01-27,segunda-feira,16:40:00,PA,10,74,RONDON DO PARA,Acessar a via sem observar a presença dos outros veículos,Colisão transversal,Com Vítimas Feridas,Pleno dia,Crescente,Céu Claro,Simples,Reta,Sim,2,0,0,1,1,0,1,2,-4.58559018,-47.85541534,SPRF-PA,DEL02-PA,UOP02-DEL02-PA
657983,2025-01-29,quarta-feira,00:30:00,PA,316,29,SANTA IZABEL DO PARA,Condutor Dormindo,Colisão traseira,Com Vítimas Feridas,Plena Noite,Decrescente,Céu Claro,Dupla,Reta,Não,2,0,1,0,1,0,1,2,-1.3025866,-48.1965672,SPRF-PA,DEL01-PA,UOP01-DEL01-PA
658303,2025-01-30,quinta-feira,20:45:00,PA,10,217,IPIXUNA DO PARA,Acessar a via sem observar a presença dos outros veículos,Colisão traseira,Com Vítimas Feridas,Plena Noite,Crescente,Garoa/Chuvisco,Simples,Reta;Aclive,Não,3,0,1,0,2,0,1,2,-2.53902584,-47.49819061,SPRF-PA,DEL02-PA,UOP01-DEL02-PA
658311,2025-01-30,quinta-feira,22:30:00,PA,316,56,CASTANHAL,Reação tardia ou ineficiente do condutor,Capotamento,Com Vítimas Feridas,Plena Noite,Crescente,Nublado,Dupla,Aclive;Reta,Sim,3,0,2,0,0,1,2,1,-1.30296976,-47.99063907,SPRF-PA,DEL01-PA,UOP01-DEL01-PA
658352,2025-01-31,sexta-feira,00:45:00,PA,163,644,ITAITUBA,Animais na Pista,Atropelamento de Animal,Sem Vítimas,Plena Noite,Decrescente,Céu Claro,Simples,Reta;Declive,Não,2,0,0,0,2,0,0,1,-4.55704148,-55.92057324,SPRF-PA,DEL05-PA,UOP02-DEL05-PA
658583,2025-01-16,quinta-feira,13:10:00,PA,163,572,TRAIRAO,Acessar a via sem observar a presença dos outros veículos,Colisão transversal,Com Vítimas Feridas,Pleno dia,Decrescente,Nublado,Simples,Reta;Declive,Não,4,0,0,1,3,0,1,2,-5.04193667,-56.18318859,SPRF-PA,DEL05-PA,UOP03-DEL05-PA
659210,2025-01-19,domingo,19:45:00,PA,230,124,MARABA,Transitar na contramão,Colisão frontal,Com Vítimas Fatais,Plena Noite,Crescente,Céu Claro,Simples,Reta,Sim,2,1,0,0,1,0,0,2,-5.37407079,-49.13575802,SPRF-PA,DEL03-PA,UOP01-DEL03-PA
659983,2025-01-03,sexta-feira,05:40:00,PA,222,"97,4",RONDON DO PARA,Objeto estático sobre o leito carroçável,Colisão com objeto,Com Vítimas Feridas,Amanhecer,Crescente,Chuva,Simples,Reta;Declive,Não,1,0,0,1,0,0,1,1,-4.731023,-48.019905,SPRF-PA,DEL02-PA,UOP02-DEL02-PA
660886,2025-01-15,quarta-feira,17:30:00,PA,163,971,BELTERRA,Acessar a via sem observar a presença dos outros veículos,Colisão transversal,Com Vítimas Feridas,Pleno dia,Crescente,Céu Claro,Simples,Reta,Sim,3,0,1,0,2,0,1,2,-2.65280362,-54.82740208,SPRF-PA,DEL05-PA,UOP01-DEL05-PA